SourceFamily,CaseFolder,CaseIndex,case_id,solver_group,language,parallel_model,kernel_style,N,Re,scheme,pressure,steps,poisson_iters,total_cores,mpi_ranks,threads_per_rank,runs,runtime_min_s,runtime_mean_s,runtime_median_s,baseline_cores,baseline_runtime_s,speedup_vs_baseline,parallel_efficiency,successful_repeats,Runtime_s_mean,Runtime_s_std,Runtime_s_min,Runtime_s_max
openmp,openmp_case_1,1,case1_N32_Re100_upwind_steps1000_p200,c_openmp_domain_looped,c,openmp_domain,looped,32,100,upwind,RBGS,1000.0,200.0,1.0,1,1.0,3.0,1.144075271,1.146292857,1.1470108,1.0,1.1470108,1.0,1.0,,,,,
openmp,openmp_case_1,1,case1_N32_Re100_upwind_steps1000_p200,c_openmp_domain_looped,c,openmp_domain,looped,32,100,upwind,RBSOR,1000.0,200.0,1.0,1,1.0,3.0,0.6742018237999999,0.6750669268,0.6753695719,1.0,0.6753695719,1.0,1.0,,,,,
openmp,openmp_case_1,1,case1_N32_Re100_upwind_steps1000_p200,c_openmp_domain_looped,c,openmp_domain,looped,32,100,upwind,RBGS,1000.0,200.0,2.0,1,2.0,3.0,1.504284486,1.590225556,1.5123845,1.0,1.1470108,0.758412,0.379206,,,,,
openmp,openmp_case_1,1,case1_N32_Re100_upwind_steps1000_p200,c_openmp_domain_looped,c,openmp_domain,looped,32,100,upwind,RBSOR,1000.0,200.0,2.0,1,2.0,3.0,0.8528426103,0.8680330787999999,0.8545780033,1.0,0.6753695719,0.790296,0.395148,,,,,
openmp,openmp_case_1,1,case1_N32_Re100_upwind_steps1000_p200,c_openmp_domain_looped,c,openmp_domain,looped,32,100,upwind,RBGS,1000.0,200.0,4.0,1,4.0,3.0,2.101522576,2.118302535,2.122898202,1.0,1.1470108,0.540304,0.135076,,,,,
openmp,openmp_case_1,1,case1_N32_Re100_upwind_steps1000_p200,c_openmp_domain_looped,c,openmp_domain,looped,32,100,upwind,RBSOR,1000.0,200.0,4.0,1,4.0,3.0,1.162200373,1.166220171,1.162614495,1.0,0.6753695719,0.580906,0.145226,,,,,
openmp,openmp_case_1,1,case1_N32_Re100_upwind_steps1000_p200,c_openmp_domain_looped,c,openmp_domain,looped,32,100,upwind,RBGS,1000.0,200.0,8.0,1,8.0,3.0,3.409152005,3.577874201,3.618004497,1.0,1.1470108,0.317029,0.0396286,,,,,
openmp,openmp_case_1,1,case1_N32_Re100_upwind_steps1000_p200,c_openmp_domain_looped,c,openmp_domain,looped,32,100,upwind,RBSOR,1000.0,200.0,8.0,1,8.0,3.0,1.896988064,1.912413581,1.9101413530000002,1.0,0.6753695719,0.35357,0.0441963,,,,,
openmp,openmp_case_1,1,case1_N32_Re100_upwind_steps1000_p200,c_openmp_domain_looped,c,openmp_domain,looped,32,100,upwind,RBGS,1000.0,200.0,16.0,1,16.0,3.0,7.145733982,7.5678072510000005,7.563461717000001,1.0,1.1470108,0.151652,0.00947822,,,,,
openmp,openmp_case_1,1,case1_N32_Re100_upwind_steps1000_p200,c_openmp_domain_looped,c,openmp_domain,looped,32,100,upwind,RBSOR,1000.0,200.0,16.0,1,16.0,3.0,3.968414821,4.782716677,4.25260324,1.0,0.6753695719,0.158813,0.00992583,,,,,
openmp,openmp_case_1,1,case1_N32_Re100_upwind_steps1000_p200,c_openmp_domain_vectorized,c,openmp_domain,vectorized,32,100,upwind,RBGS,1000.0,200.0,1.0,1,1.0,3.0,0.9031774923,0.9056988582,0.9059580863,1.0,0.9059580863,1.0,1.0,,,,,
openmp,openmp_case_1,1,case1_N32_Re100_upwind_steps1000_p200,c_openmp_domain_vectorized,c,openmp_domain,vectorized,32,100,upwind,RBSOR,1000.0,200.0,1.0,1,1.0,3.0,0.5173513964,0.5196549383,0.5207439959000001,1.0,0.5207439959000001,1.0,1.0,,,,,
openmp,openmp_case_1,1,case1_N32_Re100_upwind_steps1000_p200,c_openmp_domain_vectorized,c,openmp_domain,vectorized,32,100,upwind,RBGS,1000.0,200.0,2.0,1,2.0,3.0,1.364917055,1.3806062540000001,1.378000189,1.0,0.9059580863,0.6574439999999999,0.32872199999999996,,,,,
openmp,openmp_case_1,1,case1_N32_Re100_upwind_steps1000_p200,c_openmp_domain_vectorized,c,openmp_domain,vectorized,32,100,upwind,RBSOR,1000.0,200.0,2.0,1,2.0,3.0,0.7545270622,0.7692160581999999,0.7694740929,1.0,0.5207439959000001,0.6767529999999999,0.338377,,,,,
openmp,openmp_case_1,1,case1_N32_Re100_upwind_steps1000_p200,c_openmp_domain_vectorized,c,openmp_domain,vectorized,32,100,upwind,RBGS,1000.0,200.0,4.0,1,4.0,3.0,2.037067812,2.075751101,2.083616029,1.0,0.9059580863,0.43480100000000005,0.1087,,,,,
openmp,openmp_case_1,1,case1_N32_Re100_upwind_steps1000_p200,c_openmp_domain_vectorized,c,openmp_domain,vectorized,32,100,upwind,RBSOR,1000.0,200.0,4.0,1,4.0,3.0,1.125358649,1.1408947,1.125896193,1.0,0.5207439959000001,0.46251499999999995,0.115629,,,,,
openmp,openmp_case_1,1,case1_N32_Re100_upwind_steps1000_p200,c_openmp_domain_vectorized,c,openmp_domain,vectorized,32,100,upwind,RBGS,1000.0,200.0,8.0,1,8.0,3.0,3.513646278,3.583840194,3.608292703,1.0,0.9059580863,0.251077,0.0313846,,,,,
openmp,openmp_case_1,1,case1_N32_Re100_upwind_steps1000_p200,c_openmp_domain_vectorized,c,openmp_domain,vectorized,32,100,upwind,RBSOR,1000.0,200.0,8.0,1,8.0,3.0,1.905333884,1.944928223,1.931355406,1.0,0.5207439959000001,0.26962600000000003,0.0337033,,,,,
openmp,openmp_case_1,1,case1_N32_Re100_upwind_steps1000_p200,c_openmp_domain_vectorized,c,openmp_domain,vectorized,32,100,upwind,RBGS,1000.0,200.0,16.0,1,16.0,3.0,7.171905099999999,7.55613367,7.516617525,1.0,0.9059580863,0.120527,0.00753296,,,,,
openmp,openmp_case_1,1,case1_N32_Re100_upwind_steps1000_p200,c_openmp_domain_vectorized,c,openmp_domain,vectorized,32,100,upwind,RBSOR,1000.0,200.0,16.0,1,16.0,3.0,3.829637855,4.657270982,4.066999696,1.0,0.5207439959000001,0.12804100000000002,0.00800258,,,,,
openmp,openmp_case_1,1,case1_N32_Re100_upwind_steps1000_p200,cpp_openmp_domain_looped,cpp,openmp_domain,looped,32,100,upwind,RBGS,1000.0,200.0,1.0,1,1.0,3.0,1.140458535,1.145395639,1.14312128,1.0,1.14312128,1.0,1.0,,,,,
openmp,openmp_case_1,1,case1_N32_Re100_upwind_steps1000_p200,cpp_openmp_domain_looped,cpp,openmp_domain,looped,32,100,upwind,RBSOR,1000.0,200.0,1.0,1,1.0,3.0,0.6739010401000001,0.6769549039,0.6747143939,1.0,0.6747143939,1.0,1.0,,,,,
openmp,openmp_case_1,1,case1_N32_Re100_upwind_steps1000_p200,cpp_openmp_domain_looped,cpp,openmp_domain,looped,32,100,upwind,RBGS,1000.0,200.0,2.0,1,2.0,3.0,1.434790403,1.516117875,1.4401852819999998,1.0,1.14312128,0.793732,0.396866,,,,,
openmp,openmp_case_1,1,case1_N32_Re100_upwind_steps1000_p200,cpp_openmp_domain_looped,cpp,openmp_domain,looped,32,100,upwind,RBSOR,1000.0,200.0,2.0,1,2.0,3.0,0.8107591979000001,0.864543053,0.8234121874,1.0,0.6747143939,0.819413,0.409706,,,,,
openmp,openmp_case_1,1,case1_N32_Re100_upwind_steps1000_p200,cpp_openmp_domain_looped,cpp,openmp_domain,looped,32,100,upwind,RBGS,1000.0,200.0,4.0,1,4.0,3.0,1.873169139,1.880525908,1.877736446,1.0,1.14312128,0.608776,0.152194,,,,,
openmp,openmp_case_1,1,case1_N32_Re100_upwind_steps1000_p200,cpp_openmp_domain_looped,cpp,openmp_domain,looped,32,100,upwind,RBSOR,1000.0,200.0,4.0,1,4.0,3.0,0.9848821051000001,1.024677025,1.033705831,1.0,0.6747143939,0.652714,0.163179,,,,,
openmp,openmp_case_1,1,case1_N32_Re100_upwind_steps1000_p200,cpp_openmp_domain_looped,cpp,openmp_domain,looped,32,100,upwind,RBGS,1000.0,200.0,8.0,1,8.0,3.0,3.272923835,3.294435893,3.288527321,1.0,1.14312128,0.347609,0.0434511,,,,,
openmp,openmp_case_1,1,case1_N32_Re100_upwind_steps1000_p200,cpp_openmp_domain_looped,cpp,openmp_domain,looped,32,100,upwind,RBSOR,1000.0,200.0,8.0,1,8.0,3.0,1.784283593,1.79001256,1.7905737869999998,1.0,0.6747143939,0.376815,0.047101800000000006,,,,,
openmp,openmp_case_1,1,case1_N32_Re100_upwind_steps1000_p200,cpp_openmp_domain_looped,cpp,openmp_domain,looped,32,100,upwind,RBGS,1000.0,200.0,16.0,1,16.0,3.0,6.437407362999999,7.388708461,6.669408441,1.0,1.14312128,0.171398,0.010712399999999999,,,,,
openmp,openmp_case_1,1,case1_N32_Re100_upwind_steps1000_p200,cpp_openmp_domain_looped,cpp,openmp_domain,looped,32,100,upwind,RBSOR,1000.0,200.0,16.0,1,16.0,3.0,3.466290425,3.5150355710000003,3.528189972,1.0,0.6747143939,0.191235,0.011952200000000001,,,,,
openmp,openmp_case_1,1,case1_N32_Re100_upwind_steps1000_p200,cpp_openmp_domain_vectorized,cpp,openmp_domain,vectorized,32,100,upwind,RBGS,1000.0,200.0,1.0,1,1.0,3.0,0.9018642493000001,0.9031281012000001,0.9021064043000001,1.0,0.9021064043000001,1.0,1.0,,,,,
openmp,openmp_case_1,1,case1_N32_Re100_upwind_steps1000_p200,cpp_openmp_domain_vectorized,cpp,openmp_domain,vectorized,32,100,upwind,RBSOR,1000.0,200.0,1.0,1,1.0,3.0,0.5182533078,0.5193866839,0.5189073347,1.0,0.5189073347,1.0,1.0,,,,,
openmp,openmp_case_1,1,case1_N32_Re100_upwind_steps1000_p200,cpp_openmp_domain_vectorized,cpp,openmp_domain,vectorized,32,100,upwind,RBGS,1000.0,200.0,2.0,1,2.0,3.0,1.373942275,1.4571712030000001,1.377976198,1.0,0.9021064043000001,0.65466,0.32733,,,,,
openmp,openmp_case_1,1,case1_N32_Re100_upwind_steps1000_p200,cpp_openmp_domain_vectorized,cpp,openmp_domain,vectorized,32,100,upwind,RBSOR,1000.0,200.0,2.0,1,2.0,3.0,0.7744947337,0.8190256456999999,0.7843091823,1.0,0.5189073347,0.661611,0.330805,,,,,
openmp,openmp_case_1,1,case1_N32_Re100_upwind_steps1000_p200,cpp_openmp_domain_vectorized,cpp,openmp_domain,vectorized,32,100,upwind,RBGS,1000.0,200.0,4.0,1,4.0,3.0,1.8313343119999999,1.839283445,1.842404168,1.0,0.9021064043000001,0.48963500000000004,0.12240899999999999,,,,,
openmp,openmp_case_1,1,case1_N32_Re100_upwind_steps1000_p200,cpp_openmp_domain_vectorized,cpp,openmp_domain,vectorized,32,100,upwind,RBSOR,1000.0,200.0,4.0,1,4.0,3.0,1.008120209,1.0147165870000001,1.016011458,1.0,0.5189073347,0.51073,0.127682,,,,,
openmp,openmp_case_1,1,case1_N32_Re100_upwind_steps1000_p200,cpp_openmp_domain_vectorized,cpp,openmp_domain,vectorized,32,100,upwind,RBGS,1000.0,200.0,8.0,1,8.0,3.0,3.1495531760000004,3.233652249,3.273992926,1.0,0.9021064043000001,0.275537,0.034442099999999996,,,,,
openmp,openmp_case_1,1,case1_N32_Re100_upwind_steps1000_p200,cpp_openmp_domain_vectorized,cpp,openmp_domain,vectorized,32,100,upwind,RBSOR,1000.0,200.0,8.0,1,8.0,3.0,1.714439221,1.7556539690000001,1.7717458080000001,1.0,0.5189073347,0.292879,0.0366099,,,,,
openmp,openmp_case_1,1,case1_N32_Re100_upwind_steps1000_p200,cpp_openmp_domain_vectorized,cpp,openmp_domain,vectorized,32,100,upwind,RBGS,1000.0,200.0,16.0,1,16.0,3.0,6.311367195,6.649504127999999,6.348606929,1.0,0.9021064043000001,0.142095,0.00888095,,,,,
openmp,openmp_case_1,1,case1_N32_Re100_upwind_steps1000_p200,cpp_openmp_domain_vectorized,cpp,openmp_domain,vectorized,32,100,upwind,RBSOR,1000.0,200.0,16.0,1,16.0,3.0,3.487076834,4.645284196,3.719547935,1.0,0.5189073347,0.139508,0.00871926,,,,,
openmp,openmp_case_2,2,case1_N32_Re100_central_steps1000_p200,c_openmp_domain_looped,c,openmp_domain,looped,32,100,central,RBGS,1000.0,200.0,1.0,1,1.0,3.0,1.13337807,1.144092898,1.1408992709999999,1.0,1.1408992709999999,1.0,1.0,,,,,
openmp,openmp_case_2,2,case1_N32_Re100_central_steps1000_p200,c_openmp_domain_looped,c,openmp_domain,looped,32,100,central,RBSOR,1000.0,200.0,1.0,1,1.0,3.0,0.6691173762,0.674124226,0.673324503,1.0,0.673324503,1.0,1.0,,,,,
openmp,openmp_case_2,2,case1_N32_Re100_central_steps1000_p200,c_openmp_domain_looped,c,openmp_domain,looped,32,100,central,RBGS,1000.0,200.0,2.0,1,2.0,3.0,1.480640367,1.581334258,1.510417744,1.0,1.1408992709999999,0.7553529999999999,0.377677,,,,,
openmp,openmp_case_2,2,case1_N32_Re100_central_steps1000_p200,c_openmp_domain_looped,c,openmp_domain,looped,32,100,central,RBSOR,1000.0,200.0,2.0,1,2.0,3.0,0.8608477004,0.86374014,0.8650187254,1.0,0.673324503,0.778393,0.389196,,,,,
openmp,openmp_case_2,2,case1_N32_Re100_central_steps1000_p200,c_openmp_domain_looped,c,openmp_domain,looped,32,100,central,RBGS,1000.0,200.0,4.0,1,4.0,3.0,2.09853166,2.122081871,2.128146295,1.0,1.1408992709999999,0.5361,0.134025,,,,,
openmp,openmp_case_2,2,case1_N32_Re100_central_steps1000_p200,c_openmp_domain_looped,c,openmp_domain,looped,32,100,central,RBSOR,1000.0,200.0,4.0,1,4.0,3.0,1.1658656859999998,1.1707511999999998,1.173190273,1.0,0.673324503,0.573926,0.143482,,,,,
openmp,openmp_case_2,2,case1_N32_Re100_central_steps1000_p200,c_openmp_domain_looped,c,openmp_domain,looped,32,100,central,RBGS,1000.0,200.0,8.0,1,8.0,3.0,3.485723324,3.507173803,3.496480763,1.0,1.1408992709999999,0.326299,0.0407874,,,,,
openmp,openmp_case_2,2,case1_N32_Re100_central_steps1000_p200,c_openmp_domain_looped,c,openmp_domain,looped,32,100,central,RBSOR,1000.0,200.0,8.0,1,8.0,3.0,1.907129932,1.950651851,1.919217411,1.0,0.673324503,0.350833,0.0438541,,,,,
openmp,openmp_case_2,2,case1_N32_Re100_central_steps1000_p200,c_openmp_domain_looped,c,openmp_domain,looped,32,100,central,RBGS,1000.0,200.0,16.0,1,16.0,3.0,7.354806422999999,7.585960377,7.377594356,1.0,1.1408992709999999,0.154644,0.00966524,,,,,
openmp,openmp_case_2,2,case1_N32_Re100_central_steps1000_p200,c_openmp_domain_looped,c,openmp_domain,looped,32,100,central,RBSOR,1000.0,200.0,16.0,1,16.0,3.0,3.9937388410000003,4.762309093,4.472543821,1.0,0.673324503,0.150546,0.00940914,,,,,
openmp,openmp_case_2,2,case1_N32_Re100_central_steps1000_p200,c_openmp_domain_vectorized,c,openmp_domain,vectorized,32,100,central,RBGS,1000.0,200.0,1.0,1,1.0,3.0,0.8942263051999999,0.8966770829999999,0.8977954498999999,1.0,0.8977954498999999,1.0,1.0,,,,,
openmp,openmp_case_2,2,case1_N32_Re100_central_steps1000_p200,c_openmp_domain_vectorized,c,openmp_domain,vectorized,32,100,central,RBSOR,1000.0,200.0,1.0,1,1.0,3.0,0.5046789161999999,0.5050548663000001,0.5050293431,1.0,0.5050293431,1.0,1.0,,,,,
openmp,openmp_case_2,2,case1_N32_Re100_central_steps1000_p200,c_openmp_domain_vectorized,c,openmp_domain,vectorized,32,100,central,RBGS,1000.0,200.0,2.0,1,2.0,3.0,1.365075845,1.4028386,1.416866351,1.0,0.8977954498999999,0.633649,0.316824,,,,,
openmp,openmp_case_2,2,case1_N32_Re100_central_steps1000_p200,c_openmp_domain_vectorized,c,openmp_domain,vectorized,32,100,central,RBSOR,1000.0,200.0,2.0,1,2.0,3.0,0.7808597423,0.8181319646999999,0.7917077169,1.0,0.5050293431,0.637899,0.318949,,,,,
openmp,openmp_case_2,2,case1_N32_Re100_central_steps1000_p200,c_openmp_domain_vectorized,c,openmp_domain,vectorized,32,100,central,RBGS,1000.0,200.0,4.0,1,4.0,3.0,2.0551769319999997,2.08063689,2.083915204,1.0,0.8977954498999999,0.430821,0.107705,,,,,
openmp,openmp_case_2,2,case1_N32_Re100_central_steps1000_p200,c_openmp_domain_vectorized,c,openmp_domain,vectorized,32,100,central,RBSOR,1000.0,200.0,4.0,1,4.0,3.0,1.133083198,1.143650501,1.1426681840000001,1.0,0.5050293431,0.441974,0.11049300000000001,,,,,
openmp,openmp_case_2,2,case1_N32_Re100_central_steps1000_p200,c_openmp_domain_vectorized,c,openmp_domain,vectorized,32,100,central,RBGS,1000.0,200.0,8.0,1,8.0,3.0,3.4775251480000002,3.545739673,3.533499949,1.0,0.8977954498999999,0.254081,0.0317601,,,,,
openmp,openmp_case_2,2,case1_N32_Re100_central_steps1000_p200,c_openmp_domain_vectorized,c,openmp_domain,vectorized,32,100,central,RBSOR,1000.0,200.0,8.0,1,8.0,3.0,1.92355432,1.9461122030000002,1.927935291,1.0,0.5050293431,0.26195300000000005,0.0327442,,,,,
openmp,openmp_case_2,2,case1_N32_Re100_central_steps1000_p200,c_openmp_domain_vectorized,c,openmp_domain,vectorized,32,100,central,RBGS,1000.0,200.0,16.0,1,16.0,3.0,7.137688935,7.166252752999999,7.157637618,1.0,0.8977954498999999,0.125432,0.00783949,,,,,
openmp,openmp_case_2,2,case1_N32_Re100_central_steps1000_p200,c_openmp_domain_vectorized,c,openmp_domain,vectorized,32,100,central,RBSOR,1000.0,200.0,16.0,1,16.0,3.0,4.0635349419999995,4.6480769539999995,4.907511707,1.0,0.5050293431,0.10290899999999999,0.00643184,,,,,
openmp,openmp_case_2,2,case1_N32_Re100_central_steps1000_p200,cpp_openmp_domain_looped,cpp,openmp_domain,looped,32,100,central,RBGS,1000.0,200.0,1.0,1,1.0,3.0,1.12939493,1.131130343,1.1307642390000001,1.0,1.1307642390000001,1.0,1.0,,,,,
openmp,openmp_case_2,2,case1_N32_Re100_central_steps1000_p200,cpp_openmp_domain_looped,cpp,openmp_domain,looped,32,100,central,RBSOR,1000.0,200.0,1.0,1,1.0,3.0,0.66520679,0.6660298382000001,0.6657766998,1.0,0.6657766998,1.0,1.0,,,,,
openmp,openmp_case_2,2,case1_N32_Re100_central_steps1000_p200,cpp_openmp_domain_looped,cpp,openmp_domain,looped,32,100,central,RBGS,1000.0,200.0,2.0,1,2.0,3.0,1.44541743,1.531538997,1.4597947080000002,1.0,1.1307642390000001,0.774605,0.387302,,,,,
openmp,openmp_case_2,2,case1_N32_Re100_central_steps1000_p200,cpp_openmp_domain_looped,cpp,openmp_domain,looped,32,100,central,RBSOR,1000.0,200.0,2.0,1,2.0,3.0,0.9438677168999999,0.9515427028,0.9507405534000001,1.0,0.6657766998,0.700272,0.350136,,,,,
openmp,openmp_case_2,2,case1_N32_Re100_central_steps1000_p200,cpp_openmp_domain_looped,cpp,openmp_domain,looped,32,100,central,RBGS,1000.0,200.0,4.0,1,4.0,3.0,1.8654734830000002,1.877286685,1.8820857180000001,1.0,1.1307642390000001,0.600804,0.150201,,,,,
openmp,openmp_case_2,2,case1_N32_Re100_central_steps1000_p200,cpp_openmp_domain_looped,cpp,openmp_domain,looped,32,100,central,RBSOR,1000.0,200.0,4.0,1,4.0,3.0,1.038027529,1.041208473,1.040890042,1.0,0.6657766998,0.6396229999999999,0.159906,,,,,
openmp,openmp_case_2,2,case1_N32_Re100_central_steps1000_p200,cpp_openmp_domain_looped,cpp,openmp_domain,looped,32,100,central,RBGS,1000.0,200.0,8.0,1,8.0,3.0,3.2440915969999997,3.267147647,3.2705263639999997,1.0,1.1307642390000001,0.345744,0.043218,,,,,
openmp,openmp_case_2,2,case1_N32_Re100_central_steps1000_p200,cpp_openmp_domain_looped,cpp,openmp_domain,looped,32,100,central,RBSOR,1000.0,200.0,8.0,1,8.0,3.0,1.773906723,1.794125854,1.800525978,1.0,0.6657766998,0.369768,0.046221,,,,,
openmp,openmp_case_2,2,case1_N32_Re100_central_steps1000_p200,cpp_openmp_domain_looped,cpp,openmp_domain,looped,32,100,central,RBGS,1000.0,200.0,16.0,1,16.0,3.0,6.55757181,7.1716162610000005,6.95877061,1.0,1.1307642390000001,0.162495,0.010155899999999999,,,,,
openmp,openmp_case_2,2,case1_N32_Re100_central_steps1000_p200,cpp_openmp_domain_looped,cpp,openmp_domain,looped,32,100,central,RBSOR,1000.0,200.0,16.0,1,16.0,3.0,3.655613493,3.9472060860000004,3.7534621280000002,1.0,0.6657766998,0.177377,0.011086,,,,,
openmp,openmp_case_2,2,case1_N32_Re100_central_steps1000_p200,cpp_openmp_domain_vectorized,cpp,openmp_domain,vectorized,32,100,central,RBGS,1000.0,200.0,1.0,1,1.0,3.0,0.893013265,0.8959108379999999,0.8953196070999999,1.0,0.8953196070999999,1.0,1.0,,,,,
openmp,openmp_case_2,2,case1_N32_Re100_central_steps1000_p200,cpp_openmp_domain_vectorized,cpp,openmp_domain,vectorized,32,100,central,RBSOR,1000.0,200.0,1.0,1,1.0,3.0,0.5046291761,0.505399391,0.5055801533,1.0,0.5055801533,1.0,1.0,,,,,
openmp,openmp_case_2,2,case1_N32_Re100_central_steps1000_p200,cpp_openmp_domain_vectorized,cpp,openmp_domain,vectorized,32,100,central,RBGS,1000.0,200.0,2.0,1,2.0,3.0,1.374494579,1.457515186,1.385813605,1.0,0.8953196070999999,0.646061,0.32303000000000004,,,,,
openmp,openmp_case_2,2,case1_N32_Re100_central_steps1000_p200,cpp_openmp_domain_vectorized,cpp,openmp_domain,vectorized,32,100,central,RBSOR,1000.0,200.0,2.0,1,2.0,3.0,0.764552325,0.8115219213,0.7670299187,1.0,0.5055801533,0.65914,0.32957,,,,,
openmp,openmp_case_2,2,case1_N32_Re100_central_steps1000_p200,cpp_openmp_domain_vectorized,cpp,openmp_domain,vectorized,32,100,central,RBGS,1000.0,200.0,4.0,1,4.0,3.0,1.812490355,1.828033367,1.8272685819999999,1.0,0.8953196070999999,0.48997700000000005,0.122494,,,,,
openmp,openmp_case_2,2,case1_N32_Re100_central_steps1000_p200,cpp_openmp_domain_vectorized,cpp,openmp_domain,vectorized,32,100,central,RBSOR,1000.0,200.0,4.0,1,4.0,3.0,1.0078794290000002,1.0229677609999999,1.018520776,1.0,0.5055801533,0.49638699999999997,0.124097,,,,,
openmp,openmp_case_2,2,case1_N32_Re100_central_steps1000_p200,cpp_openmp_domain_vectorized,cpp,openmp_domain,vectorized,32,100,central,RBGS,1000.0,200.0,8.0,1,8.0,3.0,3.1859039069999997,3.26037628,3.287687741,1.0,0.8953196070999999,0.272325,0.0340406,,,,,
openmp,openmp_case_2,2,case1_N32_Re100_central_steps1000_p200,cpp_openmp_domain_vectorized,cpp,openmp_domain,vectorized,32,100,central,RBSOR,1000.0,200.0,8.0,1,8.0,3.0,1.7634274769999998,1.7801044680000002,1.7801882919999998,1.0,0.5055801533,0.284004,0.0355005,,,,,
openmp,openmp_case_2,2,case1_N32_Re100_central_steps1000_p200,cpp_openmp_domain_vectorized,cpp,openmp_domain,vectorized,32,100,central,RBGS,1000.0,200.0,16.0,1,16.0,3.0,7.248805624,7.589058998,7.266217709,1.0,0.8953196070999999,0.12321700000000001,0.00770105,,,,,
openmp,openmp_case_2,2,case1_N32_Re100_central_steps1000_p200,cpp_openmp_domain_vectorized,cpp,openmp_domain,vectorized,32,100,central,RBSOR,1000.0,200.0,16.0,1,16.0,3.0,3.462446895,4.59689215,3.536203548,1.0,0.5055801533,0.142973,0.00893579,,,,,
openmp,openmp_case_3,3,case1_N32_Re400_upwind_steps1000_p200,c_openmp_domain_looped,c,openmp_domain,looped,32,400,upwind,RBGS,1000.0,200.0,1.0,1,1.0,3.0,1.08661972,1.089022372,1.089502711,1.0,1.089502711,1.0,1.0,,,,,
openmp,openmp_case_3,3,case1_N32_Re400_upwind_steps1000_p200,c_openmp_domain_looped,c,openmp_domain,looped,32,400,upwind,RBSOR,1000.0,200.0,1.0,1,1.0,3.0,0.6502219886,0.6561629586,0.6532900110000001,1.0,0.6532900110000001,1.0,1.0,,,,,
openmp,openmp_case_3,3,case1_N32_Re400_upwind_steps1000_p200,c_openmp_domain_looped,c,openmp_domain,looped,32,400,upwind,RBGS,1000.0,200.0,2.0,1,2.0,3.0,1.45381771,1.589977985,1.654674288,1.0,1.089502711,0.658439,0.32921999999999996,,,,,
openmp,openmp_case_3,3,case1_N32_Re400_upwind_steps1000_p200,c_openmp_domain_looped,c,openmp_domain,looped,32,400,upwind,RBSOR,1000.0,200.0,2.0,1,2.0,3.0,0.8185253777,0.8197684065,0.8201309703,1.0,0.6532900110000001,0.796568,0.398284,,,,,
openmp,openmp_case_3,3,case1_N32_Re400_upwind_steps1000_p200,c_openmp_domain_looped,c,openmp_domain,looped,32,400,upwind,RBGS,1000.0,200.0,4.0,1,4.0,3.0,1.986335646,2.009322399,2.018348564,1.0,1.089502711,0.539799,0.13495,,,,,
openmp,openmp_case_3,3,case1_N32_Re400_upwind_steps1000_p200,c_openmp_domain_looped,c,openmp_domain,looped,32,400,upwind,RBSOR,1000.0,200.0,4.0,1,4.0,3.0,1.112955265,1.125187119,1.120501138,1.0,0.6532900110000001,0.583034,0.145758,,,,,
openmp,openmp_case_3,3,case1_N32_Re400_upwind_steps1000_p200,c_openmp_domain_looped,c,openmp_domain,looped,32,400,upwind,RBGS,1000.0,200.0,8.0,1,8.0,3.0,3.253555097,3.2889954489999997,3.2975256930000003,1.0,1.089502711,0.3304,0.0413,,,,,
openmp,openmp_case_3,3,case1_N32_Re400_upwind_steps1000_p200,c_openmp_domain_looped,c,openmp_domain,looped,32,400,upwind,RBSOR,1000.0,200.0,8.0,1,8.0,3.0,1.8233507869999999,1.836307945,1.83909991,1.0,0.6532900110000001,0.355223,0.0444028,,,,,
openmp,openmp_case_3,3,case1_N32_Re400_upwind_steps1000_p200,c_openmp_domain_looped,c,openmp_domain,looped,32,400,upwind,RBGS,1000.0,200.0,16.0,1,16.0,3.0,6.62152791,6.801073468999999,6.844903134,1.0,1.089502711,0.15917,0.00994812,,,,,
openmp,openmp_case_3,3,case1_N32_Re400_upwind_steps1000_p200,c_openmp_domain_looped,c,openmp_domain,looped,32,400,upwind,RBSOR,1000.0,200.0,16.0,1,16.0,3.0,3.722278971,4.131691816,3.723264199,1.0,0.6532900110000001,0.17546199999999998,0.0109664,,,,,
openmp,openmp_case_3,3,case1_N32_Re400_upwind_steps1000_p200,c_openmp_domain_vectorized,c,openmp_domain,vectorized,32,400,upwind,RBGS,1000.0,200.0,1.0,1,1.0,3.0,0.8600063323999999,0.8627955914000001,0.8632202073999999,1.0,0.8632202073999999,1.0,1.0,,,,,
openmp,openmp_case_3,3,case1_N32_Re400_upwind_steps1000_p200,c_openmp_domain_vectorized,c,openmp_domain,vectorized,32,400,upwind,RBSOR,1000.0,200.0,1.0,1,1.0,3.0,0.49906503409999997,0.5006586822,0.49906596909999995,1.0,0.49906596909999995,1.0,1.0,,,,,
openmp,openmp_case_3,3,case1_N32_Re400_upwind_steps1000_p200,c_openmp_domain_vectorized,c,openmp_domain,vectorized,32,400,upwind,RBGS,1000.0,200.0,2.0,1,2.0,3.0,1.30051538,1.463792894,1.530217916,1.0,0.8632202073999999,0.564116,0.282058,,,,,
openmp,openmp_case_3,3,case1_N32_Re400_upwind_steps1000_p200,c_openmp_domain_vectorized,c,openmp_domain,vectorized,32,400,upwind,RBSOR,1000.0,200.0,2.0,1,2.0,3.0,0.7505663298,0.7962753562,0.7528664954000001,1.0,0.49906596909999995,0.662888,0.331444,,,,,
openmp,openmp_case_3,3,case1_N32_Re400_upwind_steps1000_p200,c_openmp_domain_vectorized,c,openmp_domain,vectorized,32,400,upwind,RBGS,1000.0,200.0,4.0,1,4.0,3.0,1.951034855,2.005594055,2.010162678,1.0,0.8632202073999999,0.429428,0.107357,,,,,
openmp,openmp_case_3,3,case1_N32_Re400_upwind_steps1000_p200,c_openmp_domain_vectorized,c,openmp_domain,vectorized,32,400,upwind,RBSOR,1000.0,200.0,4.0,1,4.0,3.0,1.05426646,1.065897337,1.0680946820000001,1.0,0.49906596909999995,0.46724899999999997,0.11681199999999999,,,,,
openmp,openmp_case_3,3,case1_N32_Re400_upwind_steps1000_p200,c_openmp_domain_vectorized,c,openmp_domain,vectorized,32,400,upwind,RBGS,1000.0,200.0,8.0,1,8.0,3.0,3.320592221,3.4171985830000002,3.44353123,1.0,0.8632202073999999,0.250679,0.0313348,,,,,
openmp,openmp_case_3,3,case1_N32_Re400_upwind_steps1000_p200,c_openmp_domain_vectorized,c,openmp_domain,vectorized,32,400,upwind,RBSOR,1000.0,200.0,8.0,1,8.0,3.0,1.8271713930000002,1.828621108,1.827854026,1.0,0.49906596909999995,0.273034,0.0341292,,,,,
openmp,openmp_case_3,3,case1_N32_Re400_upwind_steps1000_p200,c_openmp_domain_vectorized,c,openmp_domain,vectorized,32,400,upwind,RBGS,1000.0,200.0,16.0,1,16.0,3.0,6.606611643,6.69403574,6.701637812,1.0,0.8632202073999999,0.128807,0.00805046,,,,,
openmp,openmp_case_3,3,case1_N32_Re400_upwind_steps1000_p200,c_openmp_domain_vectorized,c,openmp_domain,vectorized,32,400,upwind,RBSOR,1000.0,200.0,16.0,1,16.0,3.0,3.7004191019999997,3.871743369,3.7685013410000003,1.0,0.49906596909999995,0.132431,0.00827693,,,,,
openmp,openmp_case_3,3,case1_N32_Re400_upwind_steps1000_p200,cpp_openmp_domain_looped,cpp,openmp_domain,looped,32,400,upwind,RBGS,1000.0,200.0,1.0,1,1.0,3.0,1.086817626,1.0975223459999999,1.088866394,1.0,1.088866394,1.0,1.0,,,,,
openmp,openmp_case_3,3,case1_N32_Re400_upwind_steps1000_p200,cpp_openmp_domain_looped,cpp,openmp_domain,looped,32,400,upwind,RBSOR,1000.0,200.0,1.0,1,1.0,3.0,0.6500772871,0.6546456727000001,0.6537090465,1.0,0.6537090465,1.0,1.0,,,,,
openmp,openmp_case_3,3,case1_N32_Re400_upwind_steps1000_p200,cpp_openmp_domain_looped,cpp,openmp_domain,looped,32,400,upwind,RBGS,1000.0,200.0,2.0,1,2.0,3.0,1.3706329019999999,1.529725345,1.6040326880000002,1.0,1.088866394,0.6788310000000001,0.339415,,,,,
openmp,openmp_case_3,3,case1_N32_Re400_upwind_steps1000_p200,cpp_openmp_domain_looped,cpp,openmp_domain,looped,32,400,upwind,RBSOR,1000.0,200.0,2.0,1,2.0,3.0,0.7899570279000001,0.80582726,0.8101367429,1.0,0.6537090465,0.806912,0.403456,,,,,
openmp,openmp_case_3,3,case1_N32_Re400_upwind_steps1000_p200,cpp_openmp_domain_looped,cpp,openmp_domain,looped,32,400,upwind,RBGS,1000.0,200.0,4.0,1,4.0,3.0,1.758449256,1.77811475,1.781147223,1.0,1.088866394,0.611329,0.152832,,,,,
openmp,openmp_case_3,3,case1_N32_Re400_upwind_steps1000_p200,cpp_openmp_domain_looped,cpp,openmp_domain,looped,32,400,upwind,RBSOR,1000.0,200.0,4.0,1,4.0,3.0,0.9948639311,1.0079664990000001,1.006491758,1.0,0.6537090465,0.649493,0.162373,,,,,
openmp,openmp_case_3,3,case1_N32_Re400_upwind_steps1000_p200,cpp_openmp_domain_looped,cpp,openmp_domain,looped,32,400,upwind,RBGS,1000.0,200.0,8.0,1,8.0,3.0,3.059528172,3.109373623,3.125757731,1.0,1.088866394,0.348353,0.043544099999999995,,,,,
openmp,openmp_case_3,3,case1_N32_Re400_upwind_steps1000_p200,cpp_openmp_domain_looped,cpp,openmp_domain,looped,32,400,upwind,RBSOR,1000.0,200.0,8.0,1,8.0,3.0,1.677771084,1.718975219,1.733696811,1.0,0.6537090465,0.37706100000000004,0.0471326,,,,,
openmp,openmp_case_3,3,case1_N32_Re400_upwind_steps1000_p200,cpp_openmp_domain_looped,cpp,openmp_domain,looped,32,400,upwind,RBGS,1000.0,200.0,16.0,1,16.0,3.0,6.060601145,6.375959611,6.136815295,1.0,1.088866394,0.177432,0.0110895,,,,,
openmp,openmp_case_3,3,case1_N32_Re400_upwind_steps1000_p200,cpp_openmp_domain_looped,cpp,openmp_domain,looped,32,400,upwind,RBSOR,1000.0,200.0,16.0,1,16.0,3.0,3.3759581260000004,3.465935412,3.440870687,1.0,0.6537090465,0.189984,0.011874,,,,,
openmp,openmp_case_3,3,case1_N32_Re400_upwind_steps1000_p200,cpp_openmp_domain_vectorized,cpp,openmp_domain,vectorized,32,400,upwind,RBGS,1000.0,200.0,1.0,1,1.0,3.0,0.8597560786,0.8606517228,0.860608615,1.0,0.860608615,1.0,1.0,,,,,
openmp,openmp_case_3,3,case1_N32_Re400_upwind_steps1000_p200,cpp_openmp_domain_vectorized,cpp,openmp_domain,vectorized,32,400,upwind,RBSOR,1000.0,200.0,1.0,1,1.0,3.0,0.4972805046,0.4983322173,0.49777191130000004,1.0,0.49777191130000004,1.0,1.0,,,,,
openmp,openmp_case_3,3,case1_N32_Re400_upwind_steps1000_p200,cpp_openmp_domain_vectorized,cpp,openmp_domain,vectorized,32,400,upwind,RBGS,1000.0,200.0,2.0,1,2.0,3.0,1.3139734790000002,1.3923535969999998,1.321904227,1.0,0.860608615,0.651037,0.325519,,,,,
openmp,openmp_case_3,3,case1_N32_Re400_upwind_steps1000_p200,cpp_openmp_domain_vectorized,cpp,openmp_domain,vectorized,32,400,upwind,RBSOR,1000.0,200.0,2.0,1,2.0,3.0,0.7357566020999999,0.7388500087000001,0.7363063693,1.0,0.49777191130000004,0.6760390000000001,0.33802,,,,,
openmp,openmp_case_3,3,case1_N32_Re400_upwind_steps1000_p200,cpp_openmp_domain_vectorized,cpp,openmp_domain,vectorized,32,400,upwind,RBGS,1000.0,200.0,4.0,1,4.0,3.0,1.715988819,1.7344676030000001,1.734783355,1.0,0.860608615,0.49609,0.12402200000000001,,,,,
openmp,openmp_case_3,3,case1_N32_Re400_upwind_steps1000_p200,cpp_openmp_domain_vectorized,cpp,openmp_domain,vectorized,32,400,upwind,RBSOR,1000.0,200.0,4.0,1,4.0,3.0,0.9589277692,0.9660925803,0.9607630298000001,1.0,0.49777191130000004,0.518101,0.129525,,,,,
openmp,openmp_case_3,3,case1_N32_Re400_upwind_steps1000_p200,cpp_openmp_domain_vectorized,cpp,openmp_domain,vectorized,32,400,upwind,RBGS,1000.0,200.0,8.0,1,8.0,3.0,3.024464562,3.059696041,3.048874661,1.0,0.860608615,0.282271,0.0352839,,,,,
openmp,openmp_case_3,3,case1_N32_Re400_upwind_steps1000_p200,cpp_openmp_domain_vectorized,cpp,openmp_domain,vectorized,32,400,upwind,RBSOR,1000.0,200.0,8.0,1,8.0,3.0,1.671893932,1.7017484019999998,1.7125417669999998,1.0,0.49777191130000004,0.290663,0.036332800000000005,,,,,
openmp,openmp_case_3,3,case1_N32_Re400_upwind_steps1000_p200,cpp_openmp_domain_vectorized,cpp,openmp_domain,vectorized,32,400,upwind,RBGS,1000.0,200.0,16.0,1,16.0,3.0,6.020295347999999,6.235530162000001,6.0617288579999995,1.0,0.860608615,0.141974,0.00887338,,,,,
openmp,openmp_case_3,3,case1_N32_Re400_upwind_steps1000_p200,cpp_openmp_domain_vectorized,cpp,openmp_domain,vectorized,32,400,upwind,RBSOR,1000.0,200.0,16.0,1,16.0,3.0,3.315152209,3.755052547,3.916934002,1.0,0.49777191130000004,0.127082,0.00794263,,,,,
openmp,openmp_case_4,4,case1_N32_Re400_central_steps1000_p200,c_openmp_domain_looped,c,openmp_domain,looped,32,400,central,RBGS,1000.0,200.0,1.0,1,1.0,3.0,1.059764329,1.0645488220000001,1.065052651,1.0,1.065052651,1.0,1.0,,,,,
openmp,openmp_case_4,4,case1_N32_Re400_central_steps1000_p200,c_openmp_domain_looped,c,openmp_domain,looped,32,400,central,RBSOR,1000.0,200.0,1.0,1,1.0,3.0,0.6216503344,0.6238737292000001,0.6234331354,1.0,0.6234331354,1.0,1.0,,,,,
openmp,openmp_case_4,4,case1_N32_Re400_central_steps1000_p200,c_openmp_domain_looped,c,openmp_domain,looped,32,400,central,RBGS,1000.0,200.0,2.0,1,2.0,3.0,1.408374742,1.563714808,1.633142013,1.0,1.065052651,0.652149,0.326075,,,,,
openmp,openmp_case_4,4,case1_N32_Re400_central_steps1000_p200,c_openmp_domain_looped,c,openmp_domain,looped,32,400,central,RBSOR,1000.0,200.0,2.0,1,2.0,3.0,0.789457161,0.8291795998999999,0.7897243612,1.0,0.6234331354,0.789431,0.394716,,,,,
openmp,openmp_case_4,4,case1_N32_Re400_central_steps1000_p200,c_openmp_domain_looped,c,openmp_domain,looped,32,400,central,RBGS,1000.0,200.0,4.0,1,4.0,3.0,1.9429467059999999,1.993491995,2.018215358,1.0,1.065052651,0.52772,0.13193,,,,,
openmp,openmp_case_4,4,case1_N32_Re400_central_steps1000_p200,c_openmp_domain_looped,c,openmp_domain,looped,32,400,central,RBSOR,1000.0,200.0,4.0,1,4.0,3.0,1.0734635000000001,1.078693682,1.078774691,1.0,0.6234331354,0.577909,0.144477,,,,,
openmp,openmp_case_4,4,case1_N32_Re400_central_steps1000_p200,c_openmp_domain_looped,c,openmp_domain,looped,32,400,central,RBGS,1000.0,200.0,8.0,1,8.0,3.0,3.250586629,3.300177277,3.261944435,1.0,1.065052651,0.326509,0.0408136,,,,,
openmp,openmp_case_4,4,case1_N32_Re400_central_steps1000_p200,c_openmp_domain_looped,c,openmp_domain,looped,32,400,central,RBSOR,1000.0,200.0,8.0,1,8.0,3.0,1.7518968169999998,1.7726314380000001,1.778411213,1.0,0.6234331354,0.350556,0.0438195,,,,,
openmp,openmp_case_4,4,case1_N32_Re400_central_steps1000_p200,c_openmp_domain_looped,c,openmp_domain,looped,32,400,central,RBGS,1000.0,200.0,16.0,1,16.0,3.0,6.74148659,7.806981402000001,8.244635403,1.0,1.065052651,0.129181,0.00807383,,,,,
openmp,openmp_case_4,4,case1_N32_Re400_central_steps1000_p200,c_openmp_domain_looped,c,openmp_domain,looped,32,400,central,RBSOR,1000.0,200.0,16.0,1,16.0,3.0,3.5422180219999997,3.601214249,3.607347999,1.0,0.6234331354,0.172823,0.0108014,,,,,
openmp,openmp_case_4,4,case1_N32_Re400_central_steps1000_p200,c_openmp_domain_vectorized,c,openmp_domain,vectorized,32,400,central,RBGS,1000.0,200.0,1.0,1,1.0,3.0,0.832354933,0.8383107359,0.8394696824,1.0,0.8394696824,1.0,1.0,,,,,
openmp,openmp_case_4,4,case1_N32_Re400_central_steps1000_p200,c_openmp_domain_vectorized,c,openmp_domain,vectorized,32,400,central,RBSOR,1000.0,200.0,1.0,1,1.0,3.0,0.470267728,0.4734344656,0.4732439965,1.0,0.4732439965,1.0,1.0,,,,,
openmp,openmp_case_4,4,case1_N32_Re400_central_steps1000_p200,c_openmp_domain_vectorized,c,openmp_domain,vectorized,32,400,central,RBGS,1000.0,200.0,2.0,1,2.0,3.0,1.305436898,1.469747207,1.550974593,1.0,0.8394696824,0.541253,0.270627,,,,,
openmp,openmp_case_4,4,case1_N32_Re400_central_steps1000_p200,c_openmp_domain_vectorized,c,openmp_domain,vectorized,32,400,central,RBSOR,1000.0,200.0,2.0,1,2.0,3.0,0.7162003554,0.7195667637000001,0.7203526645999999,1.0,0.4732439965,0.6569619999999999,0.32848099999999997,,,,,
openmp,openmp_case_4,4,case1_N32_Re400_central_steps1000_p200,c_openmp_domain_vectorized,c,openmp_domain,vectorized,32,400,central,RBGS,1000.0,200.0,4.0,1,4.0,3.0,1.929898128,1.939301201,1.9359267169999999,1.0,0.8394696824,0.43362700000000004,0.10840699999999999,,,,,
openmp,openmp_case_4,4,case1_N32_Re400_central_steps1000_p200,c_openmp_domain_vectorized,c,openmp_domain,vectorized,32,400,central,RBSOR,1000.0,200.0,4.0,1,4.0,3.0,1.034567609,1.035990609,1.034838468,1.0,0.4732439965,0.457312,0.114328,,,,,
openmp,openmp_case_4,4,case1_N32_Re400_central_steps1000_p200,c_openmp_domain_vectorized,c,openmp_domain,vectorized,32,400,central,RBGS,1000.0,200.0,8.0,1,8.0,3.0,3.3923377919999997,3.4186183189999997,3.4186729160000002,1.0,0.8394696824,0.245554,0.030694299999999997,,,,,
openmp,openmp_case_4,4,case1_N32_Re400_central_steps1000_p200,c_openmp_domain_vectorized,c,openmp_domain,vectorized,32,400,central,RBSOR,1000.0,200.0,8.0,1,8.0,3.0,1.7739555569999998,1.7835024480000001,1.787565291,1.0,0.4732439965,0.26474200000000003,0.033092800000000006,,,,,
openmp,openmp_case_4,4,case1_N32_Re400_central_steps1000_p200,c_openmp_domain_vectorized,c,openmp_domain,vectorized,32,400,central,RBGS,1000.0,200.0,16.0,1,16.0,3.0,6.862397339,7.558538153,7.284627672,1.0,0.8394696824,0.11523900000000001,0.00720241,,,,,
openmp,openmp_case_4,4,case1_N32_Re400_central_steps1000_p200,c_openmp_domain_vectorized,c,openmp_domain,vectorized,32,400,central,RBSOR,1000.0,200.0,16.0,1,16.0,3.0,3.09812481,3.49947823,3.672198616,1.0,0.4732439965,0.12887200000000001,0.00805451,,,,,
openmp,openmp_case_4,4,case1_N32_Re400_central_steps1000_p200,cpp_openmp_domain_looped,cpp,openmp_domain,looped,32,400,central,RBGS,1000.0,200.0,1.0,1,1.0,3.0,1.0601689440000002,1.0620423829999999,1.062371865,1.0,1.062371865,1.0,1.0,,,,,
openmp,openmp_case_4,4,case1_N32_Re400_central_steps1000_p200,cpp_openmp_domain_looped,cpp,openmp_domain,looped,32,400,central,RBSOR,1000.0,200.0,1.0,1,1.0,3.0,0.6206803806,0.6209946163000001,0.6207040361999999,1.0,0.6207040361999999,1.0,1.0,,,,,
openmp,openmp_case_4,4,case1_N32_Re400_central_steps1000_p200,cpp_openmp_domain_looped,cpp,openmp_domain,looped,32,400,central,RBGS,1000.0,200.0,2.0,1,2.0,3.0,1.366147108,1.4403011490000002,1.3691439890000001,1.0,1.062371865,0.775939,0.387969,,,,,
openmp,openmp_case_4,4,case1_N32_Re400_central_steps1000_p200,cpp_openmp_domain_looped,cpp,openmp_domain,looped,32,400,central,RBSOR,1000.0,200.0,2.0,1,2.0,3.0,0.7536615059,0.7990361365,0.7565141842,1.0,0.6207040361999999,0.8204790000000001,0.41023999999999994,,,,,
openmp,openmp_case_4,4,case1_N32_Re400_central_steps1000_p200,cpp_openmp_domain_looped,cpp,openmp_domain,looped,32,400,central,RBGS,1000.0,200.0,4.0,1,4.0,3.0,1.747560032,1.7540767430000002,1.7505681180000001,1.0,1.062371865,0.606873,0.15171800000000002,,,,,
openmp,openmp_case_4,4,case1_N32_Re400_central_steps1000_p200,cpp_openmp_domain_looped,cpp,openmp_domain,looped,32,400,central,RBSOR,1000.0,200.0,4.0,1,4.0,3.0,0.917219419,0.9567799444,0.9644288011,1.0,0.6207040361999999,0.643598,0.16089900000000001,,,,,
openmp,openmp_case_4,4,case1_N32_Re400_central_steps1000_p200,cpp_openmp_domain_looped,cpp,openmp_domain,looped,32,400,central,RBGS,1000.0,200.0,8.0,1,8.0,3.0,2.696043216,2.948542892,3.040483978,1.0,1.062371865,0.349409,0.043676099999999995,,,,,
openmp,openmp_case_4,4,case1_N32_Re400_central_steps1000_p200,cpp_openmp_domain_looped,cpp,openmp_domain,looped,32,400,central,RBSOR,1000.0,200.0,8.0,1,8.0,3.0,1.433728822,1.5973740769999998,1.6767863859999999,1.0,0.6207040361999999,0.370175,0.0462718,,,,,
openmp,openmp_case_4,4,case1_N32_Re400_central_steps1000_p200,cpp_openmp_domain_looped,cpp,openmp_domain,looped,32,400,central,RBGS,1000.0,200.0,16.0,1,16.0,3.0,6.052778363,6.311607147999999,6.117918812,1.0,1.062371865,0.173649,0.010853100000000001,,,,,
openmp,openmp_case_4,4,case1_N32_Re400_central_steps1000_p200,cpp_openmp_domain_looped,cpp,openmp_domain,looped,32,400,central,RBSOR,1000.0,200.0,16.0,1,16.0,3.0,3.216803316,3.250126359,3.248939585,1.0,0.6207040361999999,0.191048,0.0119405,,,,,
openmp,openmp_case_4,4,case1_N32_Re400_central_steps1000_p200,cpp_openmp_domain_vectorized,cpp,openmp_domain,vectorized,32,400,central,RBGS,1000.0,200.0,1.0,1,1.0,3.0,0.8341174981999999,0.8352027411,0.8352101594,1.0,0.8352101594,1.0,1.0,,,,,
openmp,openmp_case_4,4,case1_N32_Re400_central_steps1000_p200,cpp_openmp_domain_vectorized,cpp,openmp_domain,vectorized,32,400,central,RBSOR,1000.0,200.0,1.0,1,1.0,3.0,0.4705480449,0.4712189349,0.4714748152,1.0,0.4714748152,1.0,1.0,,,,,
openmp,openmp_case_4,4,case1_N32_Re400_central_steps1000_p200,cpp_openmp_domain_vectorized,cpp,openmp_domain,vectorized,32,400,central,RBGS,1000.0,200.0,2.0,1,2.0,3.0,1.284684621,1.367729335,1.29267861,1.0,0.8352101594,0.646108,0.323054,,,,,
openmp,openmp_case_4,4,case1_N32_Re400_central_steps1000_p200,cpp_openmp_domain_vectorized,cpp,openmp_domain,vectorized,32,400,central,RBSOR,1000.0,200.0,2.0,1,2.0,3.0,0.7011633962,0.7509616551,0.7139696591,1.0,0.4714748152,0.660357,0.330178,,,,,
openmp,openmp_case_4,4,case1_N32_Re400_central_steps1000_p200,cpp_openmp_domain_vectorized,cpp,openmp_domain,vectorized,32,400,central,RBGS,1000.0,200.0,4.0,1,4.0,3.0,1.731639102,1.7361367330000002,1.731982581,1.0,0.8352101594,0.482228,0.120557,,,,,
openmp,openmp_case_4,4,case1_N32_Re400_central_steps1000_p200,cpp_openmp_domain_vectorized,cpp,openmp_domain,vectorized,32,400,central,RBSOR,1000.0,200.0,4.0,1,4.0,3.0,0.8938289620000001,0.9384372669,0.9454930164,1.0,0.4714748152,0.498655,0.12466400000000001,,,,,
openmp,openmp_case_4,4,case1_N32_Re400_central_steps1000_p200,cpp_openmp_domain_vectorized,cpp,openmp_domain,vectorized,32,400,central,RBGS,1000.0,200.0,8.0,1,8.0,3.0,3.0300221410000003,3.0378093319999997,3.0377075000000002,1.0,0.8352101594,0.274948,0.0343684,,,,,
openmp,openmp_case_4,4,case1_N32_Re400_central_steps1000_p200,cpp_openmp_domain_vectorized,cpp,openmp_domain,vectorized,32,400,central,RBSOR,1000.0,200.0,8.0,1,8.0,3.0,1.547560632,1.6024591119999998,1.624882896,1.0,0.4714748152,0.290159,0.0362699,,,,,
openmp,openmp_case_4,4,case1_N32_Re400_central_steps1000_p200,cpp_openmp_domain_vectorized,cpp,openmp_domain,vectorized,32,400,central,RBGS,1000.0,200.0,16.0,1,16.0,3.0,6.192771405,7.3284089539999995,6.52764345,1.0,0.8352101594,0.12795,0.00799686,,,,,
openmp,openmp_case_4,4,case1_N32_Re400_central_steps1000_p200,cpp_openmp_domain_vectorized,cpp,openmp_domain,vectorized,32,400,central,RBSOR,1000.0,200.0,16.0,1,16.0,3.0,3.232254691,3.4841651110000003,3.363217395,1.0,0.4714748152,0.14018599999999998,0.0087616,,,,,
openmp,openmp_case_5,5,case1_N32_Re1000_upwind_steps2000_p250,c_openmp_domain_looped,c,openmp_domain,looped,32,1000,upwind,RBGS,2000.0,250.0,1.0,1,1.0,3.0,0.8449923769,0.8478183945000001,0.8461786211,1.0,0.8461786211,1.0,1.0,,,,,
openmp,openmp_case_5,5,case1_N32_Re1000_upwind_steps2000_p250,c_openmp_domain_looped,c,openmp_domain,looped,32,1000,upwind,RBSOR,2000.0,250.0,1.0,1,1.0,3.0,0.5493187307999999,0.5534108715,0.5497928075,1.0,0.5497928075,1.0,1.0,,,,,
openmp,openmp_case_5,5,case1_N32_Re1000_upwind_steps2000_p250,c_openmp_domain_looped,c,openmp_domain,looped,32,1000,upwind,RBGS,2000.0,250.0,2.0,1,2.0,3.0,1.091344681,1.152362922,1.094862875,1.0,0.8461786211,0.772863,0.38643099999999997,,,,,
openmp,openmp_case_5,5,case1_N32_Re1000_upwind_steps2000_p250,c_openmp_domain_looped,c,openmp_domain,looped,32,1000,upwind,RBSOR,2000.0,250.0,2.0,1,2.0,3.0,0.6746340020999999,0.7135408086,0.6865331382,1.0,0.5497928075,0.800825,0.400412,,,,,
openmp,openmp_case_5,5,case1_N32_Re1000_upwind_steps2000_p250,c_openmp_domain_looped,c,openmp_domain,looped,32,1000,upwind,RBGS,2000.0,250.0,4.0,1,4.0,3.0,1.350794785,1.409874092,1.382791955,1.0,0.8461786211,0.611935,0.15298399999999998,,,,,
openmp,openmp_case_5,5,case1_N32_Re1000_upwind_steps2000_p250,c_openmp_domain_looped,c,openmp_domain,looped,32,1000,upwind,RBSOR,2000.0,250.0,4.0,1,4.0,3.0,0.9074896834999999,0.9193959683,0.9150764383,1.0,0.5497928075,0.600816,0.150204,,,,,
openmp,openmp_case_5,5,case1_N32_Re1000_upwind_steps2000_p250,c_openmp_domain_looped,c,openmp_domain,looped,32,1000,upwind,RBGS,2000.0,250.0,8.0,1,8.0,3.0,2.4757810609999997,2.4805271909999997,2.4826562180000002,1.0,0.8461786211,0.34083600000000003,0.042604500000000003,,,,,
openmp,openmp_case_5,5,case1_N32_Re1000_upwind_steps2000_p250,c_openmp_domain_looped,c,openmp_domain,looped,32,1000,upwind,RBSOR,2000.0,250.0,8.0,1,8.0,3.0,1.3693154159999998,1.457778126,1.501891591,1.0,0.5497928075,0.36606700000000003,0.0457584,,,,,
openmp,openmp_case_5,5,case1_N32_Re1000_upwind_steps2000_p250,c_openmp_domain_looped,c,openmp_domain,looped,32,1000,upwind,RBGS,2000.0,250.0,16.0,1,16.0,3.0,4.464566044,5.021765637,4.764364004,1.0,0.8461786211,0.17760599999999999,0.0111004,,,,,
openmp,openmp_case_5,5,case1_N32_Re1000_upwind_steps2000_p250,c_openmp_domain_looped,c,openmp_domain,looped,32,1000,upwind,RBSOR,2000.0,250.0,16.0,1,16.0,3.0,3.129208937,3.8736656760000003,3.2502303230000003,1.0,0.5497928075,0.169155,0.0105722,,,,,
openmp,openmp_case_5,5,case1_N32_Re1000_upwind_steps2000_p250,c_openmp_domain_vectorized,c,openmp_domain,vectorized,32,1000,upwind,RBGS,2000.0,250.0,1.0,1,1.0,3.0,0.6602129004999999,0.6637471095,0.6605198718999999,1.0,0.6605198718999999,1.0,1.0,,,,,
openmp,openmp_case_5,5,case1_N32_Re1000_upwind_steps2000_p250,c_openmp_domain_vectorized,c,openmp_domain,vectorized,32,1000,upwind,RBSOR,2000.0,250.0,1.0,1,1.0,3.0,0.4132394008,0.41429949299999996,0.41445448619999997,1.0,0.41445448619999997,1.0,1.0,,,,,
openmp,openmp_case_5,5,case1_N32_Re1000_upwind_steps2000_p250,c_openmp_domain_vectorized,c,openmp_domain,vectorized,32,1000,upwind,RBGS,2000.0,250.0,2.0,1,2.0,3.0,0.9810295515,1.059490683,1.014135871,1.0,0.6605198718999999,0.651313,0.325656,,,,,
openmp,openmp_case_5,5,case1_N32_Re1000_upwind_steps2000_p250,c_openmp_domain_vectorized,c,openmp_domain,vectorized,32,1000,upwind,RBSOR,2000.0,250.0,2.0,1,2.0,3.0,0.6095687411999999,0.6447076785,0.609582264,1.0,0.41445448619999997,0.679899,0.33995,,,,,
openmp,openmp_case_5,5,case1_N32_Re1000_upwind_steps2000_p250,c_openmp_domain_vectorized,c,openmp_domain,vectorized,32,1000,upwind,RBGS,2000.0,250.0,4.0,1,4.0,3.0,1.392180171,1.436043259,1.448327757,1.0,0.6605198718999999,0.456057,0.114014,,,,,
openmp,openmp_case_5,5,case1_N32_Re1000_upwind_steps2000_p250,c_openmp_domain_vectorized,c,openmp_domain,vectorized,32,1000,upwind,RBSOR,2000.0,250.0,4.0,1,4.0,3.0,0.7814528345999999,0.8474196605,0.8750844151,1.0,0.41445448619999997,0.473617,0.118404,,,,,
openmp,openmp_case_5,5,case1_N32_Re1000_upwind_steps2000_p250,c_openmp_domain_vectorized,c,openmp_domain,vectorized,32,1000,upwind,RBGS,2000.0,250.0,8.0,1,8.0,3.0,2.3808227669999997,2.507206891,2.495953973,1.0,0.6605198718999999,0.26463600000000004,0.033079500000000005,,,,,
openmp,openmp_case_5,5,case1_N32_Re1000_upwind_steps2000_p250,c_openmp_domain_vectorized,c,openmp_domain,vectorized,32,1000,upwind,RBSOR,2000.0,250.0,8.0,1,8.0,3.0,1.381181564,1.477273284,1.4960888769999998,1.0,0.41445448619999997,0.277025,0.0346282,,,,,
openmp,openmp_case_5,5,case1_N32_Re1000_upwind_steps2000_p250,c_openmp_domain_vectorized,c,openmp_domain,vectorized,32,1000,upwind,RBGS,2000.0,250.0,16.0,1,16.0,3.0,4.473002072,4.910906276,5.071751058,1.0,0.6605198718999999,0.130235,0.00813969,,,,,
openmp,openmp_case_5,5,case1_N32_Re1000_upwind_steps2000_p250,c_openmp_domain_vectorized,c,openmp_domain,vectorized,32,1000,upwind,RBSOR,2000.0,250.0,16.0,1,16.0,3.0,2.630613174,2.9771788010000004,3.0880601480000003,1.0,0.41445448619999997,0.134212,0.00838825,,,,,
openmp,openmp_case_5,5,case1_N32_Re1000_upwind_steps2000_p250,cpp_openmp_domain_looped,cpp,openmp_domain,looped,32,1000,upwind,RBGS,2000.0,250.0,1.0,1,1.0,3.0,0.8480188920999999,0.8510976223000001,0.8506225608,1.0,0.8506225608,1.0,1.0,,,,,
openmp,openmp_case_5,5,case1_N32_Re1000_upwind_steps2000_p250,cpp_openmp_domain_looped,cpp,openmp_domain,looped,32,1000,upwind,RBSOR,2000.0,250.0,1.0,1,1.0,3.0,0.5499695651,0.5524041628,0.552117575,1.0,0.552117575,1.0,1.0,,,,,
openmp,openmp_case_5,5,case1_N32_Re1000_upwind_steps2000_p250,cpp_openmp_domain_looped,cpp,openmp_domain,looped,32,1000,upwind,RBGS,2000.0,250.0,2.0,1,2.0,3.0,1.041790094,1.164332009,1.217337161,1.0,0.8506225608,0.698757,0.349378,,,,,
openmp,openmp_case_5,5,case1_N32_Re1000_upwind_steps2000_p250,cpp_openmp_domain_looped,cpp,openmp_domain,looped,32,1000,upwind,RBSOR,2000.0,250.0,2.0,1,2.0,3.0,0.6515645571,0.7190349636,0.7491105236,1.0,0.552117575,0.737031,0.368515,,,,,
openmp,openmp_case_5,5,case1_N32_Re1000_upwind_steps2000_p250,cpp_openmp_domain_looped,cpp,openmp_domain,looped,32,1000,upwind,RBGS,2000.0,250.0,4.0,1,4.0,3.0,1.290232424,1.328190073,1.3385506790000001,1.0,0.8506225608,0.63548,0.15887,,,,,
openmp,openmp_case_5,5,case1_N32_Re1000_upwind_steps2000_p250,cpp_openmp_domain_looped,cpp,openmp_domain,looped,32,1000,upwind,RBSOR,2000.0,250.0,4.0,1,4.0,3.0,0.8153669089,0.8177213768000001,0.8183530568999999,1.0,0.552117575,0.674669,0.168667,,,,,
openmp,openmp_case_5,5,case1_N32_Re1000_upwind_steps2000_p250,cpp_openmp_domain_looped,cpp,openmp_domain,looped,32,1000,upwind,RBGS,2000.0,250.0,8.0,1,8.0,3.0,2.024715643,2.229947078,2.327706683,1.0,0.8506225608,0.36543400000000004,0.045679199999999996,,,,,
openmp,openmp_case_5,5,case1_N32_Re1000_upwind_steps2000_p250,cpp_openmp_domain_looped,cpp,openmp_domain,looped,32,1000,upwind,RBSOR,2000.0,250.0,8.0,1,8.0,3.0,1.393198114,1.409912,1.409808014,1.0,0.552117575,0.39162600000000003,0.0489533,,,,,
openmp,openmp_case_5,5,case1_N32_Re1000_upwind_steps2000_p250,cpp_openmp_domain_looped,cpp,openmp_domain,looped,32,1000,upwind,RBGS,2000.0,250.0,16.0,1,16.0,3.0,4.0463229830000005,4.450657288,4.046651784,1.0,0.8506225608,0.210204,0.013137799999999998,,,,,
openmp,openmp_case_5,5,case1_N32_Re1000_upwind_steps2000_p250,cpp_openmp_domain_looped,cpp,openmp_domain,looped,32,1000,upwind,RBSOR,2000.0,250.0,16.0,1,16.0,3.0,2.764099948,4.082629098,2.778504949,1.0,0.552117575,0.19871,0.0124194,,,,,
openmp,openmp_case_5,5,case1_N32_Re1000_upwind_steps2000_p250,cpp_openmp_domain_vectorized,cpp,openmp_domain,vectorized,32,1000,upwind,RBGS,2000.0,250.0,1.0,1,1.0,3.0,0.6584198102000001,0.6622198683,0.6607771255,1.0,0.6607771255,1.0,1.0,,,,,
openmp,openmp_case_5,5,case1_N32_Re1000_upwind_steps2000_p250,cpp_openmp_domain_vectorized,cpp,openmp_domain,vectorized,32,1000,upwind,RBSOR,2000.0,250.0,1.0,1,1.0,3.0,0.412851043,0.41500072179999997,0.41597163299999995,1.0,0.41597163299999995,1.0,1.0,,,,,
openmp,openmp_case_5,5,case1_N32_Re1000_upwind_steps2000_p250,cpp_openmp_domain_vectorized,cpp,openmp_domain,vectorized,32,1000,upwind,RBGS,2000.0,250.0,2.0,1,2.0,3.0,0.9848724753,1.048644406,0.9916126803,1.0,0.6607771255,0.666366,0.333183,,,,,
openmp,openmp_case_5,5,case1_N32_Re1000_upwind_steps2000_p250,cpp_openmp_domain_vectorized,cpp,openmp_domain,vectorized,32,1000,upwind,RBSOR,2000.0,250.0,2.0,1,2.0,3.0,0.5958935507,0.607264027,0.6114352606,1.0,0.41597163299999995,0.68032,0.34016,,,,,
openmp,openmp_case_5,5,case1_N32_Re1000_upwind_steps2000_p250,cpp_openmp_domain_vectorized,cpp,openmp_domain,vectorized,32,1000,upwind,RBGS,2000.0,250.0,4.0,1,4.0,3.0,1.320523947,1.3237259559999999,1.324630745,1.0,0.6607771255,0.49883900000000003,0.12470999999999999,,,,,
openmp,openmp_case_5,5,case1_N32_Re1000_upwind_steps2000_p250,cpp_openmp_domain_vectorized,cpp,openmp_domain,vectorized,32,1000,upwind,RBSOR,2000.0,250.0,4.0,1,4.0,3.0,0.7528818062999999,0.7884030987999999,0.7956260554000001,1.0,0.41597163299999995,0.5228229999999999,0.130706,,,,,
openmp,openmp_case_5,5,case1_N32_Re1000_upwind_steps2000_p250,cpp_openmp_domain_vectorized,cpp,openmp_domain,vectorized,32,1000,upwind,RBGS,2000.0,250.0,8.0,1,8.0,3.0,2.06558384,2.2200399809999998,2.274225827,1.0,0.6607771255,0.29055,0.036318800000000005,,,,,
openmp,openmp_case_5,5,case1_N32_Re1000_upwind_steps2000_p250,cpp_openmp_domain_vectorized,cpp,openmp_domain,vectorized,32,1000,upwind,RBSOR,2000.0,250.0,8.0,1,8.0,3.0,1.37366125,1.3950357009999999,1.389584053,1.0,0.41597163299999995,0.29935,0.03741869999999999,,,,,
openmp,openmp_case_5,5,case1_N32_Re1000_upwind_steps2000_p250,cpp_openmp_domain_vectorized,cpp,openmp_domain,vectorized,32,1000,upwind,RBGS,2000.0,250.0,16.0,1,16.0,3.0,4.015067387,4.244739342,4.07238283,1.0,0.6607771255,0.16225799999999999,0.0101411,,,,,
openmp,openmp_case_5,5,case1_N32_Re1000_upwind_steps2000_p250,cpp_openmp_domain_vectorized,cpp,openmp_domain,vectorized,32,1000,upwind,RBSOR,2000.0,250.0,16.0,1,16.0,3.0,2.5130932,2.982976423,2.697901897,1.0,0.41597163299999995,0.154183,0.00963646,,,,,
openmp,openmp_case_6,6,case1_N32_Re1000_central_steps2000_p250,c_openmp_domain_looped,c,openmp_domain,looped,32,1000,central,RBGS,2000.0,250.0,1.0,1,1.0,3.0,0.6786731817,0.6795430145999999,0.6796261854000001,1.0,0.6796261854000001,1.0,1.0,,,,,
openmp,openmp_case_6,6,case1_N32_Re1000_central_steps2000_p250,c_openmp_domain_looped,c,openmp_domain,looped,32,1000,central,RBSOR,2000.0,250.0,1.0,1,1.0,3.0,0.465864189,0.4664695946,0.4659053199,1.0,0.4659053199,1.0,1.0,,,,,
openmp,openmp_case_6,6,case1_N32_Re1000_central_steps2000_p250,c_openmp_domain_looped,c,openmp_domain,looped,32,1000,central,RBGS,2000.0,250.0,2.0,1,2.0,3.0,0.8695546836,0.9198497534000001,0.873516541,1.0,0.6796261854000001,0.778035,0.389017,,,,,
openmp,openmp_case_6,6,case1_N32_Re1000_central_steps2000_p250,c_openmp_domain_looped,c,openmp_domain,looped,32,1000,central,RBSOR,2000.0,250.0,2.0,1,2.0,3.0,0.5671781488000001,0.5962293396,0.5696774907,1.0,0.4659053199,0.81784,0.40892,,,,,
openmp,openmp_case_6,6,case1_N32_Re1000_central_steps2000_p250,c_openmp_domain_looped,c,openmp_domain,looped,32,1000,central,RBGS,2000.0,250.0,4.0,1,4.0,3.0,1.070185035,1.1660118959999999,1.206795894,1.0,0.6796261854000001,0.5631659999999999,0.140791,,,,,
openmp,openmp_case_6,6,case1_N32_Re1000_central_steps2000_p250,c_openmp_domain_looped,c,openmp_domain,looped,32,1000,central,RBSOR,2000.0,250.0,4.0,1,4.0,3.0,0.6905910298000001,0.7239323233,0.7222370319,1.0,0.4659053199,0.6450859999999999,0.161272,,,,,
openmp,openmp_case_6,6,case1_N32_Re1000_central_steps2000_p250,c_openmp_domain_looped,c,openmp_domain,looped,32,1000,central,RBGS,2000.0,250.0,8.0,1,8.0,3.0,1.886407811,1.9518881730000002,1.9375971440000002,1.0,0.6796261854000001,0.35075700000000004,0.04384469999999999,,,,,
openmp,openmp_case_6,6,case1_N32_Re1000_central_steps2000_p250,c_openmp_domain_looped,c,openmp_domain,looped,32,1000,central,RBSOR,2000.0,250.0,8.0,1,8.0,3.0,1.197065551,1.248813372,1.240988094,1.0,0.4659053199,0.375431,0.046928899999999996,,,,,
openmp,openmp_case_6,6,case1_N32_Re1000_central_steps2000_p250,c_openmp_domain_looped,c,openmp_domain,looped,32,1000,central,RBGS,2000.0,250.0,16.0,1,16.0,3.0,3.4968931710000004,4.022107661000001,4.114056446,1.0,0.6796261854000001,0.165196,0.010324799999999999,,,,,
openmp,openmp_case_6,6,case1_N32_Re1000_central_steps2000_p250,c_openmp_domain_looped,c,openmp_domain,looped,32,1000,central,RBSOR,2000.0,250.0,16.0,1,16.0,3.0,2.659930375,3.4070157310000004,2.690522235,1.0,0.4659053199,0.173165,0.010822799999999999,,,,,
openmp,openmp_case_6,6,case1_N32_Re1000_central_steps2000_p250,c_openmp_domain_vectorized,c,openmp_domain,vectorized,32,1000,central,RBGS,2000.0,250.0,1.0,1,1.0,3.0,0.5180573463,0.5195419340999999,0.5181814656,1.0,0.5181814656,1.0,1.0,,,,,
openmp,openmp_case_6,6,case1_N32_Re1000_central_steps2000_p250,c_openmp_domain_vectorized,c,openmp_domain,vectorized,32,1000,central,RBSOR,2000.0,250.0,1.0,1,1.0,3.0,0.3396176249,0.34094491479999994,0.3409692086,1.0,0.3409692086,1.0,1.0,,,,,
openmp,openmp_case_6,6,case1_N32_Re1000_central_steps2000_p250,c_openmp_domain_vectorized,c,openmp_domain,vectorized,32,1000,central,RBGS,2000.0,250.0,2.0,1,2.0,3.0,0.7964031436,0.8850523196,0.9147109315,1.0,0.5181814656,0.566498,0.283249,,,,,
openmp,openmp_case_6,6,case1_N32_Re1000_central_steps2000_p250,c_openmp_domain_vectorized,c,openmp_domain,vectorized,32,1000,central,RBSOR,2000.0,250.0,2.0,1,2.0,3.0,0.5021211690999999,0.5352921188,0.5116947368,1.0,0.3409692086,0.666353,0.333176,,,,,
openmp,openmp_case_6,6,case1_N32_Re1000_central_steps2000_p250,c_openmp_domain_vectorized,c,openmp_domain,vectorized,32,1000,central,RBGS,2000.0,250.0,4.0,1,4.0,3.0,1.034728635,1.115876835,1.146160062,1.0,0.5181814656,0.45210200000000006,0.113026,,,,,
openmp,openmp_case_6,6,case1_N32_Re1000_central_steps2000_p250,c_openmp_domain_vectorized,c,openmp_domain,vectorized,32,1000,central,RBSOR,2000.0,250.0,4.0,1,4.0,3.0,0.7180415131,0.7299240840000001,0.7332283892,1.0,0.3409692086,0.465025,0.116256,,,,,
openmp,openmp_case_6,6,case1_N32_Re1000_central_steps2000_p250,c_openmp_domain_vectorized,c,openmp_domain,vectorized,32,1000,central,RBGS,2000.0,250.0,8.0,1,8.0,3.0,1.974133775,1.985164589,1.9871739480000001,1.0,0.5181814656,0.260763,0.032595400000000004,,,,,
openmp,openmp_case_6,6,case1_N32_Re1000_central_steps2000_p250,c_openmp_domain_vectorized,c,openmp_domain,vectorized,32,1000,central,RBSOR,2000.0,250.0,8.0,1,8.0,3.0,1.233909242,1.257801068,1.248634003,1.0,0.3409692086,0.273074,0.034134199999999996,,,,,
openmp,openmp_case_6,6,case1_N32_Re1000_central_steps2000_p250,c_openmp_domain_vectorized,c,openmp_domain,vectorized,32,1000,central,RBGS,2000.0,250.0,16.0,1,16.0,3.0,3.444693983,4.095254378,4.050898284,1.0,0.5181814656,0.127918,0.00799485,,,,,
openmp,openmp_case_6,6,case1_N32_Re1000_central_steps2000_p250,c_openmp_domain_vectorized,c,openmp_domain,vectorized,32,1000,central,RBSOR,2000.0,250.0,16.0,1,16.0,3.0,2.506450899,2.6735299169999998,2.527114868,1.0,0.3409692086,0.134924,0.00843277,,,,,
openmp,openmp_case_6,6,case1_N32_Re1000_central_steps2000_p250,cpp_openmp_domain_looped,cpp,openmp_domain,looped,32,1000,central,RBGS,2000.0,250.0,1.0,1,1.0,3.0,0.6786981858,0.6910396963,0.6876408421,1.0,0.6876408421,1.0,1.0,,,,,
openmp,openmp_case_6,6,case1_N32_Re1000_central_steps2000_p250,cpp_openmp_domain_looped,cpp,openmp_domain,looped,32,1000,central,RBSOR,2000.0,250.0,1.0,1,1.0,3.0,0.4637822509,0.470187294,0.4686372764,1.0,0.4686372764,1.0,1.0,,,,,
openmp,openmp_case_6,6,case1_N32_Re1000_central_steps2000_p250,cpp_openmp_domain_looped,cpp,openmp_domain,looped,32,1000,central,RBGS,2000.0,250.0,2.0,1,2.0,3.0,0.8360046893,0.9337925725,0.9814518467,1.0,0.6876408421,0.7006359999999999,0.35031799999999996,,,,,
openmp,openmp_case_6,6,case1_N32_Re1000_central_steps2000_p250,cpp_openmp_domain_looped,cpp,openmp_domain,looped,32,1000,central,RBSOR,2000.0,250.0,2.0,1,2.0,3.0,0.5442537181,0.6159015944,0.6392205283,1.0,0.4686372764,0.733139,0.366569,,,,,
openmp,openmp_case_6,6,case1_N32_Re1000_central_steps2000_p250,cpp_openmp_domain_looped,cpp,openmp_domain,looped,32,1000,central,RBGS,2000.0,250.0,4.0,1,4.0,3.0,0.9935443103,1.044689068,1.0611279120000001,1.0,0.6876408421,0.6480279999999999,0.16200699999999998,,,,,
openmp,openmp_case_6,6,case1_N32_Re1000_central_steps2000_p250,cpp_openmp_domain_looped,cpp,openmp_domain,looped,32,1000,central,RBSOR,2000.0,250.0,4.0,1,4.0,3.0,0.6796515808,0.6837590548,0.6855986752,1.0,0.4686372764,0.683545,0.17088599999999998,,,,,
openmp,openmp_case_6,6,case1_N32_Re1000_central_steps2000_p250,cpp_openmp_domain_looped,cpp,openmp_domain,looped,32,1000,central,RBGS,2000.0,250.0,8.0,1,8.0,3.0,1.749259841,1.806837505,1.828339327,1.0,0.6876408421,0.376101,0.0470127,,,,,
openmp,openmp_case_6,6,case1_N32_Re1000_central_steps2000_p250,cpp_openmp_domain_looped,cpp,openmp_domain,looped,32,1000,central,RBSOR,2000.0,250.0,8.0,1,8.0,3.0,1.162647542,1.17379458,1.167800531,1.0,0.4686372764,0.40129899999999996,0.0501624,,,,,
openmp,openmp_case_6,6,case1_N32_Re1000_central_steps2000_p250,cpp_openmp_domain_looped,cpp,openmp_domain,looped,32,1000,central,RBGS,2000.0,250.0,16.0,1,16.0,3.0,3.251032617,4.079267378,3.671067145,1.0,0.6876408421,0.187314,0.0117071,,,,,
openmp,openmp_case_6,6,case1_N32_Re1000_central_steps2000_p250,cpp_openmp_domain_looped,cpp,openmp_domain,looped,32,1000,central,RBSOR,2000.0,250.0,16.0,1,16.0,3.0,2.25242582,2.6428302230000003,2.284683425,1.0,0.4686372764,0.205121,0.0128201,,,,,
openmp,openmp_case_6,6,case1_N32_Re1000_central_steps2000_p250,cpp_openmp_domain_vectorized,cpp,openmp_domain,vectorized,32,1000,central,RBGS,2000.0,250.0,1.0,1,1.0,3.0,0.5170544349,0.5193556460000001,0.5187955834,1.0,0.5187955834,1.0,1.0,,,,,
openmp,openmp_case_6,6,case1_N32_Re1000_central_steps2000_p250,cpp_openmp_domain_vectorized,cpp,openmp_domain,vectorized,32,1000,central,RBSOR,2000.0,250.0,1.0,1,1.0,3.0,0.3384106718,0.34392926590000006,0.33855352920000004,1.0,0.33855352920000004,1.0,1.0,,,,,
openmp,openmp_case_6,6,case1_N32_Re1000_central_steps2000_p250,cpp_openmp_domain_vectorized,cpp,openmp_domain,vectorized,32,1000,central,RBGS,2000.0,250.0,2.0,1,2.0,3.0,0.7762911059000001,0.7793015602,0.7806601264,1.0,0.5187955834,0.66456,0.33228,,,,,
openmp,openmp_case_6,6,case1_N32_Re1000_central_steps2000_p250,cpp_openmp_domain_vectorized,cpp,openmp_domain,vectorized,32,1000,central,RBSOR,2000.0,250.0,2.0,1,2.0,3.0,0.49865875390000003,0.5339426286,0.5108077861,1.0,0.33855352920000004,0.6627810000000001,0.33139,,,,,
openmp,openmp_case_6,6,case1_N32_Re1000_central_steps2000_p250,cpp_openmp_domain_vectorized,cpp,openmp_domain,vectorized,32,1000,central,RBGS,2000.0,250.0,4.0,1,4.0,3.0,0.9779123290999999,1.025455073,1.04782724,1.0,0.5187955834,0.495116,0.123779,,,,,
openmp,openmp_case_6,6,case1_N32_Re1000_central_steps2000_p250,cpp_openmp_domain_vectorized,cpp,openmp_domain,vectorized,32,1000,central,RBSOR,2000.0,250.0,4.0,1,4.0,3.0,0.655040931,0.663172471,0.6668771170000001,1.0,0.33855352920000004,0.50767,0.126918,,,,,
openmp,openmp_case_6,6,case1_N32_Re1000_central_steps2000_p250,cpp_openmp_domain_vectorized,cpp,openmp_domain,vectorized,32,1000,central,RBGS,2000.0,250.0,8.0,1,8.0,3.0,1.727807835,1.795339059,1.826721635,1.0,0.5187955834,0.284004,0.0355005,,,,,
openmp,openmp_case_6,6,case1_N32_Re1000_central_steps2000_p250,cpp_openmp_domain_vectorized,cpp,openmp_domain,vectorized,32,1000,central,RBSOR,2000.0,250.0,8.0,1,8.0,3.0,1.148160338,1.1500070059999998,1.1486547440000001,1.0,0.33855352920000004,0.294739,0.036842400000000004,,,,,
openmp,openmp_case_6,6,case1_N32_Re1000_central_steps2000_p250,cpp_openmp_domain_vectorized,cpp,openmp_domain,vectorized,32,1000,central,RBGS,2000.0,250.0,16.0,1,16.0,3.0,3.213465836,3.5021876130000003,3.586985797,1.0,0.5187955834,0.14463299999999998,0.00903955,,,,,
openmp,openmp_case_6,6,case1_N32_Re1000_central_steps2000_p250,cpp_openmp_domain_vectorized,cpp,openmp_domain,vectorized,32,1000,central,RBSOR,2000.0,250.0,16.0,1,16.0,3.0,2.9093028789999997,3.7374762230000003,3.82983765,1.0,0.33855352920000004,0.08839889999999999,0.00552493,,,,,
openmp,openmp_case_7,7,case1_N64_Re100_upwind_steps1000_p200,c_openmp_domain_looped,c,openmp_domain,looped,64,100,upwind,RBGS,1000.0,200.0,1.0,1,1.0,3.0,5.473555423,5.4785205679999995,5.480535716,1.0,5.480535716,1.0,1.0,,,,,
openmp,openmp_case_7,7,case1_N64_Re100_upwind_steps1000_p200,c_openmp_domain_looped,c,openmp_domain,looped,64,100,upwind,RBSOR,1000.0,200.0,1.0,1,1.0,3.0,3.788075834,3.7998617999999995,3.79780604,1.0,3.79780604,1.0,1.0,,,,,
openmp,openmp_case_7,7,case1_N64_Re100_upwind_steps1000_p200,c_openmp_domain_looped,c,openmp_domain,looped,64,100,upwind,RBGS,1000.0,200.0,2.0,1,2.0,3.0,4.159916326,4.190189544,4.191377903999999,1.0,5.480535716,1.3075700000000001,0.653787,,,,,
openmp,openmp_case_7,7,case1_N64_Re100_upwind_steps1000_p200,c_openmp_domain_looped,c,openmp_domain,looped,64,100,upwind,RBSOR,1000.0,200.0,2.0,1,2.0,3.0,2.864984792,2.883943852,2.885165278,1.0,3.79780604,1.3163200000000002,0.658161,,,,,
openmp,openmp_case_7,7,case1_N64_Re100_upwind_steps1000_p200,c_openmp_domain_looped,c,openmp_domain,looped,64,100,upwind,RBGS,1000.0,200.0,4.0,1,4.0,3.0,3.747777302,3.781245792,3.7898725719999997,1.0,5.480535716,1.4461,0.361525,,,,,
openmp,openmp_case_7,7,case1_N64_Re100_upwind_steps1000_p200,c_openmp_domain_looped,c,openmp_domain,looped,64,100,upwind,RBSOR,1000.0,200.0,4.0,1,4.0,3.0,2.558432128,2.6142896959999997,2.564845283,1.0,3.79780604,1.48072,0.370179,,,,,
openmp,openmp_case_7,7,case1_N64_Re100_upwind_steps1000_p200,c_openmp_domain_looped,c,openmp_domain,looped,64,100,upwind,RBGS,1000.0,200.0,8.0,1,8.0,3.0,5.171276387,5.187335391,5.17688477,1.0,5.480535716,1.05866,0.132332,,,,,
openmp,openmp_case_7,7,case1_N64_Re100_upwind_steps1000_p200,c_openmp_domain_looped,c,openmp_domain,looped,64,100,upwind,RBSOR,1000.0,200.0,8.0,1,8.0,3.0,3.4087181089999996,3.6349453260000004,3.7036995289999997,1.0,3.79780604,1.02541,0.128176,,,,,
openmp,openmp_case_7,7,case1_N64_Re100_upwind_steps1000_p200,c_openmp_domain_looped,c,openmp_domain,looped,64,100,upwind,RBGS,1000.0,200.0,16.0,1,16.0,3.0,9.11866881,10.02026177,9.349498152999999,1.0,5.480535716,0.5861850000000001,0.0366366,,,,,
openmp,openmp_case_7,7,case1_N64_Re100_upwind_steps1000_p200,c_openmp_domain_looped,c,openmp_domain,looped,64,100,upwind,RBSOR,1000.0,200.0,16.0,1,16.0,3.0,6.222901966,6.769526517999999,7.022022251,1.0,3.79780604,0.540842,0.0338026,,,,,
openmp,openmp_case_7,7,case1_N64_Re100_upwind_steps1000_p200,c_openmp_domain_vectorized,c,openmp_domain,vectorized,64,100,upwind,RBGS,1000.0,200.0,1.0,1,1.0,3.0,4.2210908719999995,4.226139459,4.221672729,1.0,4.221672729,1.0,1.0,,,,,
openmp,openmp_case_7,7,case1_N64_Re100_upwind_steps1000_p200,c_openmp_domain_vectorized,c,openmp_domain,vectorized,64,100,upwind,RBSOR,1000.0,200.0,1.0,1,1.0,3.0,2.88786776,2.890509665,2.89021612,1.0,2.89021612,1.0,1.0,,,,,
openmp,openmp_case_7,7,case1_N64_Re100_upwind_steps1000_p200,c_openmp_domain_vectorized,c,openmp_domain,vectorized,64,100,upwind,RBGS,1000.0,200.0,2.0,1,2.0,3.0,3.5176128889999996,3.5315427639999997,3.5202891010000004,1.0,4.221672729,1.1992399999999999,0.5996199999999999,,,,,
openmp,openmp_case_7,7,case1_N64_Re100_upwind_steps1000_p200,c_openmp_domain_vectorized,c,openmp_domain,vectorized,64,100,upwind,RBSOR,1000.0,200.0,2.0,1,2.0,3.0,2.3736351730000003,2.39230147,2.391640149,1.0,2.89021612,1.2084700000000002,0.604233,,,,,
openmp,openmp_case_7,7,case1_N64_Re100_upwind_steps1000_p200,c_openmp_domain_vectorized,c,openmp_domain,vectorized,64,100,upwind,RBGS,1000.0,200.0,4.0,1,4.0,3.0,3.729910579,3.745320165,3.736433607,1.0,4.221672729,1.1298700000000002,0.282467,,,,,
openmp,openmp_case_7,7,case1_N64_Re100_upwind_steps1000_p200,c_openmp_domain_vectorized,c,openmp_domain,vectorized,64,100,upwind,RBSOR,1000.0,200.0,4.0,1,4.0,3.0,2.324047424,2.43655731,2.479372915,1.0,2.89021612,1.1657,0.291426,,,,,
openmp,openmp_case_7,7,case1_N64_Re100_upwind_steps1000_p200,c_openmp_domain_vectorized,c,openmp_domain,vectorized,64,100,upwind,RBGS,1000.0,200.0,8.0,1,8.0,3.0,5.442157663,5.490975978,5.471554514,1.0,4.221672729,0.771567,0.0964459,,,,,
openmp,openmp_case_7,7,case1_N64_Re100_upwind_steps1000_p200,c_openmp_domain_vectorized,c,openmp_domain,vectorized,64,100,upwind,RBSOR,1000.0,200.0,8.0,1,8.0,3.0,3.3894346210000004,3.58364278,3.607376363,1.0,2.89021612,0.801196,0.10015,,,,,
openmp,openmp_case_7,7,case1_N64_Re100_upwind_steps1000_p200,c_openmp_domain_vectorized,c,openmp_domain,vectorized,64,100,upwind,RBGS,1000.0,200.0,16.0,1,16.0,3.0,10.75341932,11.44063565,10.8338732,1.0,4.221672729,0.389673,0.0243546,,,,,
openmp,openmp_case_7,7,case1_N64_Re100_upwind_steps1000_p200,c_openmp_domain_vectorized,c,openmp_domain,vectorized,64,100,upwind,RBSOR,1000.0,200.0,16.0,1,16.0,3.0,6.127294134,6.392331236,6.145215191,1.0,2.89021612,0.47031999999999996,0.029394999999999998,,,,,
openmp,openmp_case_7,7,case1_N64_Re100_upwind_steps1000_p200,cpp_openmp_domain_looped,cpp,openmp_domain,looped,64,100,upwind,RBGS,1000.0,200.0,1.0,1,1.0,3.0,5.479690593,5.482912215,5.479928587000001,1.0,5.479928587000001,1.0,1.0,,,,,
openmp,openmp_case_7,7,case1_N64_Re100_upwind_steps1000_p200,cpp_openmp_domain_looped,cpp,openmp_domain,looped,64,100,upwind,RBSOR,1000.0,200.0,1.0,1,1.0,3.0,3.793773618,3.804054111,3.799600475,1.0,3.799600475,1.0,1.0,,,,,
openmp,openmp_case_7,7,case1_N64_Re100_upwind_steps1000_p200,cpp_openmp_domain_looped,cpp,openmp_domain,looped,64,100,upwind,RBGS,1000.0,200.0,2.0,1,2.0,3.0,4.194896463,4.224420988,4.228133872,1.0,5.479928587000001,1.29606,0.6480319999999999,,,,,
openmp,openmp_case_7,7,case1_N64_Re100_upwind_steps1000_p200,cpp_openmp_domain_looped,cpp,openmp_domain,looped,64,100,upwind,RBSOR,1000.0,200.0,2.0,1,2.0,3.0,2.8572581969999997,2.87266867,2.8790157730000003,1.0,3.799600475,1.31976,0.659878,,,,,
openmp,openmp_case_7,7,case1_N64_Re100_upwind_steps1000_p200,cpp_openmp_domain_looped,cpp,openmp_domain,looped,64,100,upwind,RBGS,1000.0,200.0,4.0,1,4.0,3.0,3.8397637939999996,3.8621322439999997,3.8507601510000002,1.0,5.479928587000001,1.42308,0.355769,,,,,
openmp,openmp_case_7,7,case1_N64_Re100_upwind_steps1000_p200,cpp_openmp_domain_looped,cpp,openmp_domain,looped,64,100,upwind,RBSOR,1000.0,200.0,4.0,1,4.0,3.0,2.486568212,2.501261584,2.501992352,1.0,3.799600475,1.51863,0.379657,,,,,
openmp,openmp_case_7,7,case1_N64_Re100_upwind_steps1000_p200,cpp_openmp_domain_looped,cpp,openmp_domain,looped,64,100,upwind,RBGS,1000.0,200.0,8.0,1,8.0,3.0,5.051272321,5.273892045,5.34723746,1.0,5.479928587000001,1.02481,0.128102,,,,,
openmp,openmp_case_7,7,case1_N64_Re100_upwind_steps1000_p200,cpp_openmp_domain_looped,cpp,openmp_domain,looped,64,100,upwind,RBSOR,1000.0,200.0,8.0,1,8.0,3.0,3.180525355,3.258929564,3.23719912,1.0,3.799600475,1.17373,0.146716,,,,,
openmp,openmp_case_7,7,case1_N64_Re100_upwind_steps1000_p200,cpp_openmp_domain_looped,cpp,openmp_domain,looped,64,100,upwind,RBGS,1000.0,200.0,16.0,1,16.0,3.0,8.676297057000001,9.238398107,9.510349352,1.0,5.479928587000001,0.576207,0.0360129,,,,,
openmp,openmp_case_7,7,case1_N64_Re100_upwind_steps1000_p200,cpp_openmp_domain_looped,cpp,openmp_domain,looped,64,100,upwind,RBSOR,1000.0,200.0,16.0,1,16.0,3.0,5.651310927999999,6.112721782,5.830699556,1.0,3.799600475,0.651654,0.0407284,,,,,
openmp,openmp_case_7,7,case1_N64_Re100_upwind_steps1000_p200,cpp_openmp_domain_vectorized,cpp,openmp_domain,vectorized,64,100,upwind,RBGS,1000.0,200.0,1.0,1,1.0,3.0,4.218591794,4.22453817,4.22552279,1.0,4.22552279,1.0,1.0,,,,,
openmp,openmp_case_7,7,case1_N64_Re100_upwind_steps1000_p200,cpp_openmp_domain_vectorized,cpp,openmp_domain,vectorized,64,100,upwind,RBSOR,1000.0,200.0,1.0,1,1.0,3.0,2.8862484060000004,2.892077647,2.889147729,1.0,2.889147729,1.0,1.0,,,,,
openmp,openmp_case_7,7,case1_N64_Re100_upwind_steps1000_p200,cpp_openmp_domain_vectorized,cpp,openmp_domain,vectorized,64,100,upwind,RBGS,1000.0,200.0,2.0,1,2.0,3.0,3.646655492,3.6569164460000003,3.660370644,1.0,4.22552279,1.1544,0.577199,,,,,
openmp,openmp_case_7,7,case1_N64_Re100_upwind_steps1000_p200,cpp_openmp_domain_vectorized,cpp,openmp_domain,vectorized,64,100,upwind,RBSOR,1000.0,200.0,2.0,1,2.0,3.0,2.4410951880000002,2.457298849,2.459274143,1.0,2.889147729,1.1748,0.587398,,,,,
openmp,openmp_case_7,7,case1_N64_Re100_upwind_steps1000_p200,cpp_openmp_domain_vectorized,cpp,openmp_domain,vectorized,64,100,upwind,RBGS,1000.0,200.0,4.0,1,4.0,3.0,3.444137897,3.570934532,3.6318182610000003,1.0,4.22552279,1.16347,0.29086799999999996,,,,,
openmp,openmp_case_7,7,case1_N64_Re100_upwind_steps1000_p200,cpp_openmp_domain_vectorized,cpp,openmp_domain,vectorized,64,100,upwind,RBSOR,1000.0,200.0,4.0,1,4.0,3.0,2.309310406,2.3612924680000003,2.348884679,1.0,2.889147729,1.23001,0.307502,,,,,
openmp,openmp_case_7,7,case1_N64_Re100_upwind_steps1000_p200,cpp_openmp_domain_vectorized,cpp,openmp_domain,vectorized,64,100,upwind,RBGS,1000.0,200.0,8.0,1,8.0,3.0,4.694706649,5.023897725,5.181301303,1.0,4.22552279,0.815533,0.10194199999999999,,,,,
openmp,openmp_case_7,7,case1_N64_Re100_upwind_steps1000_p200,cpp_openmp_domain_vectorized,cpp,openmp_domain,vectorized,64,100,upwind,RBSOR,1000.0,200.0,8.0,1,8.0,3.0,3.06046417,3.22346974,3.147866827,1.0,2.889147729,0.917811,0.114726,,,,,
openmp,openmp_case_7,7,case1_N64_Re100_upwind_steps1000_p200,cpp_openmp_domain_vectorized,cpp,openmp_domain,vectorized,64,100,upwind,RBGS,1000.0,200.0,16.0,1,16.0,3.0,8.499709543,9.612540467,9.532429013,1.0,4.22552279,0.443279,0.027704900000000005,,,,,
openmp,openmp_case_7,7,case1_N64_Re100_upwind_steps1000_p200,cpp_openmp_domain_vectorized,cpp,openmp_domain,vectorized,64,100,upwind,RBSOR,1000.0,200.0,16.0,1,16.0,3.0,5.587729249,5.617337526,5.620615534,1.0,2.889147729,0.514027,0.0321267,,,,,
openmp,openmp_case_8,8,case1_N64_Re100_central_steps1000_p200,c_openmp_domain_looped,c,openmp_domain,looped,64,100,central,RBGS,1000.0,200.0,1.0,1,1.0,3.0,5.430271395,5.4428424479999995,5.44570804,1.0,5.44570804,1.0,1.0,,,,,
openmp,openmp_case_8,8,case1_N64_Re100_central_steps1000_p200,c_openmp_domain_looped,c,openmp_domain,looped,64,100,central,RBSOR,1000.0,200.0,1.0,1,1.0,3.0,3.739105068,3.75107189,3.745619752,1.0,3.745619752,1.0,1.0,,,,,
openmp,openmp_case_8,8,case1_N64_Re100_central_steps1000_p200,c_openmp_domain_looped,c,openmp_domain,looped,64,100,central,RBGS,1000.0,200.0,2.0,1,2.0,3.0,4.213984262,4.339511231,4.243077274,1.0,5.44570804,1.2834299999999998,0.641717,,,,,
openmp,openmp_case_8,8,case1_N64_Re100_central_steps1000_p200,c_openmp_domain_looped,c,openmp_domain,looped,64,100,central,RBSOR,1000.0,200.0,2.0,1,2.0,3.0,2.811261758,2.8369863939999997,2.836352728,1.0,3.745619752,1.3205799999999999,0.660288,,,,,
openmp,openmp_case_8,8,case1_N64_Re100_central_steps1000_p200,c_openmp_domain_looped,c,openmp_domain,looped,64,100,central,RBGS,1000.0,200.0,4.0,1,4.0,3.0,3.9040364739999998,3.9662058460000003,3.938102085,1.0,5.44570804,1.38283,0.345706,,,,,
openmp,openmp_case_8,8,case1_N64_Re100_central_steps1000_p200,c_openmp_domain_looped,c,openmp_domain,looped,64,100,central,RBSOR,1000.0,200.0,4.0,1,4.0,3.0,2.689974457,2.702620053,2.704589002,1.0,3.745619752,1.38491,0.34622800000000004,,,,,
openmp,openmp_case_8,8,case1_N64_Re100_central_steps1000_p200,c_openmp_domain_looped,c,openmp_domain,looped,64,100,central,RBGS,1000.0,200.0,8.0,1,8.0,3.0,5.579585592999999,5.719075427999999,5.702084005,1.0,5.44570804,0.9550379999999999,0.11938,,,,,
openmp,openmp_case_8,8,case1_N64_Re100_central_steps1000_p200,c_openmp_domain_looped,c,openmp_domain,looped,64,100,central,RBSOR,1000.0,200.0,8.0,1,8.0,3.0,3.734181069,3.7402362080000002,3.740500715,1.0,3.745619752,1.00137,0.125171,,,,,
openmp,openmp_case_8,8,case1_N64_Re100_central_steps1000_p200,c_openmp_domain_looped,c,openmp_domain,looped,64,100,central,RBGS,1000.0,200.0,16.0,1,16.0,3.0,10.42116903,10.98581284,10.48067147,1.0,5.44570804,0.519595,0.0324747,,,,,
openmp,openmp_case_8,8,case1_N64_Re100_central_steps1000_p200,c_openmp_domain_looped,c,openmp_domain,looped,64,100,central,RBSOR,1000.0,200.0,16.0,1,16.0,3.0,6.935793605,8.7283254,8.429126549,1.0,3.745619752,0.444366,0.027772900000000003,,,,,
openmp,openmp_case_8,8,case1_N64_Re100_central_steps1000_p200,c_openmp_domain_vectorized,c,openmp_domain,vectorized,64,100,central,RBGS,1000.0,200.0,1.0,1,1.0,3.0,4.180234421000001,4.183443827,4.184066802,1.0,4.184066802,1.0,1.0,,,,,
openmp,openmp_case_8,8,case1_N64_Re100_central_steps1000_p200,c_openmp_domain_vectorized,c,openmp_domain,vectorized,64,100,central,RBSOR,1000.0,200.0,1.0,1,1.0,3.0,2.852824543,2.853371332,2.853465408,1.0,2.853465408,1.0,1.0,,,,,
openmp,openmp_case_8,8,case1_N64_Re100_central_steps1000_p200,c_openmp_domain_vectorized,c,openmp_domain,vectorized,64,100,central,RBGS,1000.0,200.0,2.0,1,2.0,3.0,3.4979699139999996,3.6337261730000003,3.512595024,1.0,4.184066802,1.19116,0.595581,,,,,
openmp,openmp_case_8,8,case1_N64_Re100_central_steps1000_p200,c_openmp_domain_vectorized,c,openmp_domain,vectorized,64,100,central,RBSOR,1000.0,200.0,2.0,1,2.0,3.0,2.375647865,2.458477162,2.382107887,1.0,2.853465408,1.19787,0.5989369999999999,,,,,
openmp,openmp_case_8,8,case1_N64_Re100_central_steps1000_p200,c_openmp_domain_vectorized,c,openmp_domain,vectorized,64,100,central,RBGS,1000.0,200.0,4.0,1,4.0,3.0,3.690754652,3.722376663,3.73774717,1.0,4.184066802,1.11941,0.279852,,,,,
openmp,openmp_case_8,8,case1_N64_Re100_central_steps1000_p200,c_openmp_domain_vectorized,c,openmp_domain,vectorized,64,100,central,RBSOR,1000.0,200.0,4.0,1,4.0,3.0,2.494524714,2.5056540480000002,2.501948789,1.0,2.853465408,1.1405,0.285124,,,,,
openmp,openmp_case_8,8,case1_N64_Re100_central_steps1000_p200,c_openmp_domain_vectorized,c,openmp_domain,vectorized,64,100,central,RBGS,1000.0,200.0,8.0,1,8.0,3.0,5.498334217999999,5.536206716000001,5.517177257999999,1.0,4.184066802,0.758371,0.09479639999999999,,,,,
openmp,openmp_case_8,8,case1_N64_Re100_central_steps1000_p200,c_openmp_domain_vectorized,c,openmp_domain,vectorized,64,100,central,RBSOR,1000.0,200.0,8.0,1,8.0,3.0,3.636974364,3.658039005,3.6541975769999997,1.0,2.853465408,0.7808729999999999,0.0976092,,,,,
openmp,openmp_case_8,8,case1_N64_Re100_central_steps1000_p200,c_openmp_domain_vectorized,c,openmp_domain,vectorized,64,100,central,RBGS,1000.0,200.0,16.0,1,16.0,3.0,10.00170042,10.20008174,10.19209696,1.0,4.184066802,0.410521,0.0256575,,,,,
openmp,openmp_case_8,8,case1_N64_Re100_central_steps1000_p200,c_openmp_domain_vectorized,c,openmp_domain,vectorized,64,100,central,RBSOR,1000.0,200.0,16.0,1,16.0,3.0,6.935300872000001,7.3504881079999995,7.278118227,1.0,2.853465408,0.392061,0.0245038,,,,,
openmp,openmp_case_8,8,case1_N64_Re100_central_steps1000_p200,cpp_openmp_domain_looped,cpp,openmp_domain,looped,64,100,central,RBGS,1000.0,200.0,1.0,1,1.0,3.0,5.435706161000001,5.437720399,5.436209865,1.0,5.436209865,1.0,1.0,,,,,
openmp,openmp_case_8,8,case1_N64_Re100_central_steps1000_p200,cpp_openmp_domain_looped,cpp,openmp_domain,looped,64,100,central,RBSOR,1000.0,200.0,1.0,1,1.0,3.0,3.745189082,3.75401101,3.748893928,1.0,3.748893928,1.0,1.0,,,,,
openmp,openmp_case_8,8,case1_N64_Re100_central_steps1000_p200,cpp_openmp_domain_looped,cpp,openmp_domain,looped,64,100,central,RBGS,1000.0,200.0,2.0,1,2.0,3.0,4.181773435,4.4183004210000005,4.523388229,1.0,5.436209865,1.2018,0.6009,,,,,
openmp,openmp_case_8,8,case1_N64_Re100_central_steps1000_p200,cpp_openmp_domain_looped,cpp,openmp_domain,looped,64,100,central,RBSOR,1000.0,200.0,2.0,1,2.0,3.0,2.846129581,2.934544858,2.864402235,1.0,3.748893928,1.30879,0.6543939999999999,,,,,
openmp,openmp_case_8,8,case1_N64_Re100_central_steps1000_p200,cpp_openmp_domain_looped,cpp,openmp_domain,looped,64,100,central,RBGS,1000.0,200.0,4.0,1,4.0,3.0,3.839133467,3.8640441460000003,3.873160753,1.0,5.436209865,1.4035600000000001,0.35089000000000004,,,,,
openmp,openmp_case_8,8,case1_N64_Re100_central_steps1000_p200,cpp_openmp_domain_looped,cpp,openmp_domain,looped,64,100,central,RBSOR,1000.0,200.0,4.0,1,4.0,3.0,2.598741397,2.608339842,2.599934366,1.0,3.748893928,1.44192,0.36048,,,,,
openmp,openmp_case_8,8,case1_N64_Re100_central_steps1000_p200,cpp_openmp_domain_looped,cpp,openmp_domain,looped,64,100,central,RBGS,1000.0,200.0,8.0,1,8.0,3.0,5.316014979,5.376455896,5.383068207999999,1.0,5.436209865,1.00987,0.12623399999999999,,,,,
openmp,openmp_case_8,8,case1_N64_Re100_central_steps1000_p200,cpp_openmp_domain_looped,cpp,openmp_domain,looped,64,100,central,RBSOR,1000.0,200.0,8.0,1,8.0,3.0,3.5298444110000005,3.5374722569999997,3.536350749,1.0,3.748893928,1.0601,0.13251300000000002,,,,,
openmp,openmp_case_8,8,case1_N64_Re100_central_steps1000_p200,cpp_openmp_domain_looped,cpp,openmp_domain,looped,64,100,central,RBGS,1000.0,200.0,16.0,1,16.0,3.0,9.72843761,9.997114339,10.00505062,1.0,5.436209865,0.543347,0.0339592,,,,,
openmp,openmp_case_8,8,case1_N64_Re100_central_steps1000_p200,cpp_openmp_domain_looped,cpp,openmp_domain,looped,64,100,central,RBSOR,1000.0,200.0,16.0,1,16.0,3.0,6.231300205,6.713567453,6.586013298999999,1.0,3.748893928,0.569221,0.035576300000000005,,,,,
openmp,openmp_case_8,8,case1_N64_Re100_central_steps1000_p200,cpp_openmp_domain_vectorized,cpp,openmp_domain,vectorized,64,100,central,RBGS,1000.0,200.0,1.0,1,1.0,3.0,4.19288547,4.209452083,4.196369749,1.0,4.196369749,1.0,1.0,,,,,
openmp,openmp_case_8,8,case1_N64_Re100_central_steps1000_p200,cpp_openmp_domain_vectorized,cpp,openmp_domain,vectorized,64,100,central,RBSOR,1000.0,200.0,1.0,1,1.0,3.0,2.84350675,2.84853362,2.8462235739999997,1.0,2.8462235739999997,1.0,1.0,,,,,
openmp,openmp_case_8,8,case1_N64_Re100_central_steps1000_p200,cpp_openmp_domain_vectorized,cpp,openmp_domain,vectorized,64,100,central,RBGS,1000.0,200.0,2.0,1,2.0,3.0,3.6300262589999996,3.765099246,3.654655941,1.0,4.196369749,1.1482299999999999,0.574113,,,,,
openmp,openmp_case_8,8,case1_N64_Re100_central_steps1000_p200,cpp_openmp_domain_vectorized,cpp,openmp_domain,vectorized,64,100,central,RBSOR,1000.0,200.0,2.0,1,2.0,3.0,2.455014754,2.630386134,2.7115353680000003,1.0,2.8462235739999997,1.04967,0.524836,,,,,
openmp,openmp_case_8,8,case1_N64_Re100_central_steps1000_p200,cpp_openmp_domain_vectorized,cpp,openmp_domain,vectorized,64,100,central,RBGS,1000.0,200.0,4.0,1,4.0,3.0,3.575447485,3.587755832,3.585261695,1.0,4.196369749,1.17045,0.292613,,,,,
openmp,openmp_case_8,8,case1_N64_Re100_central_steps1000_p200,cpp_openmp_domain_vectorized,cpp,openmp_domain,vectorized,64,100,central,RBSOR,1000.0,200.0,4.0,1,4.0,3.0,2.40901592,2.434660282,2.440797042,1.0,2.8462235739999997,1.1661,0.291526,,,,,
openmp,openmp_case_8,8,case1_N64_Re100_central_steps1000_p200,cpp_openmp_domain_vectorized,cpp,openmp_domain,vectorized,64,100,central,RBGS,1000.0,200.0,8.0,1,8.0,3.0,5.188760623,5.228631027,5.194568913,1.0,4.196369749,0.8078380000000001,0.10098,,,,,
openmp,openmp_case_8,8,case1_N64_Re100_central_steps1000_p200,cpp_openmp_domain_vectorized,cpp,openmp_domain,vectorized,64,100,central,RBSOR,1000.0,200.0,8.0,1,8.0,3.0,3.410209697,3.4478112239999996,3.432887122,1.0,2.8462235739999997,0.829105,0.10363800000000001,,,,,
openmp,openmp_case_8,8,case1_N64_Re100_central_steps1000_p200,cpp_openmp_domain_vectorized,cpp,openmp_domain,vectorized,64,100,central,RBGS,1000.0,200.0,16.0,1,16.0,3.0,9.642909057,10.58187289,10.8576847,1.0,4.196369749,0.386488,0.0241555,,,,,
openmp,openmp_case_8,8,case1_N64_Re100_central_steps1000_p200,cpp_openmp_domain_vectorized,cpp,openmp_domain,vectorized,64,100,central,RBSOR,1000.0,200.0,16.0,1,16.0,3.0,6.221283946000001,6.452185909,6.513004735,1.0,2.8462235739999997,0.43700600000000006,0.0273129,,,,,
openmp,openmp_case_9,9,case1_N64_Re400_upwind_steps1000_p200,c_openmp_domain_looped,c,openmp_domain,looped,64,400,upwind,RBGS,1000.0,200.0,1.0,1,1.0,3.0,5.774204284,5.78898056,5.777566928,1.0,5.777566928,1.0,1.0,,,,,
openmp,openmp_case_9,9,case1_N64_Re400_upwind_steps1000_p200,c_openmp_domain_looped,c,openmp_domain,looped,64,400,upwind,RBSOR,1000.0,200.0,1.0,1,1.0,3.0,3.879144993,3.883692838,3.8819445260000003,1.0,3.8819445260000003,1.0,1.0,,,,,
openmp,openmp_case_9,9,case1_N64_Re400_upwind_steps1000_p200,c_openmp_domain_looped,c,openmp_domain,looped,64,400,upwind,RBGS,1000.0,200.0,2.0,1,2.0,3.0,4.421682369,4.441049131000001,4.425407257,1.0,5.777566928,1.30554,0.652772,,,,,
openmp,openmp_case_9,9,case1_N64_Re400_upwind_steps1000_p200,c_openmp_domain_looped,c,openmp_domain,looped,64,400,upwind,RBSOR,1000.0,200.0,2.0,1,2.0,3.0,2.942225657,3.031182092,2.9529595669999997,1.0,3.8819445260000003,1.31459,0.657297,,,,,
openmp,openmp_case_9,9,case1_N64_Re400_upwind_steps1000_p200,c_openmp_domain_looped,c,openmp_domain,looped,64,400,upwind,RBGS,1000.0,200.0,4.0,1,4.0,3.0,4.269029744,4.290315681,4.2827699589999995,1.0,5.777566928,1.34903,0.337256,,,,,
openmp,openmp_case_9,9,case1_N64_Re400_upwind_steps1000_p200,c_openmp_domain_looped,c,openmp_domain,looped,64,400,upwind,RBSOR,1000.0,200.0,4.0,1,4.0,3.0,2.711558316,2.7635193460000003,2.784244891,1.0,3.8819445260000003,1.39425,0.348563,,,,,
openmp,openmp_case_9,9,case1_N64_Re400_upwind_steps1000_p200,c_openmp_domain_looped,c,openmp_domain,looped,64,400,upwind,RBGS,1000.0,200.0,8.0,1,8.0,3.0,5.870871544,5.917819827000001,5.926240001,1.0,5.777566928,0.9749129999999999,0.12186400000000001,,,,,
openmp,openmp_case_9,9,case1_N64_Re400_upwind_steps1000_p200,c_openmp_domain_looped,c,openmp_domain,looped,64,400,upwind,RBSOR,1000.0,200.0,8.0,1,8.0,3.0,3.7697994639999997,3.8500909360000004,3.832426991,1.0,3.8819445260000003,1.01292,0.126615,,,,,
openmp,openmp_case_9,9,case1_N64_Re400_upwind_steps1000_p200,c_openmp_domain_looped,c,openmp_domain,looped,64,400,upwind,RBGS,1000.0,200.0,16.0,1,16.0,3.0,10.87505411,11.03713768,10.94603166,1.0,5.777566928,0.5278229999999999,0.0329889,,,,,
openmp,openmp_case_9,9,case1_N64_Re400_upwind_steps1000_p200,c_openmp_domain_looped,c,openmp_domain,looped,64,400,upwind,RBSOR,1000.0,200.0,16.0,1,16.0,3.0,6.9283085170000005,7.076253434,7.01449107,1.0,3.8819445260000003,0.5534180000000001,0.0345886,,,,,
openmp,openmp_case_9,9,case1_N64_Re400_upwind_steps1000_p200,c_openmp_domain_vectorized,c,openmp_domain,vectorized,64,400,upwind,RBGS,1000.0,200.0,1.0,1,1.0,3.0,4.469344277,4.473170818,4.472243518,1.0,4.472243518,1.0,1.0,,,,,
openmp,openmp_case_9,9,case1_N64_Re400_upwind_steps1000_p200,c_openmp_domain_vectorized,c,openmp_domain,vectorized,64,400,upwind,RBSOR,1000.0,200.0,1.0,1,1.0,3.0,2.963813912,2.9661331310000003,2.9646484930000003,1.0,2.9646484930000003,1.0,1.0,,,,,
openmp,openmp_case_9,9,case1_N64_Re400_upwind_steps1000_p200,c_openmp_domain_vectorized,c,openmp_domain,vectorized,64,400,upwind,RBGS,1000.0,200.0,2.0,1,2.0,3.0,3.709808785,3.7321300839999996,3.734069761,1.0,4.472243518,1.19769,0.598843,,,,,
openmp,openmp_case_9,9,case1_N64_Re400_upwind_steps1000_p200,c_openmp_domain_vectorized,c,openmp_domain,vectorized,64,400,upwind,RBSOR,1000.0,200.0,2.0,1,2.0,3.0,2.470559265,2.6295834030000003,2.70758529,1.0,2.9646484930000003,1.09494,0.547471,,,,,
openmp,openmp_case_9,9,case1_N64_Re400_upwind_steps1000_p200,c_openmp_domain_vectorized,c,openmp_domain,vectorized,64,400,upwind,RBGS,1000.0,200.0,4.0,1,4.0,3.0,3.946433008,3.970529382,3.9740169639999996,1.0,4.472243518,1.12537,0.281343,,,,,
openmp,openmp_case_9,9,case1_N64_Re400_upwind_steps1000_p200,c_openmp_domain_vectorized,c,openmp_domain,vectorized,64,400,upwind,RBSOR,1000.0,200.0,4.0,1,4.0,3.0,2.520505741,2.538791496,2.536307201,1.0,2.9646484930000003,1.16888,0.292221,,,,,
openmp,openmp_case_9,9,case1_N64_Re400_upwind_steps1000_p200,c_openmp_domain_vectorized,c,openmp_domain,vectorized,64,400,upwind,RBGS,1000.0,200.0,8.0,1,8.0,3.0,5.873089939,5.9140201789999995,5.877276525,1.0,4.472243518,0.760938,0.0951173,,,,,
openmp,openmp_case_9,9,case1_N64_Re400_upwind_steps1000_p200,c_openmp_domain_vectorized,c,openmp_domain,vectorized,64,400,upwind,RBSOR,1000.0,200.0,8.0,1,8.0,3.0,3.7278442380000003,3.785389721,3.759570587,1.0,2.9646484930000003,0.78856,0.09857010000000001,,,,,
openmp,openmp_case_9,9,case1_N64_Re400_upwind_steps1000_p200,c_openmp_domain_vectorized,c,openmp_domain,vectorized,64,400,upwind,RBGS,1000.0,200.0,16.0,1,16.0,3.0,10.98776433,11.96842391,12.12033616,1.0,4.472243518,0.368987,0.0230617,,,,,
openmp,openmp_case_9,9,case1_N64_Re400_upwind_steps1000_p200,c_openmp_domain_vectorized,c,openmp_domain,vectorized,64,400,upwind,RBSOR,1000.0,200.0,16.0,1,16.0,3.0,7.116443682000001,8.124636085,7.765141752000001,1.0,2.9646484930000003,0.381789,0.0238618,,,,,
openmp,openmp_case_9,9,case1_N64_Re400_upwind_steps1000_p200,cpp_openmp_domain_looped,cpp,openmp_domain,looped,64,400,upwind,RBGS,1000.0,200.0,1.0,1,1.0,3.0,5.781485755,5.783251793,5.781729814,1.0,5.781729814,1.0,1.0,,,,,
openmp,openmp_case_9,9,case1_N64_Re400_upwind_steps1000_p200,cpp_openmp_domain_looped,cpp,openmp_domain,looped,64,400,upwind,RBSOR,1000.0,200.0,1.0,1,1.0,3.0,3.8882502060000004,3.894094201,3.893415693,1.0,3.893415693,1.0,1.0,,,,,
openmp,openmp_case_9,9,case1_N64_Re400_upwind_steps1000_p200,cpp_openmp_domain_looped,cpp,openmp_domain,looped,64,400,upwind,RBGS,1000.0,200.0,2.0,1,2.0,3.0,4.449739967,4.468564525,4.4694336130000005,1.0,5.781729814,1.29362,0.6468079999999999,,,,,
openmp,openmp_case_9,9,case1_N64_Re400_upwind_steps1000_p200,cpp_openmp_domain_looped,cpp,openmp_domain,looped,64,400,upwind,RBSOR,1000.0,200.0,2.0,1,2.0,3.0,2.9598784410000003,3.03284946,2.9717942330000002,1.0,3.893415693,1.3101200000000002,0.655061,,,,,
openmp,openmp_case_9,9,case1_N64_Re400_upwind_steps1000_p200,cpp_openmp_domain_looped,cpp,openmp_domain,looped,64,400,upwind,RBGS,1000.0,200.0,4.0,1,4.0,3.0,4.083055876,4.092401907,4.096426085,1.0,5.781729814,1.41141,0.352852,,,,,
openmp,openmp_case_9,9,case1_N64_Re400_upwind_steps1000_p200,cpp_openmp_domain_looped,cpp,openmp_domain,looped,64,400,upwind,RBSOR,1000.0,200.0,4.0,1,4.0,3.0,2.635429025,2.67077461,2.676339805,1.0,3.893415693,1.45475,0.363688,,,,,
openmp,openmp_case_9,9,case1_N64_Re400_upwind_steps1000_p200,cpp_openmp_domain_looped,cpp,openmp_domain,looped,64,400,upwind,RBGS,1000.0,200.0,8.0,1,8.0,3.0,5.568205699,5.57217818,5.5704618020000005,1.0,5.781729814,1.03793,0.129741,,,,,
openmp,openmp_case_9,9,case1_N64_Re400_upwind_steps1000_p200,cpp_openmp_domain_looped,cpp,openmp_domain,looped,64,400,upwind,RBSOR,1000.0,200.0,8.0,1,8.0,3.0,3.609015252,3.6438571669999997,3.620286744,1.0,3.893415693,1.07544,0.134431,,,,,
openmp,openmp_case_9,9,case1_N64_Re400_upwind_steps1000_p200,cpp_openmp_domain_looped,cpp,openmp_domain,looped,64,400,upwind,RBGS,1000.0,200.0,16.0,1,16.0,3.0,10.19833908,10.30667579,10.2693118,1.0,5.781729814,0.56301,0.035188199999999996,,,,,
openmp,openmp_case_9,9,case1_N64_Re400_upwind_steps1000_p200,cpp_openmp_domain_looped,cpp,openmp_domain,looped,64,400,upwind,RBSOR,1000.0,200.0,16.0,1,16.0,3.0,6.537890233,6.639031682000001,6.609684076000001,1.0,3.893415693,0.589047,0.0368154,,,,,
openmp,openmp_case_9,9,case1_N64_Re400_upwind_steps1000_p200,cpp_openmp_domain_vectorized,cpp,openmp_domain,vectorized,64,400,upwind,RBGS,1000.0,200.0,1.0,1,1.0,3.0,4.455770116,4.462670231000001,4.461966522,1.0,4.461966522,1.0,1.0,,,,,
openmp,openmp_case_9,9,case1_N64_Re400_upwind_steps1000_p200,cpp_openmp_domain_vectorized,cpp,openmp_domain,vectorized,64,400,upwind,RBSOR,1000.0,200.0,1.0,1,1.0,3.0,2.96010898,2.961333143,2.9611030780000003,1.0,2.9611030780000003,1.0,1.0,,,,,
openmp,openmp_case_9,9,case1_N64_Re400_upwind_steps1000_p200,cpp_openmp_domain_vectorized,cpp,openmp_domain,vectorized,64,400,upwind,RBGS,1000.0,200.0,2.0,1,2.0,3.0,3.833107006,3.851629425,3.8432610589999996,1.0,4.461966522,1.16098,0.580492,,,,,
openmp,openmp_case_9,9,case1_N64_Re400_upwind_steps1000_p200,cpp_openmp_domain_vectorized,cpp,openmp_domain,vectorized,64,400,upwind,RBSOR,1000.0,200.0,2.0,1,2.0,3.0,2.503370304,2.5282684090000003,2.530580591,1.0,2.9611030780000003,1.17013,0.585064,,,,,
openmp,openmp_case_9,9,case1_N64_Re400_upwind_steps1000_p200,cpp_openmp_domain_vectorized,cpp,openmp_domain,vectorized,64,400,upwind,RBGS,1000.0,200.0,4.0,1,4.0,3.0,3.8152713510000003,3.823523756,3.822503723,1.0,4.461966522,1.16729,0.29182199999999997,,,,,
openmp,openmp_case_9,9,case1_N64_Re400_upwind_steps1000_p200,cpp_openmp_domain_vectorized,cpp,openmp_domain,vectorized,64,400,upwind,RBSOR,1000.0,200.0,4.0,1,4.0,3.0,2.475271348,2.5095088469999998,2.517022669,1.0,2.9611030780000003,1.1764299999999999,0.294108,,,,,
openmp,openmp_case_9,9,case1_N64_Re400_upwind_steps1000_p200,cpp_openmp_domain_vectorized,cpp,openmp_domain,vectorized,64,400,upwind,RBGS,1000.0,200.0,8.0,1,8.0,3.0,5.456503983999999,5.477821144,5.488318454,1.0,4.461966522,0.8129930000000001,0.101624,,,,,
openmp,openmp_case_9,9,case1_N64_Re400_upwind_steps1000_p200,cpp_openmp_domain_vectorized,cpp,openmp_domain,vectorized,64,400,upwind,RBSOR,1000.0,200.0,8.0,1,8.0,3.0,3.5511465369999997,3.5679396389999996,3.564491808,1.0,2.9611030780000003,0.830722,0.10384000000000002,,,,,
openmp,openmp_case_9,9,case1_N64_Re400_upwind_steps1000_p200,cpp_openmp_domain_vectorized,cpp,openmp_domain,vectorized,64,400,upwind,RBGS,1000.0,200.0,16.0,1,16.0,3.0,10.07623968,10.12587608,10.12021731,1.0,4.461966522,0.440896,0.027556,,,,,
openmp,openmp_case_9,9,case1_N64_Re400_upwind_steps1000_p200,cpp_openmp_domain_vectorized,cpp,openmp_domain,vectorized,64,400,upwind,RBSOR,1000.0,200.0,16.0,1,16.0,3.0,6.484610367999999,6.651032026,6.536230624,1.0,2.9611030780000003,0.453029,0.028314299999999997,,,,,
openmp,openmp_case_10,10,case1_N64_Re400_central_steps1000_p200,c_openmp_domain_looped,c,openmp_domain,looped,64,400,central,RBGS,1000.0,200.0,1.0,1,1.0,3.0,6.121847671,6.147335396,6.133329927999999,1.0,6.133329927999999,1.0,1.0,,,,,
openmp,openmp_case_10,10,case1_N64_Re400_central_steps1000_p200,c_openmp_domain_looped,c,openmp_domain,looped,64,400,central,RBSOR,1000.0,200.0,1.0,1,1.0,3.0,3.961393565,3.9646821819999998,3.9647184460000005,1.0,3.9647184460000005,1.0,1.0,,,,,
openmp,openmp_case_10,10,case1_N64_Re400_central_steps1000_p200,c_openmp_domain_looped,c,openmp_domain,looped,64,400,central,RBGS,1000.0,200.0,2.0,1,2.0,3.0,4.692151289,4.708474358999999,4.698591676,1.0,6.133329927999999,1.30535,0.6526770000000001,,,,,
openmp,openmp_case_10,10,case1_N64_Re400_central_steps1000_p200,c_openmp_domain_looped,c,openmp_domain,looped,64,400,central,RBSOR,1000.0,200.0,2.0,1,2.0,3.0,3.021488164,3.036912301,3.041802123,1.0,3.9647184460000005,1.30341,0.651706,,,,,
openmp,openmp_case_10,10,case1_N64_Re400_central_steps1000_p200,c_openmp_domain_looped,c,openmp_domain,looped,64,400,central,RBGS,1000.0,200.0,4.0,1,4.0,3.0,4.545579489,4.576063476,4.586842995,1.0,6.133329927999999,1.3371600000000001,0.334289,,,,,
openmp,openmp_case_10,10,case1_N64_Re400_central_steps1000_p200,c_openmp_domain_looped,c,openmp_domain,looped,64,400,central,RBSOR,1000.0,200.0,4.0,1,4.0,3.0,2.8848399710000003,2.892134008,2.892535538,1.0,3.9647184460000005,1.37067,0.342668,,,,,
openmp,openmp_case_10,10,case1_N64_Re400_central_steps1000_p200,c_openmp_domain_looped,c,openmp_domain,looped,64,400,central,RBGS,1000.0,200.0,8.0,1,8.0,3.0,6.313203294,6.345573371,6.353282052999999,1.0,6.133329927999999,0.9653799999999999,0.120672,,,,,
openmp,openmp_case_10,10,case1_N64_Re400_central_steps1000_p200,c_openmp_domain_looped,c,openmp_domain,looped,64,400,central,RBSOR,1000.0,200.0,8.0,1,8.0,3.0,3.9653618219999998,4.004810065,3.9807049,1.0,3.9647184460000005,0.995984,0.124498,,,,,
openmp,openmp_case_10,10,case1_N64_Re400_central_steps1000_p200,c_openmp_domain_looped,c,openmp_domain,looped,64,400,central,RBGS,1000.0,200.0,16.0,1,16.0,3.0,10.61573144,12.36060259,12.17589968,1.0,6.133329927999999,0.503727,0.0314829,,,,,
openmp,openmp_case_10,10,case1_N64_Re400_central_steps1000_p200,c_openmp_domain_looped,c,openmp_domain,looped,64,400,central,RBSOR,1000.0,200.0,16.0,1,16.0,3.0,7.277386151,7.916136057,7.40937775,1.0,3.9647184460000005,0.535095,0.033443400000000005,,,,,
openmp,openmp_case_10,10,case1_N64_Re400_central_steps1000_p200,c_openmp_domain_vectorized,c,openmp_domain,vectorized,64,400,central,RBGS,1000.0,200.0,1.0,1,1.0,3.0,4.731066659,4.733036067,4.731324263,1.0,4.731324263,1.0,1.0,,,,,
openmp,openmp_case_10,10,case1_N64_Re400_central_steps1000_p200,c_openmp_domain_vectorized,c,openmp_domain,vectorized,64,400,central,RBSOR,1000.0,200.0,1.0,1,1.0,3.0,3.014854442,3.0177333219999998,3.018505067,1.0,3.018505067,1.0,1.0,,,,,
openmp,openmp_case_10,10,case1_N64_Re400_central_steps1000_p200,c_openmp_domain_vectorized,c,openmp_domain,vectorized,64,400,central,RBGS,1000.0,200.0,2.0,1,2.0,3.0,3.9810921919999998,4.132106683,3.981467247,1.0,4.731324263,1.18834,0.594168,,,,,
openmp,openmp_case_10,10,case1_N64_Re400_central_steps1000_p200,c_openmp_domain_vectorized,c,openmp_domain,vectorized,64,400,central,RBSOR,1000.0,200.0,2.0,1,2.0,3.0,2.529283144,2.615030564,2.531896275,1.0,3.018505067,1.1921899999999999,0.596096,,,,,
openmp,openmp_case_10,10,case1_N64_Re400_central_steps1000_p200,c_openmp_domain_vectorized,c,openmp_domain,vectorized,64,400,central,RBGS,1000.0,200.0,4.0,1,4.0,3.0,3.8566271810000003,4.128046739,4.240082483999999,1.0,4.731324263,1.11586,0.278964,,,,,
openmp,openmp_case_10,10,case1_N64_Re400_central_steps1000_p200,c_openmp_domain_vectorized,c,openmp_domain,vectorized,64,400,central,RBSOR,1000.0,200.0,4.0,1,4.0,3.0,2.665390912,2.687906926,2.684020467,1.0,3.018505067,1.1246200000000002,0.28115500000000004,,,,,
openmp,openmp_case_10,10,case1_N64_Re400_central_steps1000_p200,c_openmp_domain_vectorized,c,openmp_domain,vectorized,64,400,central,RBGS,1000.0,200.0,8.0,1,8.0,3.0,6.155147735,6.3308597639999995,6.27251488,1.0,4.731324263,0.7542949999999999,0.0942868,,,,,
openmp,openmp_case_10,10,case1_N64_Re400_central_steps1000_p200,c_openmp_domain_vectorized,c,openmp_domain,vectorized,64,400,central,RBSOR,1000.0,200.0,8.0,1,8.0,3.0,3.830052551,3.8684454410000004,3.8876317780000003,1.0,3.018505067,0.776438,0.0970548,,,,,
openmp,openmp_case_10,10,case1_N64_Re400_central_steps1000_p200,c_openmp_domain_vectorized,c,openmp_domain,vectorized,64,400,central,RBGS,1000.0,200.0,16.0,1,16.0,3.0,11.46190145,11.73514853,11.803086500000001,1.0,4.731324263,0.400855,0.025053400000000003,,,,,
openmp,openmp_case_10,10,case1_N64_Re400_central_steps1000_p200,c_openmp_domain_vectorized,c,openmp_domain,vectorized,64,400,central,RBSOR,1000.0,200.0,16.0,1,16.0,3.0,7.262628831000001,7.284040834,7.276874799,1.0,3.018505067,0.414808,0.0259255,,,,,
openmp,openmp_case_10,10,case1_N64_Re400_central_steps1000_p200,cpp_openmp_domain_looped,cpp,openmp_domain,looped,64,400,central,RBGS,1000.0,200.0,1.0,1,1.0,3.0,6.126697984,6.148162216,6.144266717000001,1.0,6.144266717000001,1.0,1.0,,,,,
openmp,openmp_case_10,10,case1_N64_Re400_central_steps1000_p200,cpp_openmp_domain_looped,cpp,openmp_domain,looped,64,400,central,RBSOR,1000.0,200.0,1.0,1,1.0,3.0,3.959922329,3.962492908,3.9635646980000003,1.0,3.9635646980000003,1.0,1.0,,,,,
openmp,openmp_case_10,10,case1_N64_Re400_central_steps1000_p200,cpp_openmp_domain_looped,cpp,openmp_domain,looped,64,400,central,RBGS,1000.0,200.0,2.0,1,2.0,3.0,4.708528657,4.741039035,4.750670668,1.0,6.144266717000001,1.29335,0.646674,,,,,
openmp,openmp_case_10,10,case1_N64_Re400_central_steps1000_p200,cpp_openmp_domain_looped,cpp,openmp_domain,looped,64,400,central,RBSOR,1000.0,200.0,2.0,1,2.0,3.0,3.028196108,3.041139003,3.044806145,1.0,3.9635646980000003,1.30175,0.6508729999999999,,,,,
openmp,openmp_case_10,10,case1_N64_Re400_central_steps1000_p200,cpp_openmp_domain_looped,cpp,openmp_domain,looped,64,400,central,RBGS,1000.0,200.0,4.0,1,4.0,3.0,4.361673038999999,4.39310865,4.396095872,1.0,6.144266717000001,1.3976600000000001,0.349416,,,,,
openmp,openmp_case_10,10,case1_N64_Re400_central_steps1000_p200,cpp_openmp_domain_looped,cpp,openmp_domain,looped,64,400,central,RBSOR,1000.0,200.0,4.0,1,4.0,3.0,2.67257015,2.740111433,2.7728835530000002,1.0,3.9635646980000003,1.4294,0.35735,,,,,
openmp,openmp_case_10,10,case1_N64_Re400_central_steps1000_p200,cpp_openmp_domain_looped,cpp,openmp_domain,looped,64,400,central,RBGS,1000.0,200.0,8.0,1,8.0,3.0,6.019805923,6.042505736,6.032552585,1.0,6.144266717000001,1.01852,0.127315,,,,,
openmp,openmp_case_10,10,case1_N64_Re400_central_steps1000_p200,cpp_openmp_domain_looped,cpp,openmp_domain,looped,64,400,central,RBSOR,1000.0,200.0,8.0,1,8.0,3.0,3.5082670819999997,3.665113255,3.7176586389999997,1.0,3.9635646980000003,1.06615,0.133268,,,,,
openmp,openmp_case_10,10,case1_N64_Re400_central_steps1000_p200,cpp_openmp_domain_looped,cpp,openmp_domain,looped,64,400,central,RBGS,1000.0,200.0,16.0,1,16.0,3.0,10.23516351,10.82005903,11.03498784,1.0,6.144266717000001,0.5567989999999999,0.0347999,,,,,
openmp,openmp_case_10,10,case1_N64_Re400_central_steps1000_p200,cpp_openmp_domain_looped,cpp,openmp_domain,looped,64,400,central,RBSOR,1000.0,200.0,16.0,1,16.0,3.0,6.111036126,6.538373041,6.710222162000001,1.0,3.9635646980000003,0.590676,0.0369172,,,,,
openmp,openmp_case_10,10,case1_N64_Re400_central_steps1000_p200,cpp_openmp_domain_vectorized,cpp,openmp_domain,vectorized,64,400,central,RBGS,1000.0,200.0,1.0,1,1.0,3.0,4.7366771960000005,4.740583545,4.740293831000001,1.0,4.740293831000001,1.0,1.0,,,,,
openmp,openmp_case_10,10,case1_N64_Re400_central_steps1000_p200,cpp_openmp_domain_vectorized,cpp,openmp_domain,vectorized,64,400,central,RBSOR,1000.0,200.0,1.0,1,1.0,3.0,3.0139829110000003,3.0178111010000004,3.016564544,1.0,3.016564544,1.0,1.0,,,,,
openmp,openmp_case_10,10,case1_N64_Re400_central_steps1000_p200,cpp_openmp_domain_vectorized,cpp,openmp_domain,vectorized,64,400,central,RBGS,1000.0,200.0,2.0,1,2.0,3.0,4.104676712,4.12201719,4.126944892,1.0,4.740293831000001,1.14862,0.57431,,,,,
openmp,openmp_case_10,10,case1_N64_Re400_central_steps1000_p200,cpp_openmp_domain_vectorized,cpp,openmp_domain,vectorized,64,400,central,RBSOR,1000.0,200.0,2.0,1,2.0,3.0,2.580505282,2.594081859,2.589757744,1.0,3.016564544,1.1648100000000001,0.582403,,,,,
openmp,openmp_case_10,10,case1_N64_Re400_central_steps1000_p200,cpp_openmp_domain_vectorized,cpp,openmp_domain,vectorized,64,400,central,RBGS,1000.0,200.0,4.0,1,4.0,3.0,3.931014691,4.037494514,4.088854764,1.0,4.740293831000001,1.1593200000000001,0.28983000000000003,,,,,
openmp,openmp_case_10,10,case1_N64_Re400_central_steps1000_p200,cpp_openmp_domain_vectorized,cpp,openmp_domain,vectorized,64,400,central,RBSOR,1000.0,200.0,4.0,1,4.0,3.0,2.574485309,2.591102128,2.595628764,1.0,3.016564544,1.1621700000000001,0.290543,,,,,
openmp,openmp_case_10,10,case1_N64_Re400_central_steps1000_p200,cpp_openmp_domain_vectorized,cpp,openmp_domain,vectorized,64,400,central,RBGS,1000.0,200.0,8.0,1,8.0,3.0,5.25520375,5.7008207429999995,5.908498183,1.0,4.740293831000001,0.802284,0.100286,,,,,
openmp,openmp_case_10,10,case1_N64_Re400_central_steps1000_p200,cpp_openmp_domain_vectorized,cpp,openmp_domain,vectorized,64,400,central,RBSOR,1000.0,200.0,8.0,1,8.0,3.0,3.660257034,3.675813757,3.679881711,1.0,3.016564544,0.8197450000000001,0.102468,,,,,
openmp,openmp_case_10,10,case1_N64_Re400_central_steps1000_p200,cpp_openmp_domain_vectorized,cpp,openmp_domain,vectorized,64,400,central,RBGS,1000.0,200.0,16.0,1,16.0,3.0,9.779875729,10.53772037,10.88971037,1.0,4.740293831000001,0.4353,0.0272063,,,,,
openmp,openmp_case_10,10,case1_N64_Re400_central_steps1000_p200,cpp_openmp_domain_vectorized,cpp,openmp_domain,vectorized,64,400,central,RBSOR,1000.0,200.0,16.0,1,16.0,3.0,6.067660477,6.528774902,6.728300851,1.0,3.016564544,0.44833999999999996,0.0280212,,,,,
openmp,openmp_case_11,11,case1_N64_Re1000_upwind_steps2000_p250,c_openmp_domain_looped,c,openmp_domain,looped,64,1000,upwind,RBGS,2000.0,250.0,1.0,1,1.0,3.0,4.753465414,4.755336701,4.755216327,1.0,4.755216327,1.0,1.0,,,,,
openmp,openmp_case_11,11,case1_N64_Re1000_upwind_steps2000_p250,c_openmp_domain_looped,c,openmp_domain,looped,64,1000,upwind,RBSOR,2000.0,250.0,1.0,1,1.0,3.0,3.2272445110000003,3.233967107,3.2286990839999996,1.0,3.2286990839999996,1.0,1.0,,,,,
openmp,openmp_case_11,11,case1_N64_Re1000_upwind_steps2000_p250,c_openmp_domain_looped,c,openmp_domain,looped,64,1000,upwind,RBGS,2000.0,250.0,2.0,1,2.0,3.0,3.628459092,3.743204248,3.6438837719999997,1.0,4.755216327,1.3049899999999999,0.652493,,,,,
openmp,openmp_case_11,11,case1_N64_Re1000_upwind_steps2000_p250,c_openmp_domain_looped,c,openmp_domain,looped,64,1000,upwind,RBSOR,2000.0,250.0,2.0,1,2.0,3.0,2.399709191,2.405939826,2.406691335,1.0,3.2286990839999996,1.34155,0.670775,,,,,
openmp,openmp_case_11,11,case1_N64_Re1000_upwind_steps2000_p250,c_openmp_domain_looped,c,openmp_domain,looped,64,1000,upwind,RBGS,2000.0,250.0,4.0,1,4.0,3.0,3.37001542,3.408771628,3.4130047969999997,1.0,4.755216327,1.39326,0.34831599999999996,,,,,
openmp,openmp_case_11,11,case1_N64_Re1000_upwind_steps2000_p250,c_openmp_domain_looped,c,openmp_domain,looped,64,1000,upwind,RBSOR,2000.0,250.0,4.0,1,4.0,3.0,2.128027845,2.258904532,2.311604246,1.0,3.2286990839999996,1.3967399999999999,0.349184,,,,,
openmp,openmp_case_11,11,case1_N64_Re1000_upwind_steps2000_p250,c_openmp_domain_looped,c,openmp_domain,looped,64,1000,upwind,RBGS,2000.0,250.0,8.0,1,8.0,3.0,4.504012529,4.68644129,4.740370415,1.0,4.755216327,1.0031299999999999,0.125391,,,,,
openmp,openmp_case_11,11,case1_N64_Re1000_upwind_steps2000_p250,c_openmp_domain_looped,c,openmp_domain,looped,64,1000,upwind,RBSOR,2000.0,250.0,8.0,1,8.0,3.0,2.942773305,3.053363871,3.1079588680000003,1.0,3.2286990839999996,1.03885,0.129856,,,,,
openmp,openmp_case_11,11,case1_N64_Re1000_upwind_steps2000_p250,c_openmp_domain_looped,c,openmp_domain,looped,64,1000,upwind,RBGS,2000.0,250.0,16.0,1,16.0,3.0,8.625875171,10.85388703,9.714703452,1.0,4.755216327,0.489487,0.030592900000000003,,,,,
openmp,openmp_case_11,11,case1_N64_Re1000_upwind_steps2000_p250,c_openmp_domain_looped,c,openmp_domain,looped,64,1000,upwind,RBSOR,2000.0,250.0,16.0,1,16.0,3.0,5.038476542,6.366543815,5.834761962000001,1.0,3.2286990839999996,0.5533560000000001,0.034584699999999996,,,,,
openmp,openmp_case_11,11,case1_N64_Re1000_upwind_steps2000_p250,c_openmp_domain_vectorized,c,openmp_domain,vectorized,64,1000,upwind,RBGS,2000.0,250.0,1.0,1,1.0,3.0,3.642790385,3.648687469,3.647479232,1.0,3.647479232,1.0,1.0,,,,,
openmp,openmp_case_11,11,case1_N64_Re1000_upwind_steps2000_p250,c_openmp_domain_vectorized,c,openmp_domain,vectorized,64,1000,upwind,RBSOR,2000.0,250.0,1.0,1,1.0,3.0,2.436347745,2.43740986,2.436716609,1.0,2.436716609,1.0,1.0,,,,,
openmp,openmp_case_11,11,case1_N64_Re1000_upwind_steps2000_p250,c_openmp_domain_vectorized,c,openmp_domain,vectorized,64,1000,upwind,RBGS,2000.0,250.0,2.0,1,2.0,3.0,3.04423932,3.04934092,3.0458431580000003,1.0,3.647479232,1.19753,0.598763,,,,,
openmp,openmp_case_11,11,case1_N64_Re1000_upwind_steps2000_p250,c_openmp_domain_vectorized,c,openmp_domain,vectorized,64,1000,upwind,RBSOR,2000.0,250.0,2.0,1,2.0,3.0,1.999333143,2.006028424,2.00194392,1.0,2.436716609,1.21718,0.608588,,,,,
openmp,openmp_case_11,11,case1_N64_Re1000_upwind_steps2000_p250,c_openmp_domain_vectorized,c,openmp_domain,vectorized,64,1000,upwind,RBGS,2000.0,250.0,4.0,1,4.0,3.0,2.9639659110000003,3.1001025739999997,3.1200469280000003,1.0,3.647479232,1.16905,0.29226199999999997,,,,,
openmp,openmp_case_11,11,case1_N64_Re1000_upwind_steps2000_p250,c_openmp_domain_vectorized,c,openmp_domain,vectorized,64,1000,upwind,RBSOR,2000.0,250.0,4.0,1,4.0,3.0,1.928385478,2.0182995569999997,2.03763704,1.0,2.436716609,1.19585,0.298964,,,,,
openmp,openmp_case_11,11,case1_N64_Re1000_upwind_steps2000_p250,c_openmp_domain_vectorized,c,openmp_domain,vectorized,64,1000,upwind,RBGS,2000.0,250.0,8.0,1,8.0,3.0,4.258242544,4.54183829,4.676839307,1.0,3.647479232,0.779903,0.0974878,,,,,
openmp,openmp_case_11,11,case1_N64_Re1000_upwind_steps2000_p250,c_openmp_domain_vectorized,c,openmp_domain,vectorized,64,1000,upwind,RBSOR,2000.0,250.0,8.0,1,8.0,3.0,2.750945792,2.966780571,3.02321377,1.0,2.436716609,0.806002,0.10075,,,,,
openmp,openmp_case_11,11,case1_N64_Re1000_upwind_steps2000_p250,c_openmp_domain_vectorized,c,openmp_domain,vectorized,64,1000,upwind,RBGS,2000.0,250.0,16.0,1,16.0,3.0,7.8557978870000005,8.763636486000001,8.746101275,1.0,3.647479232,0.417041,0.026064999999999998,,,,,
openmp,openmp_case_11,11,case1_N64_Re1000_upwind_steps2000_p250,c_openmp_domain_vectorized,c,openmp_domain,vectorized,64,1000,upwind,RBSOR,2000.0,250.0,16.0,1,16.0,3.0,5.054884199,5.538789587999999,5.07093095,1.0,2.436716609,0.480526,0.0300329,,,,,
openmp,openmp_case_11,11,case1_N64_Re1000_upwind_steps2000_p250,cpp_openmp_domain_looped,cpp,openmp_domain,looped,64,1000,upwind,RBGS,2000.0,250.0,1.0,1,1.0,3.0,4.753127705,4.75400261,4.754315577,1.0,4.754315577,1.0,1.0,,,,,
openmp,openmp_case_11,11,case1_N64_Re1000_upwind_steps2000_p250,cpp_openmp_domain_looped,cpp,openmp_domain,looped,64,1000,upwind,RBSOR,2000.0,250.0,1.0,1,1.0,3.0,3.2224462000000003,3.224273145,3.2238276530000003,1.0,3.2238276530000003,1.0,1.0,,,,,
openmp,openmp_case_11,11,case1_N64_Re1000_upwind_steps2000_p250,cpp_openmp_domain_looped,cpp,openmp_domain,looped,64,1000,upwind,RBGS,2000.0,250.0,2.0,1,2.0,3.0,3.60200654,3.635808377,3.6447640060000004,1.0,4.754315577,1.3044200000000001,0.652212,,,,,
openmp,openmp_case_11,11,case1_N64_Re1000_upwind_steps2000_p250,cpp_openmp_domain_looped,cpp,openmp_domain,looped,64,1000,upwind,RBSOR,2000.0,250.0,2.0,1,2.0,3.0,2.4316664930000003,2.434735153,2.436091356,1.0,3.2238276530000003,1.32336,0.66168,,,,,
openmp,openmp_case_11,11,case1_N64_Re1000_upwind_steps2000_p250,cpp_openmp_domain_looped,cpp,openmp_domain,looped,64,1000,upwind,RBGS,2000.0,250.0,4.0,1,4.0,3.0,3.189011153,3.259816023,3.287738558,1.0,4.754315577,1.44607,0.361519,,,,,
openmp,openmp_case_11,11,case1_N64_Re1000_upwind_steps2000_p250,cpp_openmp_domain_looped,cpp,openmp_domain,looped,64,1000,upwind,RBSOR,2000.0,250.0,4.0,1,4.0,3.0,2.102531914,2.129114038,2.108026784,1.0,3.2238276530000003,1.52931,0.382328,,,,,
openmp,openmp_case_11,11,case1_N64_Re1000_upwind_steps2000_p250,cpp_openmp_domain_looped,cpp,openmp_domain,looped,64,1000,upwind,RBGS,2000.0,250.0,8.0,1,8.0,3.0,4.1816860810000005,4.440365137,4.529983629,1.0,4.754315577,1.04952,0.13119,,,,,
openmp,openmp_case_11,11,case1_N64_Re1000_upwind_steps2000_p250,cpp_openmp_domain_looped,cpp,openmp_domain,looped,64,1000,upwind,RBSOR,2000.0,250.0,8.0,1,8.0,3.0,2.634767219,2.7401201989999997,2.649948541,1.0,3.2238276530000003,1.21656,0.15207,,,,,
openmp,openmp_case_11,11,case1_N64_Re1000_upwind_steps2000_p250,cpp_openmp_domain_looped,cpp,openmp_domain,looped,64,1000,upwind,RBGS,2000.0,250.0,16.0,1,16.0,3.0,7.3439526,7.9680274,8.177394491,1.0,4.754315577,0.581397,0.0363373,,,,,
openmp,openmp_case_11,11,case1_N64_Re1000_upwind_steps2000_p250,cpp_openmp_domain_looped,cpp,openmp_domain,looped,64,1000,upwind,RBSOR,2000.0,250.0,16.0,1,16.0,3.0,4.684992854,5.296871966,4.790957637,1.0,3.2238276530000003,0.672898,0.0420561,,,,,
openmp,openmp_case_11,11,case1_N64_Re1000_upwind_steps2000_p250,cpp_openmp_domain_vectorized,cpp,openmp_domain,vectorized,64,1000,upwind,RBGS,2000.0,250.0,1.0,1,1.0,3.0,3.6449620130000002,3.647316967,3.645957578,1.0,3.645957578,1.0,1.0,,,,,
openmp,openmp_case_11,11,case1_N64_Re1000_upwind_steps2000_p250,cpp_openmp_domain_vectorized,cpp,openmp_domain,vectorized,64,1000,upwind,RBSOR,2000.0,250.0,1.0,1,1.0,3.0,2.438768864,2.439714325,2.439206306,1.0,2.439206306,1.0,1.0,,,,,
openmp,openmp_case_11,11,case1_N64_Re1000_upwind_steps2000_p250,cpp_openmp_domain_vectorized,cpp,openmp_domain,vectorized,64,1000,upwind,RBGS,2000.0,250.0,2.0,1,2.0,3.0,3.111894205,3.132517125,3.121937144,1.0,3.645957578,1.16785,0.5839260000000001,,,,,
openmp,openmp_case_11,11,case1_N64_Re1000_upwind_steps2000_p250,cpp_openmp_domain_vectorized,cpp,openmp_domain,vectorized,64,1000,upwind,RBSOR,2000.0,250.0,2.0,1,2.0,3.0,2.041783389,2.132772906,2.065866813,1.0,2.439206306,1.18072,0.590359,,,,,
openmp,openmp_case_11,11,case1_N64_Re1000_upwind_steps2000_p250,cpp_openmp_domain_vectorized,cpp,openmp_domain,vectorized,64,1000,upwind,RBGS,2000.0,250.0,4.0,1,4.0,3.0,2.9662187660000003,3.053680866,3.0795918810000003,1.0,3.645957578,1.18391,0.295977,,,,,
openmp,openmp_case_11,11,case1_N64_Re1000_upwind_steps2000_p250,cpp_openmp_domain_vectorized,cpp,openmp_domain,vectorized,64,1000,upwind,RBSOR,2000.0,250.0,4.0,1,4.0,3.0,1.923250195,1.993325721,2.017353326,1.0,2.439206306,1.2091100000000001,0.30227800000000005,,,,,
openmp,openmp_case_11,11,case1_N64_Re1000_upwind_steps2000_p250,cpp_openmp_domain_vectorized,cpp,openmp_domain,vectorized,64,1000,upwind,RBGS,2000.0,250.0,8.0,1,8.0,3.0,3.932561662,4.289565921,4.426669974,1.0,3.645957578,0.823634,0.10295399999999999,,,,,
openmp,openmp_case_11,11,case1_N64_Re1000_upwind_steps2000_p250,cpp_openmp_domain_vectorized,cpp,openmp_domain,vectorized,64,1000,upwind,RBSOR,2000.0,250.0,8.0,1,8.0,3.0,2.608129814,2.769970582,2.808151137,1.0,2.439206306,0.8686159999999999,0.10857699999999999,,,,,
openmp,openmp_case_11,11,case1_N64_Re1000_upwind_steps2000_p250,cpp_openmp_domain_vectorized,cpp,openmp_domain,vectorized,64,1000,upwind,RBGS,2000.0,250.0,16.0,1,16.0,3.0,8.054941341000001,8.668221387000001,8.193144418,1.0,3.645957578,0.44500100000000004,0.027812599999999996,,,,,
openmp,openmp_case_11,11,case1_N64_Re1000_upwind_steps2000_p250,cpp_openmp_domain_vectorized,cpp,openmp_domain,vectorized,64,1000,upwind,RBSOR,2000.0,250.0,16.0,1,16.0,3.0,4.702003017,5.94556781,5.2413004260000005,1.0,2.439206306,0.46538199999999996,0.029086400000000002,,,,,
openmp,openmp_case_12,12,case1_N64_Re1000_central_steps2000_p250,c_openmp_domain_looped,c,openmp_domain,looped,64,1000,central,RBGS,2000.0,250.0,1.0,1,1.0,3.0,5.221339888999999,5.2297624680000006,5.221347354,1.0,5.221347354,1.0,1.0,,,,,
openmp,openmp_case_12,12,case1_N64_Re1000_central_steps2000_p250,c_openmp_domain_looped,c,openmp_domain,looped,64,1000,central,RBSOR,2000.0,250.0,1.0,1,1.0,3.0,3.319590688,3.333433284,3.339897174,1.0,3.339897174,1.0,1.0,,,,,
openmp,openmp_case_12,12,case1_N64_Re1000_central_steps2000_p250,c_openmp_domain_looped,c,openmp_domain,looped,64,1000,central,RBGS,2000.0,250.0,2.0,1,2.0,3.0,4.024572827,4.15041517,4.060438201,1.0,5.221347354,1.28591,0.642954,,,,,
openmp,openmp_case_12,12,case1_N64_Re1000_central_steps2000_p250,c_openmp_domain_looped,c,openmp_domain,looped,64,1000,central,RBSOR,2000.0,250.0,2.0,1,2.0,3.0,2.524140872,2.602393258,2.535158247,1.0,3.339897174,1.3174299999999999,0.658716,,,,,
openmp,openmp_case_12,12,case1_N64_Re1000_central_steps2000_p250,c_openmp_domain_looped,c,openmp_domain,looped,64,1000,central,RBGS,2000.0,250.0,4.0,1,4.0,3.0,3.8084708380000003,3.8580628960000003,3.86003866,1.0,5.221347354,1.35267,0.338167,,,,,
openmp,openmp_case_12,12,case1_N64_Re1000_central_steps2000_p250,c_openmp_domain_looped,c,openmp_domain,looped,64,1000,central,RBSOR,2000.0,250.0,4.0,1,4.0,3.0,2.329897746,2.3665403130000002,2.380709387,1.0,3.339897174,1.4029,0.350725,,,,,
openmp,openmp_case_12,12,case1_N64_Re1000_central_steps2000_p250,c_openmp_domain_looped,c,openmp_domain,looped,64,1000,central,RBGS,2000.0,250.0,8.0,1,8.0,3.0,5.32708551,5.410874511,5.364959434,1.0,5.221347354,0.973231,0.121654,,,,,
openmp,openmp_case_12,12,case1_N64_Re1000_central_steps2000_p250,c_openmp_domain_looped,c,openmp_domain,looped,64,1000,central,RBSOR,2000.0,250.0,8.0,1,8.0,3.0,3.2076686469999998,3.2763949119999998,3.252889175,1.0,3.339897174,1.02675,0.128343,,,,,
openmp,openmp_case_12,12,case1_N64_Re1000_central_steps2000_p250,c_openmp_domain_looped,c,openmp_domain,looped,64,1000,central,RBGS,2000.0,250.0,16.0,1,16.0,3.0,10.10182392,11.52350832,11.737327800000001,1.0,5.221347354,0.44485,0.0278031,,,,,
openmp,openmp_case_12,12,case1_N64_Re1000_central_steps2000_p250,c_openmp_domain_looped,c,openmp_domain,looped,64,1000,central,RBSOR,2000.0,250.0,16.0,1,16.0,3.0,6.291848268,6.5387788339999995,6.361288432,1.0,3.339897174,0.525035,0.0328147,,,,,
openmp,openmp_case_12,12,case1_N64_Re1000_central_steps2000_p250,c_openmp_domain_vectorized,c,openmp_domain,vectorized,64,1000,central,RBGS,2000.0,250.0,1.0,1,1.0,3.0,4.030489173,4.032286974,4.03064879,1.0,4.03064879,1.0,1.0,,,,,
openmp,openmp_case_12,12,case1_N64_Re1000_central_steps2000_p250,c_openmp_domain_vectorized,c,openmp_domain,vectorized,64,1000,central,RBSOR,2000.0,250.0,1.0,1,1.0,3.0,2.506180927,2.508853181,2.5098721790000003,1.0,2.5098721790000003,1.0,1.0,,,,,
openmp,openmp_case_12,12,case1_N64_Re1000_central_steps2000_p250,c_openmp_domain_vectorized,c,openmp_domain,vectorized,64,1000,central,RBGS,2000.0,250.0,2.0,1,2.0,3.0,3.380407564,3.5157855660000004,3.406688478,1.0,4.03064879,1.18316,0.591579,,,,,
openmp,openmp_case_12,12,case1_N64_Re1000_central_steps2000_p250,c_openmp_domain_vectorized,c,openmp_domain,vectorized,64,1000,central,RBSOR,2000.0,250.0,2.0,1,2.0,3.0,2.078182057,2.155521845,2.091488183,1.0,2.5098721790000003,1.20004,0.600021,,,,,
openmp,openmp_case_12,12,case1_N64_Re1000_central_steps2000_p250,c_openmp_domain_vectorized,c,openmp_domain,vectorized,64,1000,central,RBGS,2000.0,250.0,4.0,1,4.0,3.0,3.5924202689999998,3.6260459139999996,3.6311599310000005,1.0,4.03064879,1.11002,0.277504,,,,,
openmp,openmp_case_12,12,case1_N64_Re1000_central_steps2000_p250,c_openmp_domain_vectorized,c,openmp_domain,vectorized,64,1000,central,RBSOR,2000.0,250.0,4.0,1,4.0,3.0,2.148775529,2.167327087,2.157479841,1.0,2.5098721790000003,1.16334,0.29083400000000004,,,,,
openmp,openmp_case_12,12,case1_N64_Re1000_central_steps2000_p250,c_openmp_domain_vectorized,c,openmp_domain,vectorized,64,1000,central,RBGS,2000.0,250.0,8.0,1,8.0,3.0,5.208727535,5.338395601,5.299008485,1.0,4.03064879,0.760642,0.0950803,,,,,
openmp,openmp_case_12,12,case1_N64_Re1000_central_steps2000_p250,c_openmp_domain_vectorized,c,openmp_domain,vectorized,64,1000,central,RBSOR,2000.0,250.0,8.0,1,8.0,3.0,3.2023905889999997,3.2490543339999998,3.2350474780000003,1.0,2.5098721790000003,0.775838,0.0969797,,,,,
openmp,openmp_case_12,12,case1_N64_Re1000_central_steps2000_p250,c_openmp_domain_vectorized,c,openmp_domain,vectorized,64,1000,central,RBGS,2000.0,250.0,16.0,1,16.0,3.0,9.266099002,9.933694649,10.03652081,1.0,4.03064879,0.401598,0.0250999,,,,,
openmp,openmp_case_12,12,case1_N64_Re1000_central_steps2000_p250,c_openmp_domain_vectorized,c,openmp_domain,vectorized,64,1000,central,RBSOR,2000.0,250.0,16.0,1,16.0,3.0,5.969847079,6.16626715,6.080696873,1.0,2.5098721790000003,0.412761,0.0257975,,,,,
openmp,openmp_case_12,12,case1_N64_Re1000_central_steps2000_p250,cpp_openmp_domain_looped,cpp,openmp_domain,looped,64,1000,central,RBGS,2000.0,250.0,1.0,1,1.0,3.0,5.235660546,5.2380080069999995,5.237014156,1.0,5.237014156,1.0,1.0,,,,,
openmp,openmp_case_12,12,case1_N64_Re1000_central_steps2000_p250,cpp_openmp_domain_looped,cpp,openmp_domain,looped,64,1000,central,RBSOR,2000.0,250.0,1.0,1,1.0,3.0,3.316506814,3.317330985,3.317613881,1.0,3.317613881,1.0,1.0,,,,,
openmp,openmp_case_12,12,case1_N64_Re1000_central_steps2000_p250,cpp_openmp_domain_looped,cpp,openmp_domain,looped,64,1000,central,RBGS,2000.0,250.0,2.0,1,2.0,3.0,4.014788676,4.033514146,4.030084726,1.0,5.237014156,1.29948,0.64974,,,,,
openmp,openmp_case_12,12,case1_N64_Re1000_central_steps2000_p250,cpp_openmp_domain_looped,cpp,openmp_domain,looped,64,1000,central,RBSOR,2000.0,250.0,2.0,1,2.0,3.0,2.525578204,2.583687613,2.5287288169999997,1.0,3.317613881,1.31197,0.655985,,,,,
openmp,openmp_case_12,12,case1_N64_Re1000_central_steps2000_p250,cpp_openmp_domain_looped,cpp,openmp_domain,looped,64,1000,central,RBGS,2000.0,250.0,4.0,1,4.0,3.0,3.7026850660000004,3.724374803,3.730791066,1.0,5.237014156,1.40373,0.350932,,,,,
openmp,openmp_case_12,12,case1_N64_Re1000_central_steps2000_p250,cpp_openmp_domain_looped,cpp,openmp_domain,looped,64,1000,central,RBSOR,2000.0,250.0,4.0,1,4.0,3.0,2.2681162319999997,2.273463392,2.273404315,1.0,3.317613881,1.4593200000000002,0.364829,,,,,
openmp,openmp_case_12,12,case1_N64_Re1000_central_steps2000_p250,cpp_openmp_domain_looped,cpp,openmp_domain,looped,64,1000,central,RBGS,2000.0,250.0,8.0,1,8.0,3.0,5.012711756,5.059645141,5.040679041000001,1.0,5.237014156,1.03895,0.129869,,,,,
openmp,openmp_case_12,12,case1_N64_Re1000_central_steps2000_p250,cpp_openmp_domain_looped,cpp,openmp_domain,looped,64,1000,central,RBSOR,2000.0,250.0,8.0,1,8.0,3.0,3.031225029,3.045433433,3.052098025,1.0,3.317613881,1.08699,0.135874,,,,,
openmp,openmp_case_12,12,case1_N64_Re1000_central_steps2000_p250,cpp_openmp_domain_looped,cpp,openmp_domain,looped,64,1000,central,RBGS,2000.0,250.0,16.0,1,16.0,3.0,9.241779134,9.843619931000001,9.455301326,1.0,5.237014156,0.553871,0.034616900000000006,,,,,
openmp,openmp_case_12,12,case1_N64_Re1000_central_steps2000_p250,cpp_openmp_domain_looped,cpp,openmp_domain,looped,64,1000,central,RBSOR,2000.0,250.0,16.0,1,16.0,3.0,5.565627322,5.976947953,5.594643007999999,1.0,3.317613881,0.5929979999999999,0.0370624,,,,,
openmp,openmp_case_12,12,case1_N64_Re1000_central_steps2000_p250,cpp_openmp_domain_vectorized,cpp,openmp_domain,vectorized,64,1000,central,RBGS,2000.0,250.0,1.0,1,1.0,3.0,4.028795563,4.029619531,4.029093649,1.0,4.029093649,1.0,1.0,,,,,
openmp,openmp_case_12,12,case1_N64_Re1000_central_steps2000_p250,cpp_openmp_domain_vectorized,cpp,openmp_domain,vectorized,64,1000,central,RBSOR,2000.0,250.0,1.0,1,1.0,3.0,2.5098727640000003,2.511681631,2.510574836,1.0,2.510574836,1.0,1.0,,,,,
openmp,openmp_case_12,12,case1_N64_Re1000_central_steps2000_p250,cpp_openmp_domain_vectorized,cpp,openmp_domain,vectorized,64,1000,central,RBGS,2000.0,250.0,2.0,1,2.0,3.0,3.493483126,3.730127048,3.843741614,1.0,4.029093649,1.0482200000000002,0.524111,,,,,
openmp,openmp_case_12,12,case1_N64_Re1000_central_steps2000_p250,cpp_openmp_domain_vectorized,cpp,openmp_domain,vectorized,64,1000,central,RBSOR,2000.0,250.0,2.0,1,2.0,3.0,2.143194217,2.158280836,2.16244271,1.0,2.510574836,1.16099,0.580495,,,,,
openmp,openmp_case_12,12,case1_N64_Re1000_central_steps2000_p250,cpp_openmp_domain_vectorized,cpp,openmp_domain,vectorized,64,1000,central,RBGS,2000.0,250.0,4.0,1,4.0,3.0,3.4288329330000002,3.444361334,3.434510216,1.0,4.029093649,1.1731200000000002,0.29328000000000004,,,,,
openmp,openmp_case_12,12,case1_N64_Re1000_central_steps2000_p250,cpp_openmp_domain_vectorized,cpp,openmp_domain,vectorized,64,1000,central,RBSOR,2000.0,250.0,4.0,1,4.0,3.0,2.0764582380000003,2.112751905,2.119454641,1.0,2.510574836,1.18454,0.296135,,,,,
openmp,openmp_case_12,12,case1_N64_Re1000_central_steps2000_p250,cpp_openmp_domain_vectorized,cpp,openmp_domain,vectorized,64,1000,central,RBGS,2000.0,250.0,8.0,1,8.0,3.0,4.998310816,5.040604038,5.05923301,1.0,4.029093649,0.796384,0.099548,,,,,
openmp,openmp_case_12,12,case1_N64_Re1000_central_steps2000_p250,cpp_openmp_domain_vectorized,cpp,openmp_domain,vectorized,64,1000,central,RBSOR,2000.0,250.0,8.0,1,8.0,3.0,2.7071680239999996,2.910853392,3.001612745,1.0,2.510574836,0.8364090000000001,0.104551,,,,,
openmp,openmp_case_12,12,case1_N64_Re1000_central_steps2000_p250,cpp_openmp_domain_vectorized,cpp,openmp_domain,vectorized,64,1000,central,RBGS,2000.0,250.0,16.0,1,16.0,3.0,9.227957655,9.338987395,9.346909773,1.0,4.029093649,0.431062,0.0269413,,,,,
openmp,openmp_case_12,12,case1_N64_Re1000_central_steps2000_p250,cpp_openmp_domain_vectorized,cpp,openmp_domain,vectorized,64,1000,central,RBSOR,2000.0,250.0,16.0,1,16.0,3.0,5.437083464,5.477948955,5.491224151,1.0,2.510574836,0.45719799999999994,0.028574900000000004,,,,,
openmp,openmp_case_13,13,case1_N128_Re100_upwind_steps2500_p250,c_openmp_domain_looped,c,openmp_domain,looped,128,100,upwind,RBGS,2500.0,250.0,1.0,1,1.0,3.0,8.617761917000001,8.631412461,8.636768527000001,1.0,8.636768527000001,1.0,1.0,,,,,
openmp,openmp_case_13,13,case1_N128_Re100_upwind_steps2500_p250,c_openmp_domain_looped,c,openmp_domain,looped,128,100,upwind,RBSOR,2500.0,250.0,1.0,1,1.0,3.0,7.237208765,7.240879325,7.2406828029999994,1.0,7.2406828029999994,1.0,1.0,,,,,
openmp,openmp_case_13,13,case1_N128_Re100_upwind_steps2500_p250,c_openmp_domain_looped,c,openmp_domain,looped,128,100,upwind,RBGS,2500.0,250.0,2.0,1,2.0,3.0,4.901778959,5.0030593969999995,5.042616237,1.0,8.636768527000001,1.7127599999999998,0.8563780000000001,,,,,
openmp,openmp_case_13,13,case1_N128_Re100_upwind_steps2500_p250,c_openmp_domain_looped,c,openmp_domain,looped,128,100,upwind,RBSOR,2500.0,250.0,2.0,1,2.0,3.0,4.105407216000001,4.148845639,4.10700085,1.0,7.2406828029999994,1.7630099999999997,0.8815049999999999,,,,,
openmp,openmp_case_13,13,case1_N128_Re100_upwind_steps2500_p250,c_openmp_domain_looped,c,openmp_domain,looped,128,100,upwind,RBGS,2500.0,250.0,4.0,1,4.0,3.0,3.160777185,3.1725415389999996,3.1769743260000003,1.0,8.636768527000001,2.71855,0.679638,,,,,
openmp,openmp_case_13,13,case1_N128_Re100_upwind_steps2500_p250,c_openmp_domain_looped,c,openmp_domain,looped,128,100,upwind,RBSOR,2500.0,250.0,4.0,1,4.0,3.0,2.6366621,2.640810239,2.63954911,1.0,7.2406828029999994,2.74315,0.6857880000000001,,,,,
openmp,openmp_case_13,13,case1_N128_Re100_upwind_steps2500_p250,c_openmp_domain_looped,c,openmp_domain,looped,128,100,upwind,RBGS,2500.0,250.0,8.0,1,8.0,3.0,2.909351967,2.927791085,2.916777518,1.0,8.636768527000001,2.96107,0.370133,,,,,
openmp,openmp_case_13,13,case1_N128_Re100_upwind_steps2500_p250,c_openmp_domain_looped,c,openmp_domain,looped,128,100,upwind,RBSOR,2500.0,250.0,8.0,1,8.0,3.0,2.391463105,2.409098649,2.397728316,1.0,7.2406828029999994,3.0198099999999997,0.37747600000000003,,,,,
openmp,openmp_case_13,13,case1_N128_Re100_upwind_steps2500_p250,c_openmp_domain_looped,c,openmp_domain,looped,128,100,upwind,RBGS,2500.0,250.0,16.0,1,16.0,3.0,4.244812541,4.785782615,4.2644875980000005,1.0,8.636768527000001,2.02528,0.12658,,,,,
openmp,openmp_case_13,13,case1_N128_Re100_upwind_steps2500_p250,c_openmp_domain_looped,c,openmp_domain,looped,128,100,upwind,RBSOR,2500.0,250.0,16.0,1,16.0,3.0,3.441889245,4.183366545,3.498034544,1.0,7.2406828029999994,2.06993,0.129371,,,,,
openmp,openmp_case_13,13,case1_N128_Re100_upwind_steps2500_p250,c_openmp_domain_vectorized,c,openmp_domain,vectorized,128,100,upwind,RBGS,2500.0,250.0,1.0,1,1.0,3.0,6.092463605,6.098118228,6.098912474,1.0,6.098912474,1.0,1.0,,,,,
openmp,openmp_case_13,13,case1_N128_Re100_upwind_steps2500_p250,c_openmp_domain_vectorized,c,openmp_domain,vectorized,128,100,upwind,RBSOR,2500.0,250.0,1.0,1,1.0,3.0,5.017316967,5.018206394,5.017954201,1.0,5.017954201,1.0,1.0,,,,,
openmp,openmp_case_13,13,case1_N128_Re100_upwind_steps2500_p250,c_openmp_domain_vectorized,c,openmp_domain,vectorized,128,100,upwind,RBGS,2500.0,250.0,2.0,1,2.0,3.0,3.653213669,3.718379188,3.6709534410000004,1.0,6.098912474,1.6614,0.830699,,,,,
openmp,openmp_case_13,13,case1_N128_Re100_upwind_steps2500_p250,c_openmp_domain_vectorized,c,openmp_domain,vectorized,128,100,upwind,RBSOR,2500.0,250.0,2.0,1,2.0,3.0,3.0243909280000003,3.068095523,3.025928155,1.0,5.017954201,1.65832,0.82916,,,,,
openmp,openmp_case_13,13,case1_N128_Re100_upwind_steps2500_p250,c_openmp_domain_vectorized,c,openmp_domain,vectorized,128,100,upwind,RBGS,2500.0,250.0,4.0,1,4.0,3.0,2.565047901,2.570668059,2.569861274,1.0,6.098912474,2.37325,0.5933109999999999,,,,,
openmp,openmp_case_13,13,case1_N128_Re100_upwind_steps2500_p250,c_openmp_domain_vectorized,c,openmp_domain,vectorized,128,100,upwind,RBSOR,2500.0,250.0,4.0,1,4.0,3.0,2.117613401,2.126934235,2.131114479,1.0,5.017954201,2.35462,0.588654,,,,,
openmp,openmp_case_13,13,case1_N128_Re100_upwind_steps2500_p250,c_openmp_domain_vectorized,c,openmp_domain,vectorized,128,100,upwind,RBGS,2500.0,250.0,8.0,1,8.0,3.0,2.482980616,2.610205741,2.630338002,1.0,6.098912474,2.31868,0.289835,,,,,
openmp,openmp_case_13,13,case1_N128_Re100_upwind_steps2500_p250,c_openmp_domain_vectorized,c,openmp_domain,vectorized,128,100,upwind,RBSOR,2500.0,250.0,8.0,1,8.0,3.0,2.1329096180000002,2.161133155,2.13305613,1.0,5.017954201,2.3524700000000003,0.294059,,,,,
openmp,openmp_case_13,13,case1_N128_Re100_upwind_steps2500_p250,c_openmp_domain_vectorized,c,openmp_domain,vectorized,128,100,upwind,RBGS,2500.0,250.0,16.0,1,16.0,3.0,4.066235445,4.150323623999999,4.117657274,1.0,6.098912474,1.48116,0.0925725,,,,,
openmp,openmp_case_13,13,case1_N128_Re100_upwind_steps2500_p250,c_openmp_domain_vectorized,c,openmp_domain,vectorized,128,100,upwind,RBSOR,2500.0,250.0,16.0,1,16.0,3.0,3.0438597689999995,3.4282987339999997,3.298783105,1.0,5.017954201,1.52115,0.0950721,,,,,
openmp,openmp_case_13,13,case1_N128_Re100_upwind_steps2500_p250,cpp_openmp_domain_looped,cpp,openmp_domain,looped,128,100,upwind,RBGS,2500.0,250.0,1.0,1,1.0,3.0,8.685697872,8.688932183,8.687637225,1.0,8.687637225,1.0,1.0,,,,,
openmp,openmp_case_13,13,case1_N128_Re100_upwind_steps2500_p250,cpp_openmp_domain_looped,cpp,openmp_domain,looped,128,100,upwind,RBSOR,2500.0,250.0,1.0,1,1.0,3.0,7.257703379,7.274184967,7.282226752000001,1.0,7.282226752000001,1.0,1.0,,,,,
openmp,openmp_case_13,13,case1_N128_Re100_upwind_steps2500_p250,cpp_openmp_domain_looped,cpp,openmp_domain,looped,128,100,upwind,RBGS,2500.0,250.0,2.0,1,2.0,3.0,5.082750279,5.097993869,5.088582572,1.0,8.687637225,1.70728,0.85364,,,,,
openmp,openmp_case_13,13,case1_N128_Re100_upwind_steps2500_p250,cpp_openmp_domain_looped,cpp,openmp_domain,looped,128,100,upwind,RBSOR,2500.0,250.0,2.0,1,2.0,3.0,4.123772152,4.20486083,4.241764423,1.0,7.282226752000001,1.71679,0.8583959999999999,,,,,
openmp,openmp_case_13,13,case1_N128_Re100_upwind_steps2500_p250,cpp_openmp_domain_looped,cpp,openmp_domain,looped,128,100,upwind,RBGS,2500.0,250.0,4.0,1,4.0,3.0,3.188625105,3.202568972,3.204081267,1.0,8.687637225,2.71143,0.6778569999999999,,,,,
openmp,openmp_case_13,13,case1_N128_Re100_upwind_steps2500_p250,cpp_openmp_domain_looped,cpp,openmp_domain,looped,128,100,upwind,RBSOR,2500.0,250.0,4.0,1,4.0,3.0,2.648205627,2.6651548369999998,2.664563067,1.0,7.282226752000001,2.73299,0.683248,,,,,
openmp,openmp_case_13,13,case1_N128_Re100_upwind_steps2500_p250,cpp_openmp_domain_looped,cpp,openmp_domain,looped,128,100,upwind,RBGS,2500.0,250.0,8.0,1,8.0,3.0,2.98593488,3.001288733,3.000627782,1.0,8.687637225,2.89527,0.36190900000000004,,,,,
openmp,openmp_case_13,13,case1_N128_Re100_upwind_steps2500_p250,cpp_openmp_domain_looped,cpp,openmp_domain,looped,128,100,upwind,RBSOR,2500.0,250.0,8.0,1,8.0,3.0,2.379950933,2.434674189,2.446043257,1.0,7.282226752000001,2.97715,0.372143,,,,,
openmp,openmp_case_13,13,case1_N128_Re100_upwind_steps2500_p250,cpp_openmp_domain_looped,cpp,openmp_domain,looped,128,100,upwind,RBGS,2500.0,250.0,16.0,1,16.0,3.0,5.334259845,5.440054392,5.48018818,1.0,8.687637225,1.58528,0.0990801,,,,,
openmp,openmp_case_13,13,case1_N128_Re100_upwind_steps2500_p250,cpp_openmp_domain_looped,cpp,openmp_domain,looped,128,100,upwind,RBSOR,2500.0,250.0,16.0,1,16.0,3.0,3.4183175080000003,3.6141265689999997,3.4518660939999997,1.0,7.282226752000001,2.10965,0.131853,,,,,
openmp,openmp_case_13,13,case1_N128_Re100_upwind_steps2500_p250,cpp_openmp_domain_vectorized,cpp,openmp_domain,vectorized,128,100,upwind,RBGS,2500.0,250.0,1.0,1,1.0,3.0,6.056213606,6.057269899,6.057654962000001,1.0,6.057654962000001,1.0,1.0,,,,,
openmp,openmp_case_13,13,case1_N128_Re100_upwind_steps2500_p250,cpp_openmp_domain_vectorized,cpp,openmp_domain,vectorized,128,100,upwind,RBSOR,2500.0,250.0,1.0,1,1.0,3.0,4.984909143,4.98550933,4.985250074,1.0,4.985250074,1.0,1.0,,,,,
openmp,openmp_case_13,13,case1_N128_Re100_upwind_steps2500_p250,cpp_openmp_domain_vectorized,cpp,openmp_domain,vectorized,128,100,upwind,RBGS,2500.0,250.0,2.0,1,2.0,3.0,3.655404232,3.701995987,3.6584866939999996,1.0,6.057654962000001,1.65578,0.8278909999999999,,,,,
openmp,openmp_case_13,13,case1_N128_Re100_upwind_steps2500_p250,cpp_openmp_domain_vectorized,cpp,openmp_domain,vectorized,128,100,upwind,RBSOR,2500.0,250.0,2.0,1,2.0,3.0,3.000032432,3.043343445,3.014606521,1.0,4.985250074,1.6537,0.826849,,,,,
openmp,openmp_case_13,13,case1_N128_Re100_upwind_steps2500_p250,cpp_openmp_domain_vectorized,cpp,openmp_domain,vectorized,128,100,upwind,RBGS,2500.0,250.0,4.0,1,4.0,3.0,2.544397574,2.550011198,2.549544569,1.0,6.057654962000001,2.3759799999999998,0.5939939999999999,,,,,
openmp,openmp_case_13,13,case1_N128_Re100_upwind_steps2500_p250,cpp_openmp_domain_vectorized,cpp,openmp_domain,vectorized,128,100,upwind,RBSOR,2500.0,250.0,4.0,1,4.0,3.0,2.089516159,2.105277367,2.102166932,1.0,4.985250074,2.37148,0.59287,,,,,
openmp,openmp_case_13,13,case1_N128_Re100_upwind_steps2500_p250,cpp_openmp_domain_vectorized,cpp,openmp_domain,vectorized,128,100,upwind,RBGS,2500.0,250.0,8.0,1,8.0,3.0,2.596551366,2.6238995259999998,2.6123277430000003,1.0,6.057654962000001,2.31887,0.28985900000000003,,,,,
openmp,openmp_case_13,13,case1_N128_Re100_upwind_steps2500_p250,cpp_openmp_domain_vectorized,cpp,openmp_domain,vectorized,128,100,upwind,RBSOR,2500.0,250.0,8.0,1,8.0,3.0,2.117836717,2.1370962490000003,2.121351942,1.0,4.985250074,2.35003,0.293754,,,,,
openmp,openmp_case_13,13,case1_N128_Re100_upwind_steps2500_p250,cpp_openmp_domain_vectorized,cpp,openmp_domain,vectorized,128,100,upwind,RBGS,2500.0,250.0,16.0,1,16.0,3.0,3.952719517,4.287460621,4.054831114,1.0,6.057654962000001,1.49394,0.09337100000000001,,,,,
openmp,openmp_case_13,13,case1_N128_Re100_upwind_steps2500_p250,cpp_openmp_domain_vectorized,cpp,openmp_domain,vectorized,128,100,upwind,RBSOR,2500.0,250.0,16.0,1,16.0,3.0,3.1767845639999996,3.407201332,3.193823393,1.0,4.985250074,1.5609,0.0975565,,,,,
openmp,openmp_case_14,14,case1_N128_Re100_central_steps2500_p250,c_openmp_domain_looped,c,openmp_domain,looped,128,100,central,RBGS,2500.0,250.0,1.0,1,1.0,3.0,24.25209583,24.26326108,24.25985526,1.0,24.25985526,1.0,1.0,,,,,
openmp,openmp_case_14,14,case1_N128_Re100_central_steps2500_p250,c_openmp_domain_looped,c,openmp_domain,looped,128,100,central,RBSOR,2500.0,250.0,1.0,1,1.0,3.0,20.14648867,20.15706011,20.14832966,1.0,20.14832966,1.0,1.0,,,,,
openmp,openmp_case_14,14,case1_N128_Re100_central_steps2500_p250,c_openmp_domain_looped,c,openmp_domain,looped,128,100,central,RBGS,2500.0,250.0,2.0,1,2.0,3.0,13.88275152,13.898122899999999,13.89815936,1.0,24.25985526,1.74554,0.8727719999999999,,,,,
openmp,openmp_case_14,14,case1_N128_Re100_central_steps2500_p250,c_openmp_domain_looped,c,openmp_domain,looped,128,100,central,RBSOR,2500.0,250.0,2.0,1,2.0,3.0,11.5274427,11.67537113,11.56953769,1.0,20.14832966,1.7415,0.870749,,,,,
openmp,openmp_case_14,14,case1_N128_Re100_central_steps2500_p250,c_openmp_domain_looped,c,openmp_domain,looped,128,100,central,RBGS,2500.0,250.0,4.0,1,4.0,3.0,9.078788772000001,9.126976562000001,9.150812596,1.0,24.25985526,2.6511099999999996,0.662779,,,,,
openmp,openmp_case_14,14,case1_N128_Re100_central_steps2500_p250,c_openmp_domain_looped,c,openmp_domain,looped,128,100,central,RBSOR,2500.0,250.0,4.0,1,4.0,3.0,7.484696772,7.523203615,7.5276370870000004,1.0,20.14832966,2.67658,0.669145,,,,,
openmp,openmp_case_14,14,case1_N128_Re100_central_steps2500_p250,c_openmp_domain_looped,c,openmp_domain,looped,128,100,central,RBGS,2500.0,250.0,8.0,1,8.0,3.0,8.826235816,8.8718898,8.842889897000001,1.0,24.25985526,2.74343,0.342929,,,,,
openmp,openmp_case_14,14,case1_N128_Re100_central_steps2500_p250,c_openmp_domain_looped,c,openmp_domain,looped,128,100,central,RBSOR,2500.0,250.0,8.0,1,8.0,3.0,7.283160482,7.362237101,7.289508857,1.0,20.14832966,2.76402,0.345502,,,,,
openmp,openmp_case_14,14,case1_N128_Re100_central_steps2500_p250,c_openmp_domain_looped,c,openmp_domain,looped,128,100,central,RBGS,2500.0,250.0,16.0,1,16.0,3.0,12.49623092,13.29712566,13.47577979,1.0,24.25985526,1.8002599999999997,0.112516,,,,,
openmp,openmp_case_14,14,case1_N128_Re100_central_steps2500_p250,c_openmp_domain_looped,c,openmp_domain,looped,128,100,central,RBSOR,2500.0,250.0,16.0,1,16.0,3.0,11.12010057,11.17618433,11.14835681,1.0,20.14832966,1.80729,0.112956,,,,,
openmp,openmp_case_14,14,case1_N128_Re100_central_steps2500_p250,c_openmp_domain_vectorized,c,openmp_domain,vectorized,128,100,central,RBGS,2500.0,250.0,1.0,1,1.0,3.0,18.08786066,18.09237483,18.09130534,1.0,18.09130534,1.0,1.0,,,,,
openmp,openmp_case_14,14,case1_N128_Re100_central_steps2500_p250,c_openmp_domain_vectorized,c,openmp_domain,vectorized,128,100,central,RBSOR,2500.0,250.0,1.0,1,1.0,3.0,14.89618398,14.89933197,14.89896002,1.0,14.89896002,1.0,1.0,,,,,
openmp,openmp_case_14,14,case1_N128_Re100_central_steps2500_p250,c_openmp_domain_vectorized,c,openmp_domain,vectorized,128,100,central,RBGS,2500.0,250.0,2.0,1,2.0,3.0,10.91564351,10.96396741,10.98551059,1.0,18.09130534,1.64683,0.823417,,,,,
openmp,openmp_case_14,14,case1_N128_Re100_central_steps2500_p250,c_openmp_domain_vectorized,c,openmp_domain,vectorized,128,100,central,RBSOR,2500.0,250.0,2.0,1,2.0,3.0,9.040322247999999,9.280940386000001,9.382320738999999,1.0,14.89896002,1.58798,0.793991,,,,,
openmp,openmp_case_14,14,case1_N128_Re100_central_steps2500_p250,c_openmp_domain_vectorized,c,openmp_domain,vectorized,128,100,central,RBGS,2500.0,250.0,4.0,1,4.0,3.0,7.645336557,7.674134221,7.6799864620000005,1.0,18.09130534,2.35564,0.588911,,,,,
openmp,openmp_case_14,14,case1_N128_Re100_central_steps2500_p250,c_openmp_domain_vectorized,c,openmp_domain,vectorized,128,100,central,RBSOR,2500.0,250.0,4.0,1,4.0,3.0,6.328189001,6.361543654,6.37708699,1.0,14.89896002,2.33633,0.584082,,,,,
openmp,openmp_case_14,14,case1_N128_Re100_central_steps2500_p250,c_openmp_domain_vectorized,c,openmp_domain,vectorized,128,100,central,RBGS,2500.0,250.0,8.0,1,8.0,3.0,8.221548893,8.322591228,8.242942032,1.0,18.09130534,2.19476,0.274345,,,,,
openmp,openmp_case_14,14,case1_N128_Re100_central_steps2500_p250,c_openmp_domain_vectorized,c,openmp_domain,vectorized,128,100,central,RBSOR,2500.0,250.0,8.0,1,8.0,3.0,6.679080781000001,6.747424323,6.7573585320000005,1.0,14.89896002,2.20485,0.275606,,,,,
openmp,openmp_case_14,14,case1_N128_Re100_central_steps2500_p250,c_openmp_domain_vectorized,c,openmp_domain,vectorized,128,100,central,RBGS,2500.0,250.0,16.0,1,16.0,3.0,13.11321197,14.36100801,13.64457213,1.0,18.09130534,1.3259,0.0828686,,,,,
openmp,openmp_case_14,14,case1_N128_Re100_central_steps2500_p250,c_openmp_domain_vectorized,c,openmp_domain,vectorized,128,100,central,RBSOR,2500.0,250.0,16.0,1,16.0,3.0,10.78078995,11.10972246,10.98024816,1.0,14.89896002,1.35689,0.08480549999999999,,,,,
openmp,openmp_case_14,14,case1_N128_Re100_central_steps2500_p250,cpp_openmp_domain_looped,cpp,openmp_domain,looped,128,100,central,RBGS,2500.0,250.0,1.0,1,1.0,3.0,24.35717233,24.43152548,24.43886118,1.0,24.43886118,1.0,1.0,,,,,
openmp,openmp_case_14,14,case1_N128_Re100_central_steps2500_p250,cpp_openmp_domain_looped,cpp,openmp_domain,looped,128,100,central,RBSOR,2500.0,250.0,1.0,1,1.0,3.0,20.23013786,20.26640355,20.23945496,1.0,20.23945496,1.0,1.0,,,,,
openmp,openmp_case_14,14,case1_N128_Re100_central_steps2500_p250,cpp_openmp_domain_looped,cpp,openmp_domain,looped,128,100,central,RBGS,2500.0,250.0,2.0,1,2.0,3.0,13.97611086,14.13763821,13.99928748,1.0,24.43886118,1.7457200000000002,0.8728610000000001,,,,,
openmp,openmp_case_14,14,case1_N128_Re100_central_steps2500_p250,cpp_openmp_domain_looped,cpp,openmp_domain,looped,128,100,central,RBSOR,2500.0,250.0,2.0,1,2.0,3.0,11.58328381,11.73171843,11.61140794,1.0,20.23945496,1.7430700000000001,0.871533,,,,,
openmp,openmp_case_14,14,case1_N128_Re100_central_steps2500_p250,cpp_openmp_domain_looped,cpp,openmp_domain,looped,128,100,central,RBGS,2500.0,250.0,4.0,1,4.0,3.0,9.271671701,9.283127182000001,9.286688343,1.0,24.43886118,2.6316,0.6579,,,,,
openmp,openmp_case_14,14,case1_N128_Re100_central_steps2500_p250,cpp_openmp_domain_looped,cpp,openmp_domain,looped,128,100,central,RBSOR,2500.0,250.0,4.0,1,4.0,3.0,7.678751476,7.708403155,7.719250232,1.0,20.23945496,2.62195,0.655486,,,,,
openmp,openmp_case_14,14,case1_N128_Re100_central_steps2500_p250,cpp_openmp_domain_looped,cpp,openmp_domain,looped,128,100,central,RBGS,2500.0,250.0,8.0,1,8.0,3.0,8.91453813,8.990748803999999,8.983727578,1.0,24.43886118,2.72035,0.340043,,,,,
openmp,openmp_case_14,14,case1_N128_Re100_central_steps2500_p250,cpp_openmp_domain_looped,cpp,openmp_domain,looped,128,100,central,RBSOR,2500.0,250.0,8.0,1,8.0,3.0,6.997386351,7.250502267000001,7.370189152999999,1.0,20.23945496,2.74612,0.34326599999999996,,,,,
openmp,openmp_case_14,14,case1_N128_Re100_central_steps2500_p250,cpp_openmp_domain_looped,cpp,openmp_domain,looped,128,100,central,RBGS,2500.0,250.0,16.0,1,16.0,3.0,13.26175222,13.78324205,13.37552898,1.0,24.43886118,1.82713,0.114196,,,,,
openmp,openmp_case_14,14,case1_N128_Re100_central_steps2500_p250,cpp_openmp_domain_looped,cpp,openmp_domain,looped,128,100,central,RBSOR,2500.0,250.0,16.0,1,16.0,3.0,11.02572815,11.506012599999998,11.39353584,1.0,20.23945496,1.7764,0.111025,,,,,
openmp,openmp_case_14,14,case1_N128_Re100_central_steps2500_p250,cpp_openmp_domain_vectorized,cpp,openmp_domain,vectorized,128,100,central,RBGS,2500.0,250.0,1.0,1,1.0,3.0,17.95400558,17.96310545,17.96231155,1.0,17.96231155,1.0,1.0,,,,,
openmp,openmp_case_14,14,case1_N128_Re100_central_steps2500_p250,cpp_openmp_domain_vectorized,cpp,openmp_domain,vectorized,128,100,central,RBSOR,2500.0,250.0,1.0,1,1.0,3.0,14.77668076,14.78201215,14.78328652,1.0,14.78328652,1.0,1.0,,,,,
openmp,openmp_case_14,14,case1_N128_Re100_central_steps2500_p250,cpp_openmp_domain_vectorized,cpp,openmp_domain,vectorized,128,100,central,RBGS,2500.0,250.0,2.0,1,2.0,3.0,10.84464969,11.13845086,11.28200697,1.0,17.96231155,1.59212,0.79606,,,,,
openmp,openmp_case_14,14,case1_N128_Re100_central_steps2500_p250,cpp_openmp_domain_vectorized,cpp,openmp_domain,vectorized,128,100,central,RBSOR,2500.0,250.0,2.0,1,2.0,3.0,8.908044301,9.159889231000001,9.256394803,1.0,14.78328652,1.59709,0.798545,,,,,
openmp,openmp_case_14,14,case1_N128_Re100_central_steps2500_p250,cpp_openmp_domain_vectorized,cpp,openmp_domain,vectorized,128,100,central,RBGS,2500.0,250.0,4.0,1,4.0,3.0,7.565527443,7.663811249,7.712416563,1.0,17.96231155,2.32901,0.582253,,,,,
openmp,openmp_case_14,14,case1_N128_Re100_central_steps2500_p250,cpp_openmp_domain_vectorized,cpp,openmp_domain,vectorized,128,100,central,RBSOR,2500.0,250.0,4.0,1,4.0,3.0,6.260804329,6.325118426,6.343441255,1.0,14.78328652,2.33048,0.582621,,,,,
openmp,openmp_case_14,14,case1_N128_Re100_central_steps2500_p250,cpp_openmp_domain_vectorized,cpp,openmp_domain,vectorized,128,100,central,RBGS,2500.0,250.0,8.0,1,8.0,3.0,8.151413064,8.285755665,8.313517637999999,1.0,17.96231155,2.16062,0.270077,,,,,
openmp,openmp_case_14,14,case1_N128_Re100_central_steps2500_p250,cpp_openmp_domain_vectorized,cpp,openmp_domain,vectorized,128,100,central,RBSOR,2500.0,250.0,8.0,1,8.0,3.0,6.625728592000001,6.773288776,6.8419756739999995,1.0,14.78328652,2.1606799999999997,0.270084,,,,,
openmp,openmp_case_14,14,case1_N128_Re100_central_steps2500_p250,cpp_openmp_domain_vectorized,cpp,openmp_domain,vectorized,128,100,central,RBGS,2500.0,250.0,16.0,1,16.0,3.0,12.80719883,13.02501102,13.06305981,1.0,17.96231155,1.37505,0.0859404,,,,,
openmp,openmp_case_14,14,case1_N128_Re100_central_steps2500_p250,cpp_openmp_domain_vectorized,cpp,openmp_domain,vectorized,128,100,central,RBSOR,2500.0,250.0,16.0,1,16.0,3.0,10.51060611,11.53543087,11.788247199999999,1.0,14.78328652,1.25407,0.0783794,,,,,
openmp,openmp_case_15,15,case1_N128_Re400_upwind_steps2500_p250,c_openmp_domain_looped,c,openmp_domain,looped,128,400,upwind,RBGS,2500.0,250.0,1.0,1,1.0,3.0,26.43511854,26.44817789,26.43649763,1.0,26.43649763,1.0,1.0,,,,,
openmp,openmp_case_15,15,case1_N128_Re400_upwind_steps2500_p250,c_openmp_domain_looped,c,openmp_domain,looped,128,400,upwind,RBSOR,2500.0,250.0,1.0,1,1.0,3.0,20.69445086,20.69884437,20.70078785,1.0,20.70078785,1.0,1.0,,,,,
openmp,openmp_case_15,15,case1_N128_Re400_upwind_steps2500_p250,c_openmp_domain_looped,c,openmp_domain,looped,128,400,upwind,RBGS,2500.0,250.0,2.0,1,2.0,3.0,15.10841404,15.11198073,15.113655,1.0,26.43649763,1.74918,0.87459,,,,,
openmp,openmp_case_15,15,case1_N128_Re400_upwind_steps2500_p250,c_openmp_domain_looped,c,openmp_domain,looped,128,400,upwind,RBSOR,2500.0,250.0,2.0,1,2.0,3.0,11.80815592,11.81891043,11.82245884,1.0,20.70078785,1.7509700000000001,0.8754860000000001,,,,,
openmp,openmp_case_15,15,case1_N128_Re400_upwind_steps2500_p250,c_openmp_domain_looped,c,openmp_domain,looped,128,400,upwind,RBGS,2500.0,250.0,4.0,1,4.0,3.0,9.602424141,9.64781257,9.615622647,1.0,26.43649763,2.74933,0.6873319999999999,,,,,
openmp,openmp_case_15,15,case1_N128_Re400_upwind_steps2500_p250,c_openmp_domain_looped,c,openmp_domain,looped,128,400,upwind,RBSOR,2500.0,250.0,4.0,1,4.0,3.0,7.5516064389999995,7.628055214,7.574165937,1.0,20.70078785,2.7330799999999997,0.6832699999999999,,,,,
openmp,openmp_case_15,15,case1_N128_Re400_upwind_steps2500_p250,c_openmp_domain_looped,c,openmp_domain,looped,128,400,upwind,RBGS,2500.0,250.0,8.0,1,8.0,3.0,9.433209922,9.594850797000001,9.660928819,1.0,26.43649763,2.73643,0.34205399999999997,,,,,
openmp,openmp_case_15,15,case1_N128_Re400_upwind_steps2500_p250,c_openmp_domain_looped,c,openmp_domain,looped,128,400,upwind,RBSOR,2500.0,250.0,8.0,1,8.0,3.0,7.046416964,7.099099777999999,7.104181747999999,1.0,20.70078785,2.9138900000000003,0.364236,,,,,
openmp,openmp_case_15,15,case1_N128_Re400_upwind_steps2500_p250,c_openmp_domain_looped,c,openmp_domain,looped,128,400,upwind,RBGS,2500.0,250.0,16.0,1,16.0,3.0,13.49494978,14.63939072,13.58818368,1.0,26.43649763,1.94555,0.121597,,,,,
openmp,openmp_case_15,15,case1_N128_Re400_upwind_steps2500_p250,c_openmp_domain_looped,c,openmp_domain,looped,128,400,upwind,RBSOR,2500.0,250.0,16.0,1,16.0,3.0,10.24425127,10.39666252,10.40233212,1.0,20.70078785,1.9900099999999998,0.124376,,,,,
openmp,openmp_case_15,15,case1_N128_Re400_upwind_steps2500_p250,c_openmp_domain_vectorized,c,openmp_domain,vectorized,128,400,upwind,RBGS,2500.0,250.0,1.0,1,1.0,3.0,19.87795401,19.89206613,19.89769473,1.0,19.89769473,1.0,1.0,,,,,
openmp,openmp_case_15,15,case1_N128_Re400_upwind_steps2500_p250,c_openmp_domain_vectorized,c,openmp_domain,vectorized,128,400,upwind,RBSOR,2500.0,250.0,1.0,1,1.0,3.0,15.41891058,15.42070064,15.41902918,1.0,15.41902918,1.0,1.0,,,,,
openmp,openmp_case_15,15,case1_N128_Re400_upwind_steps2500_p250,c_openmp_domain_vectorized,c,openmp_domain,vectorized,128,400,upwind,RBGS,2500.0,250.0,2.0,1,2.0,3.0,11.9447481,12.17420649,12.03520397,1.0,19.89769473,1.6532900000000001,0.8266459999999999,,,,,
openmp,openmp_case_15,15,case1_N128_Re400_upwind_steps2500_p250,c_openmp_domain_vectorized,c,openmp_domain,vectorized,128,400,upwind,RBSOR,2500.0,250.0,2.0,1,2.0,3.0,9.265736386,9.440885088,9.311336472999999,1.0,15.41902918,1.6559400000000002,0.8279709999999999,,,,,
openmp,openmp_case_15,15,case1_N128_Re400_upwind_steps2500_p250,c_openmp_domain_vectorized,c,openmp_domain,vectorized,128,400,upwind,RBGS,2500.0,250.0,4.0,1,4.0,3.0,8.061995108,8.174122566,8.136725701,1.0,19.89769473,2.44542,0.611354,,,,,
openmp,openmp_case_15,15,case1_N128_Re400_upwind_steps2500_p250,c_openmp_domain_vectorized,c,openmp_domain,vectorized,128,400,upwind,RBSOR,2500.0,250.0,4.0,1,4.0,3.0,6.282575209,6.440964298,6.512649562000001,1.0,15.41902918,2.36755,0.591888,,,,,
openmp,openmp_case_15,15,case1_N128_Re400_upwind_steps2500_p250,c_openmp_domain_vectorized,c,openmp_domain,vectorized,128,400,upwind,RBGS,2500.0,250.0,8.0,1,8.0,3.0,8.505994807999999,8.536452367,8.51902315,1.0,19.89769473,2.33568,0.29196,,,,,
openmp,openmp_case_15,15,case1_N128_Re400_upwind_steps2500_p250,c_openmp_domain_vectorized,c,openmp_domain,vectorized,128,400,upwind,RBSOR,2500.0,250.0,8.0,1,8.0,3.0,6.605970576,6.805642328999999,6.901072282,1.0,15.41902918,2.23429,0.279287,,,,,
openmp,openmp_case_15,15,case1_N128_Re400_upwind_steps2500_p250,c_openmp_domain_vectorized,c,openmp_domain,vectorized,128,400,upwind,RBGS,2500.0,250.0,16.0,1,16.0,3.0,13.14345137,13.76960373,13.16946651,1.0,19.89769473,1.5109,0.094431,,,,,
openmp,openmp_case_15,15,case1_N128_Re400_upwind_steps2500_p250,c_openmp_domain_vectorized,c,openmp_domain,vectorized,128,400,upwind,RBSOR,2500.0,250.0,16.0,1,16.0,3.0,10.13478832,10.14176047,10.13874878,1.0,15.41902918,1.5208,0.09505010000000001,,,,,
openmp,openmp_case_15,15,case1_N128_Re400_upwind_steps2500_p250,cpp_openmp_domain_looped,cpp,openmp_domain,looped,128,400,upwind,RBGS,2500.0,250.0,1.0,1,1.0,3.0,26.5822419,26.6332474,26.58341128,1.0,26.58341128,1.0,1.0,,,,,
openmp,openmp_case_15,15,case1_N128_Re400_upwind_steps2500_p250,cpp_openmp_domain_looped,cpp,openmp_domain,looped,128,400,upwind,RBSOR,2500.0,250.0,1.0,1,1.0,3.0,20.87592442,20.88371221,20.88032452,1.0,20.88032452,1.0,1.0,,,,,
openmp,openmp_case_15,15,case1_N128_Re400_upwind_steps2500_p250,cpp_openmp_domain_looped,cpp,openmp_domain,looped,128,400,upwind,RBGS,2500.0,250.0,2.0,1,2.0,3.0,15.21435074,15.38202064,15.224338099999999,1.0,26.58341128,1.7461099999999998,0.8730559999999999,,,,,
openmp,openmp_case_15,15,case1_N128_Re400_upwind_steps2500_p250,cpp_openmp_domain_looped,cpp,openmp_domain,looped,128,400,upwind,RBSOR,2500.0,250.0,2.0,1,2.0,3.0,11.86765218,12.02591195,11.8946076,1.0,20.88032452,1.7554400000000001,0.8777219999999999,,,,,
openmp,openmp_case_15,15,case1_N128_Re400_upwind_steps2500_p250,cpp_openmp_domain_looped,cpp,openmp_domain,looped,128,400,upwind,RBGS,2500.0,250.0,4.0,1,4.0,3.0,9.873710524,9.954049175,9.920844894,1.0,26.58341128,2.67955,0.669888,,,,,
openmp,openmp_case_15,15,case1_N128_Re400_upwind_steps2500_p250,cpp_openmp_domain_looped,cpp,openmp_domain,looped,128,400,upwind,RBSOR,2500.0,250.0,4.0,1,4.0,3.0,7.67341606,7.679883848999999,7.678412761000001,1.0,20.88032452,2.71935,0.6798390000000001,,,,,
openmp,openmp_case_15,15,case1_N128_Re400_upwind_steps2500_p250,cpp_openmp_domain_looped,cpp,openmp_domain,looped,128,400,upwind,RBGS,2500.0,250.0,8.0,1,8.0,3.0,9.251445327,9.718859825,9.935626983999999,1.0,26.58341128,2.67556,0.334446,,,,,
openmp,openmp_case_15,15,case1_N128_Re400_upwind_steps2500_p250,cpp_openmp_domain_looped,cpp,openmp_domain,looped,128,400,upwind,RBSOR,2500.0,250.0,8.0,1,8.0,3.0,7.3536748329999995,7.555183474,7.595322285,1.0,20.88032452,2.7491,0.343638,,,,,
openmp,openmp_case_15,15,case1_N128_Re400_upwind_steps2500_p250,cpp_openmp_domain_looped,cpp,openmp_domain,looped,128,400,upwind,RBGS,2500.0,250.0,16.0,1,16.0,3.0,13.00110679,14.00262921,13.30173871,1.0,26.58341128,1.99849,0.12490599999999999,,,,,
openmp,openmp_case_15,15,case1_N128_Re400_upwind_steps2500_p250,cpp_openmp_domain_looped,cpp,openmp_domain,looped,128,400,upwind,RBSOR,2500.0,250.0,16.0,1,16.0,3.0,9.91658058,9.973821769,9.992253225,1.0,20.88032452,2.08965,0.130603,,,,,
openmp,openmp_case_15,15,case1_N128_Re400_upwind_steps2500_p250,cpp_openmp_domain_vectorized,cpp,openmp_domain,vectorized,128,400,upwind,RBGS,2500.0,250.0,1.0,1,1.0,3.0,19.74284862,19.76725116,19.74916463,1.0,19.74916463,1.0,1.0,,,,,
openmp,openmp_case_15,15,case1_N128_Re400_upwind_steps2500_p250,cpp_openmp_domain_vectorized,cpp,openmp_domain,vectorized,128,400,upwind,RBSOR,2500.0,250.0,1.0,1,1.0,3.0,15.30267359,15.30514979,15.30320415,1.0,15.30320415,1.0,1.0,,,,,
openmp,openmp_case_15,15,case1_N128_Re400_upwind_steps2500_p250,cpp_openmp_domain_vectorized,cpp,openmp_domain,vectorized,128,400,upwind,RBGS,2500.0,250.0,2.0,1,2.0,3.0,11.90928023,12.05419209,11.91092348,1.0,19.74916463,1.6580700000000002,0.8290360000000001,,,,,
openmp,openmp_case_15,15,case1_N128_Re400_upwind_steps2500_p250,cpp_openmp_domain_vectorized,cpp,openmp_domain,vectorized,128,400,upwind,RBSOR,2500.0,250.0,2.0,1,2.0,3.0,9.207087554,9.231468204,9.237454131,1.0,15.30320415,1.65665,0.828324,,,,,
openmp,openmp_case_15,15,case1_N128_Re400_upwind_steps2500_p250,cpp_openmp_domain_vectorized,cpp,openmp_domain,vectorized,128,400,upwind,RBGS,2500.0,250.0,4.0,1,4.0,3.0,8.12566106,8.252797102999999,8.200185983999999,1.0,19.74916463,2.4083799999999997,0.6020949999999999,,,,,
openmp,openmp_case_15,15,case1_N128_Re400_upwind_steps2500_p250,cpp_openmp_domain_vectorized,cpp,openmp_domain,vectorized,128,400,upwind,RBSOR,2500.0,250.0,4.0,1,4.0,3.0,6.243205305,6.280742844,6.280290727000001,1.0,15.30320415,2.4367,0.609176,,,,,
openmp,openmp_case_15,15,case1_N128_Re400_upwind_steps2500_p250,cpp_openmp_domain_vectorized,cpp,openmp_domain,vectorized,128,400,upwind,RBGS,2500.0,250.0,8.0,1,8.0,3.0,8.412667543,8.497737539,8.513514452,1.0,19.74916463,2.3197400000000004,0.289968,,,,,
openmp,openmp_case_15,15,case1_N128_Re400_upwind_steps2500_p250,cpp_openmp_domain_vectorized,cpp,openmp_domain,vectorized,128,400,upwind,RBSOR,2500.0,250.0,8.0,1,8.0,3.0,6.344102014,6.610787902,6.552181695,1.0,15.30320415,2.3355900000000003,0.29194899999999996,,,,,
openmp,openmp_case_15,15,case1_N128_Re400_upwind_steps2500_p250,cpp_openmp_domain_vectorized,cpp,openmp_domain,vectorized,128,400,upwind,RBGS,2500.0,250.0,16.0,1,16.0,3.0,12.62244395,13.38793631,12.65616236,1.0,19.74916463,1.56044,0.09752739999999999,,,,,
openmp,openmp_case_15,15,case1_N128_Re400_upwind_steps2500_p250,cpp_openmp_domain_vectorized,cpp,openmp_domain,vectorized,128,400,upwind,RBSOR,2500.0,250.0,16.0,1,16.0,3.0,9.603129588,11.20449188,9.610173676,1.0,15.30320415,1.5924,0.09952480000000001,,,,,
openmp,openmp_case_16,16,case1_N128_Re400_central_steps2500_p250,c_openmp_domain_looped,c,openmp_domain,looped,128,400,central,RBGS,2500.0,250.0,1.0,1,1.0,3.0,27.71238006,27.74553318,27.76169807,1.0,27.76169807,1.0,1.0,,,,,
openmp,openmp_case_16,16,case1_N128_Re400_central_steps2500_p250,c_openmp_domain_looped,c,openmp_domain,looped,128,400,central,RBSOR,2500.0,250.0,1.0,1,1.0,3.0,21.138521,21.16895247,21.17926186,1.0,21.17926186,1.0,1.0,,,,,
openmp,openmp_case_16,16,case1_N128_Re400_central_steps2500_p250,c_openmp_domain_looped,c,openmp_domain,looped,128,400,central,RBGS,2500.0,250.0,2.0,1,2.0,3.0,15.85846668,15.86787538,15.86658946,1.0,27.76169807,1.7497,0.874848,,,,,
openmp,openmp_case_16,16,case1_N128_Re400_central_steps2500_p250,c_openmp_domain_looped,c,openmp_domain,looped,128,400,central,RBSOR,2500.0,250.0,2.0,1,2.0,3.0,12.05662865,12.07450134,12.06714121,1.0,21.17926186,1.75512,0.877559,,,,,
openmp,openmp_case_16,16,case1_N128_Re400_central_steps2500_p250,c_openmp_domain_looped,c,openmp_domain,looped,128,400,central,RBGS,2500.0,250.0,4.0,1,4.0,3.0,10.40459474,10.45705413,10.4595698,1.0,27.76169807,2.6541900000000003,0.6635479999999999,,,,,
openmp,openmp_case_16,16,case1_N128_Re400_central_steps2500_p250,c_openmp_domain_looped,c,openmp_domain,looped,128,400,central,RBSOR,2500.0,250.0,4.0,1,4.0,3.0,7.937648729,7.962593929,7.965093317999999,1.0,21.17926186,2.65901,0.664752,,,,,
openmp,openmp_case_16,16,case1_N128_Re400_central_steps2500_p250,c_openmp_domain_looped,c,openmp_domain,looped,128,400,central,RBGS,2500.0,250.0,8.0,1,8.0,3.0,10.17843034,10.27881614,10.22232213,1.0,27.76169807,2.71579,0.339474,,,,,
openmp,openmp_case_16,16,case1_N128_Re400_central_steps2500_p250,c_openmp_domain_looped,c,openmp_domain,looped,128,400,central,RBSOR,2500.0,250.0,8.0,1,8.0,3.0,7.6431899670000005,7.68961629,7.679653991,1.0,21.17926186,2.7578400000000003,0.34473000000000004,,,,,
openmp,openmp_case_16,16,case1_N128_Re400_central_steps2500_p250,c_openmp_domain_looped,c,openmp_domain,looped,128,400,central,RBGS,2500.0,250.0,16.0,1,16.0,3.0,16.88155108,17.25302496,16.96367091,1.0,27.76169807,1.6365399999999999,0.102284,,,,,
openmp,openmp_case_16,16,case1_N128_Re400_central_steps2500_p250,c_openmp_domain_looped,c,openmp_domain,looped,128,400,central,RBSOR,2500.0,250.0,16.0,1,16.0,3.0,11.6942525,11.804053300000001,11.85349671,1.0,21.17926186,1.78675,0.11167200000000001,,,,,
openmp,openmp_case_16,16,case1_N128_Re400_central_steps2500_p250,c_openmp_domain_vectorized,c,openmp_domain,vectorized,128,400,central,RBGS,2500.0,250.0,1.0,1,1.0,3.0,20.76885511,20.77960224,20.77866741,1.0,20.77866741,1.0,1.0,,,,,
openmp,openmp_case_16,16,case1_N128_Re400_central_steps2500_p250,c_openmp_domain_vectorized,c,openmp_domain,vectorized,128,400,central,RBSOR,2500.0,250.0,1.0,1,1.0,3.0,15.67222959,15.68598486,15.68804106,1.0,15.68804106,1.0,1.0,,,,,
openmp,openmp_case_16,16,case1_N128_Re400_central_steps2500_p250,c_openmp_domain_vectorized,c,openmp_domain,vectorized,128,400,central,RBGS,2500.0,250.0,2.0,1,2.0,3.0,12.50457001,12.920083400000001,13.12485222,1.0,20.77866741,1.58315,0.7915770000000001,,,,,
openmp,openmp_case_16,16,case1_N128_Re400_central_steps2500_p250,c_openmp_domain_vectorized,c,openmp_domain,vectorized,128,400,central,RBSOR,2500.0,250.0,2.0,1,2.0,3.0,9.472462092,9.636451125,9.506807297,1.0,15.68804106,1.65019,0.825095,,,,,
openmp,openmp_case_16,16,case1_N128_Re400_central_steps2500_p250,c_openmp_domain_vectorized,c,openmp_domain,vectorized,128,400,central,RBGS,2500.0,250.0,4.0,1,4.0,3.0,8.829882677999999,8.909656886,8.935350403,1.0,20.77866741,2.32545,0.581361,,,,,
openmp,openmp_case_16,16,case1_N128_Re400_central_steps2500_p250,c_openmp_domain_vectorized,c,openmp_domain,vectorized,128,400,central,RBSOR,2500.0,250.0,4.0,1,4.0,3.0,6.611727789,6.667517501,6.687667772,1.0,15.68804106,2.3458200000000002,0.586454,,,,,
openmp,openmp_case_16,16,case1_N128_Re400_central_steps2500_p250,c_openmp_domain_vectorized,c,openmp_domain,vectorized,128,400,central,RBGS,2500.0,250.0,8.0,1,8.0,3.0,9.39735293,9.436824224,9.441316437000001,1.0,20.77866741,2.20082,0.27510300000000004,,,,,
openmp,openmp_case_16,16,case1_N128_Re400_central_steps2500_p250,c_openmp_domain_vectorized,c,openmp_domain,vectorized,128,400,central,RBSOR,2500.0,250.0,8.0,1,8.0,3.0,7.045064732,7.169022462,7.134174831,1.0,15.68804106,2.199,0.274875,,,,,
openmp,openmp_case_16,16,case1_N128_Re400_central_steps2500_p250,c_openmp_domain_vectorized,c,openmp_domain,vectorized,128,400,central,RBGS,2500.0,250.0,16.0,1,16.0,3.0,14.86993815,16.44492538,16.3476812,1.0,20.77866741,1.27105,0.0794404,,,,,
openmp,openmp_case_16,16,case1_N128_Re400_central_steps2500_p250,c_openmp_domain_vectorized,c,openmp_domain,vectorized,128,400,central,RBSOR,2500.0,250.0,16.0,1,16.0,3.0,11.74057716,12.64923641,11.84600395,1.0,15.68804106,1.32433,0.0827707,,,,,
openmp,openmp_case_16,16,case1_N128_Re400_central_steps2500_p250,cpp_openmp_domain_looped,cpp,openmp_domain,looped,128,400,central,RBGS,2500.0,250.0,1.0,1,1.0,3.0,27.94525735,27.97228048,27.97791507,1.0,27.97791507,1.0,1.0,,,,,
openmp,openmp_case_16,16,case1_N128_Re400_central_steps2500_p250,cpp_openmp_domain_looped,cpp,openmp_domain,looped,128,400,central,RBSOR,2500.0,250.0,1.0,1,1.0,3.0,21.28787645,21.31794266,21.330081200000002,1.0,21.330081200000002,1.0,1.0,,,,,
openmp,openmp_case_16,16,case1_N128_Re400_central_steps2500_p250,cpp_openmp_domain_looped,cpp,openmp_domain,looped,128,400,central,RBGS,2500.0,250.0,2.0,1,2.0,3.0,15.90410463,16.11540357,15.96405697,1.0,27.97791507,1.75256,0.8762780000000001,,,,,
openmp,openmp_case_16,16,case1_N128_Re400_central_steps2500_p250,cpp_openmp_domain_looped,cpp,openmp_domain,looped,128,400,central,RBSOR,2500.0,250.0,2.0,1,2.0,3.0,12.17235388,12.3102349,12.21996215,1.0,21.330081200000002,1.74551,0.872756,,,,,
openmp,openmp_case_16,16,case1_N128_Re400_central_steps2500_p250,cpp_openmp_domain_looped,cpp,openmp_domain,looped,128,400,central,RBGS,2500.0,250.0,4.0,1,4.0,3.0,10.51291432,10.58709974,10.59095039,1.0,27.97791507,2.64168,0.66042,,,,,
openmp,openmp_case_16,16,case1_N128_Re400_central_steps2500_p250,cpp_openmp_domain_looped,cpp,openmp_domain,looped,128,400,central,RBSOR,2500.0,250.0,4.0,1,4.0,3.0,8.002142098,8.064829799,8.062719036,1.0,21.330081200000002,2.64552,0.66138,,,,,
openmp,openmp_case_16,16,case1_N128_Re400_central_steps2500_p250,cpp_openmp_domain_looped,cpp,openmp_domain,looped,128,400,central,RBGS,2500.0,250.0,8.0,1,8.0,3.0,10.14539618,10.312884,10.22442159,1.0,27.97791507,2.73638,0.342048,,,,,
openmp,openmp_case_16,16,case1_N128_Re400_central_steps2500_p250,cpp_openmp_domain_looped,cpp,openmp_domain,looped,128,400,central,RBSOR,2500.0,250.0,8.0,1,8.0,3.0,7.66399711,7.70348625,7.694795925,1.0,21.330081200000002,2.77201,0.346502,,,,,
openmp,openmp_case_16,16,case1_N128_Re400_central_steps2500_p250,cpp_openmp_domain_looped,cpp,openmp_domain,looped,128,400,central,RBGS,2500.0,250.0,16.0,1,16.0,3.0,15.32174677,15.84795556,15.38173094,1.0,27.97791507,1.8189099999999998,0.11368199999999999,,,,,
openmp,openmp_case_16,16,case1_N128_Re400_central_steps2500_p250,cpp_openmp_domain_looped,cpp,openmp_domain,looped,128,400,central,RBSOR,2500.0,250.0,16.0,1,16.0,3.0,11.57934506,11.63487693,11.58065588,1.0,21.330081200000002,1.8418700000000001,0.11511700000000001,,,,,
openmp,openmp_case_16,16,case1_N128_Re400_central_steps2500_p250,cpp_openmp_domain_vectorized,cpp,openmp_domain,vectorized,128,400,central,RBGS,2500.0,250.0,1.0,1,1.0,3.0,20.62828787,20.63020331,20.62879646,1.0,20.62879646,1.0,1.0,,,,,
openmp,openmp_case_16,16,case1_N128_Re400_central_steps2500_p250,cpp_openmp_domain_vectorized,cpp,openmp_domain,vectorized,128,400,central,RBSOR,2500.0,250.0,1.0,1,1.0,3.0,15.54905484,15.57148153,15.55830516,1.0,15.55830516,1.0,1.0,,,,,
openmp,openmp_case_16,16,case1_N128_Re400_central_steps2500_p250,cpp_openmp_domain_vectorized,cpp,openmp_domain,vectorized,128,400,central,RBGS,2500.0,250.0,2.0,1,2.0,3.0,12.40013616,12.58809734,12.41297841,1.0,20.62879646,1.6618700000000002,0.830937,,,,,
openmp,openmp_case_16,16,case1_N128_Re400_central_steps2500_p250,cpp_openmp_domain_vectorized,cpp,openmp_domain,vectorized,128,400,central,RBSOR,2500.0,250.0,2.0,1,2.0,3.0,9.458489128,9.567340812000001,9.465308633,1.0,15.55830516,1.64372,0.821859,,,,,
openmp,openmp_case_16,16,case1_N128_Re400_central_steps2500_p250,cpp_openmp_domain_vectorized,cpp,openmp_domain,vectorized,128,400,central,RBGS,2500.0,250.0,4.0,1,4.0,3.0,8.717660852,8.760193138,8.728758108,1.0,20.62879646,2.36331,0.590829,,,,,
openmp,openmp_case_16,16,case1_N128_Re400_central_steps2500_p250,cpp_openmp_domain_vectorized,cpp,openmp_domain,vectorized,128,400,central,RBSOR,2500.0,250.0,4.0,1,4.0,3.0,6.592060298,6.65042553,6.626934297000001,1.0,15.55830516,2.34774,0.5869340000000001,,,,,
openmp,openmp_case_16,16,case1_N128_Re400_central_steps2500_p250,cpp_openmp_domain_vectorized,cpp,openmp_domain,vectorized,128,400,central,RBGS,2500.0,250.0,8.0,1,8.0,3.0,9.404347304,9.450208116,9.406955313,1.0,20.62879646,2.19293,0.27411599999999997,,,,,
openmp,openmp_case_16,16,case1_N128_Re400_central_steps2500_p250,cpp_openmp_domain_vectorized,cpp,openmp_domain,vectorized,128,400,central,RBSOR,2500.0,250.0,8.0,1,8.0,3.0,7.003260657,7.15066348,7.099902485,1.0,15.55830516,2.1913400000000003,0.273918,,,,,
openmp,openmp_case_16,16,case1_N128_Re400_central_steps2500_p250,cpp_openmp_domain_vectorized,cpp,openmp_domain,vectorized,128,400,central,RBGS,2500.0,250.0,16.0,1,16.0,3.0,14.86551404,15.28598925,15.13525867,1.0,20.62879646,1.36296,0.0851852,,,,,
openmp,openmp_case_16,16,case1_N128_Re400_central_steps2500_p250,cpp_openmp_domain_vectorized,cpp,openmp_domain,vectorized,128,400,central,RBSOR,2500.0,250.0,16.0,1,16.0,3.0,11.19560991,13.78588471,12.94315109,1.0,15.55830516,1.20205,0.0751281,,,,,
openmp,openmp_case_17,17,case1_N128_Re1000_upwind_steps4000_p300,c_openmp_domain_looped,c,openmp_domain,looped,128,1000,upwind,RBGS,4000.0,300.0,1.0,1,1.0,3.0,23.40269169,23.41749931,23.41471653,1.0,23.41471653,1.0,1.0,,,,,
openmp,openmp_case_17,17,case1_N128_Re1000_upwind_steps4000_p300,c_openmp_domain_looped,c,openmp_domain,looped,128,1000,upwind,RBSOR,4000.0,300.0,1.0,1,1.0,3.0,17.5230424,17.544310199999998,17.53902633,1.0,17.53902633,1.0,1.0,,,,,
openmp,openmp_case_17,17,case1_N128_Re1000_upwind_steps4000_p300,c_openmp_domain_looped,c,openmp_domain,looped,128,1000,upwind,RBGS,4000.0,300.0,2.0,1,2.0,3.0,13.38287451,13.55591222,13.39332614,1.0,23.41471653,1.7482400000000002,0.8741190000000001,,,,,
openmp,openmp_case_17,17,case1_N128_Re1000_upwind_steps4000_p300,c_openmp_domain_looped,c,openmp_domain,looped,128,1000,upwind,RBSOR,4000.0,300.0,2.0,1,2.0,3.0,10.03696708,10.26569193,10.37272944,1.0,17.53902633,1.69088,0.8454389999999999,,,,,
openmp,openmp_case_17,17,case1_N128_Re1000_upwind_steps4000_p300,c_openmp_domain_looped,c,openmp_domain,looped,128,1000,upwind,RBGS,4000.0,300.0,4.0,1,4.0,3.0,8.734451514,8.755430316,8.754313931,1.0,23.41471653,2.67465,0.668662,,,,,
openmp,openmp_case_17,17,case1_N128_Re1000_upwind_steps4000_p300,c_openmp_domain_looped,c,openmp_domain,looped,128,1000,upwind,RBSOR,4000.0,300.0,4.0,1,4.0,3.0,6.48055372,6.506884503999999,6.513268918,1.0,17.53902633,2.6928099999999997,0.673204,,,,,
openmp,openmp_case_17,17,case1_N128_Re1000_upwind_steps4000_p300,c_openmp_domain_looped,c,openmp_domain,looped,128,1000,upwind,RBGS,4000.0,300.0,8.0,1,8.0,3.0,8.057069495,8.402147756,8.42947742,1.0,23.41471653,2.77772,0.347215,,,,,
openmp,openmp_case_17,17,case1_N128_Re1000_upwind_steps4000_p300,c_openmp_domain_looped,c,openmp_domain,looped,128,1000,upwind,RBSOR,4000.0,300.0,8.0,1,8.0,3.0,6.014535211,6.189345392000001,6.07217636,1.0,17.53902633,2.88843,0.361053,,,,,
openmp,openmp_case_17,17,case1_N128_Re1000_upwind_steps4000_p300,c_openmp_domain_looped,c,openmp_domain,looped,128,1000,upwind,RBGS,4000.0,300.0,16.0,1,16.0,3.0,11.97731806,12.79816248,12.77779991,1.0,23.41471653,1.83245,0.11452799999999999,,,,,
openmp,openmp_case_17,17,case1_N128_Re1000_upwind_steps4000_p300,c_openmp_domain_looped,c,openmp_domain,looped,128,1000,upwind,RBSOR,4000.0,300.0,16.0,1,16.0,3.0,8.591198035,9.018861927,8.746914145,1.0,17.53902633,2.00517,0.125323,,,,,
openmp,openmp_case_17,17,case1_N128_Re1000_upwind_steps4000_p300,c_openmp_domain_vectorized,c,openmp_domain,vectorized,128,1000,upwind,RBGS,4000.0,300.0,1.0,1,1.0,3.0,17.53822444,17.55775678,17.54550866,1.0,17.54550866,1.0,1.0,,,,,
openmp,openmp_case_17,17,case1_N128_Re1000_upwind_steps4000_p300,c_openmp_domain_vectorized,c,openmp_domain,vectorized,128,1000,upwind,RBSOR,4000.0,300.0,1.0,1,1.0,3.0,12.99794057,13.00398382,13.00019801,1.0,13.00019801,1.0,1.0,,,,,
openmp,openmp_case_17,17,case1_N128_Re1000_upwind_steps4000_p300,c_openmp_domain_vectorized,c,openmp_domain,vectorized,128,1000,upwind,RBGS,4000.0,300.0,2.0,1,2.0,3.0,10.51490669,10.71653173,10.57910142,1.0,17.54550866,1.65851,0.829253,,,,,
openmp,openmp_case_17,17,case1_N128_Re1000_upwind_steps4000_p300,c_openmp_domain_vectorized,c,openmp_domain,vectorized,128,1000,upwind,RBSOR,4000.0,300.0,2.0,1,2.0,3.0,7.835734102999999,7.958079729,7.836683136,1.0,13.00019801,1.6588900000000002,0.8294450000000001,,,,,
openmp,openmp_case_17,17,case1_N128_Re1000_upwind_steps4000_p300,c_openmp_domain_vectorized,c,openmp_domain,vectorized,128,1000,upwind,RBGS,4000.0,300.0,4.0,1,4.0,3.0,7.149232104,7.458749622999999,7.541792002,1.0,17.54550866,2.3264400000000003,0.581609,,,,,
openmp,openmp_case_17,17,case1_N128_Re1000_upwind_steps4000_p300,c_openmp_domain_vectorized,c,openmp_domain,vectorized,128,1000,upwind,RBSOR,4000.0,300.0,4.0,1,4.0,3.0,5.323235471,5.446186107999999,5.504435743999999,1.0,13.00019801,2.36177,0.590442,,,,,
openmp,openmp_case_17,17,case1_N128_Re1000_upwind_steps4000_p300,c_openmp_domain_vectorized,c,openmp_domain,vectorized,128,1000,upwind,RBGS,4000.0,300.0,8.0,1,8.0,3.0,7.290193312,7.818616303,8.045247819,1.0,17.54550866,2.18085,0.27260700000000004,,,,,
openmp,openmp_case_17,17,case1_N128_Re1000_upwind_steps4000_p300,c_openmp_domain_vectorized,c,openmp_domain,vectorized,128,1000,upwind,RBSOR,4000.0,300.0,8.0,1,8.0,3.0,5.643741369,5.744360031,5.661919661000001,1.0,13.00019801,2.29608,0.28701,,,,,
openmp,openmp_case_17,17,case1_N128_Re1000_upwind_steps4000_p300,c_openmp_domain_vectorized,c,openmp_domain,vectorized,128,1000,upwind,RBGS,4000.0,300.0,16.0,1,16.0,3.0,12.37842521,12.64697098,12.66494123,1.0,17.54550866,1.3853600000000001,0.08658500000000001,,,,,
openmp,openmp_case_17,17,case1_N128_Re1000_upwind_steps4000_p300,c_openmp_domain_vectorized,c,openmp_domain,vectorized,128,1000,upwind,RBSOR,4000.0,300.0,16.0,1,16.0,3.0,8.517169438,9.401818324,9.210641131000001,1.0,13.00019801,1.41143,0.0882145,,,,,
openmp,openmp_case_17,17,case1_N128_Re1000_upwind_steps4000_p300,cpp_openmp_domain_looped,cpp,openmp_domain,looped,128,1000,upwind,RBGS,4000.0,300.0,1.0,1,1.0,3.0,23.55125744,23.59388419,23.59325631,1.0,23.59325631,1.0,1.0,,,,,
openmp,openmp_case_17,17,case1_N128_Re1000_upwind_steps4000_p300,cpp_openmp_domain_looped,cpp,openmp_domain,looped,128,1000,upwind,RBSOR,4000.0,300.0,1.0,1,1.0,3.0,17.637271,17.69937709,17.7264822,1.0,17.7264822,1.0,1.0,,,,,
openmp,openmp_case_17,17,case1_N128_Re1000_upwind_steps4000_p300,cpp_openmp_domain_looped,cpp,openmp_domain,looped,128,1000,upwind,RBGS,4000.0,300.0,2.0,1,2.0,3.0,13.42406239,13.452573600000001,13.45956049,1.0,23.59325631,1.7529,0.87645,,,,,
openmp,openmp_case_17,17,case1_N128_Re1000_upwind_steps4000_p300,cpp_openmp_domain_looped,cpp,openmp_domain,looped,128,1000,upwind,RBSOR,4000.0,300.0,2.0,1,2.0,3.0,10.06940221,10.07754726,10.078092999999999,1.0,17.7264822,1.7589099999999998,0.8794559999999999,,,,,
openmp,openmp_case_17,17,case1_N128_Re1000_upwind_steps4000_p300,cpp_openmp_domain_looped,cpp,openmp_domain,looped,128,1000,upwind,RBGS,4000.0,300.0,4.0,1,4.0,3.0,8.702440523,8.773949643,8.765851527999999,1.0,23.59325631,2.6915,0.672874,,,,,
openmp,openmp_case_17,17,case1_N128_Re1000_upwind_steps4000_p300,cpp_openmp_domain_looped,cpp,openmp_domain,looped,128,1000,upwind,RBSOR,4000.0,300.0,4.0,1,4.0,3.0,6.618912615,6.648551607999999,6.6482065210000005,1.0,17.7264822,2.66636,0.666589,,,,,
openmp,openmp_case_17,17,case1_N128_Re1000_upwind_steps4000_p300,cpp_openmp_domain_looped,cpp,openmp_domain,looped,128,1000,upwind,RBGS,4000.0,300.0,8.0,1,8.0,3.0,8.486880444,8.577598318,8.60579212,1.0,23.59325631,2.7415599999999998,0.342694,,,,,
openmp,openmp_case_17,17,case1_N128_Re1000_upwind_steps4000_p300,cpp_openmp_domain_looped,cpp,openmp_domain,looped,128,1000,upwind,RBSOR,4000.0,300.0,8.0,1,8.0,3.0,6.0481806360000006,6.300935431,6.385841257999999,1.0,17.7264822,2.7759,0.346988,,,,,
openmp,openmp_case_17,17,case1_N128_Re1000_upwind_steps4000_p300,cpp_openmp_domain_looped,cpp,openmp_domain,looped,128,1000,upwind,RBGS,4000.0,300.0,16.0,1,16.0,3.0,12.67403341,12.86170641,12.75875947,1.0,23.59325631,1.8491799999999998,0.115574,,,,,
openmp,openmp_case_17,17,case1_N128_Re1000_upwind_steps4000_p300,cpp_openmp_domain_looped,cpp,openmp_domain,looped,128,1000,upwind,RBSOR,4000.0,300.0,16.0,1,16.0,3.0,8.375791453,9.69936353,9.39957314,1.0,17.7264822,1.88588,0.117868,,,,,
openmp,openmp_case_17,17,case1_N128_Re1000_upwind_steps4000_p300,cpp_openmp_domain_vectorized,cpp,openmp_domain,vectorized,128,1000,upwind,RBGS,4000.0,300.0,1.0,1,1.0,3.0,17.40829666,17.41682998,17.41957996,1.0,17.41957996,1.0,1.0,,,,,
openmp,openmp_case_17,17,case1_N128_Re1000_upwind_steps4000_p300,cpp_openmp_domain_vectorized,cpp,openmp_domain,vectorized,128,1000,upwind,RBSOR,4000.0,300.0,1.0,1,1.0,3.0,12.89108848,12.90477152,12.90278567,1.0,12.90278567,1.0,1.0,,,,,
openmp,openmp_case_17,17,case1_N128_Re1000_upwind_steps4000_p300,cpp_openmp_domain_vectorized,cpp,openmp_domain,vectorized,128,1000,upwind,RBGS,4000.0,300.0,2.0,1,2.0,3.0,10.45216264,10.66208572,10.62087161,1.0,17.41957996,1.6401299999999999,0.8200639999999999,,,,,
openmp,openmp_case_17,17,case1_N128_Re1000_upwind_steps4000_p300,cpp_openmp_domain_vectorized,cpp,openmp_domain,vectorized,128,1000,upwind,RBSOR,4000.0,300.0,2.0,1,2.0,3.0,7.738390341000001,7.7776328779999995,7.770076692000001,1.0,12.90278567,1.66057,0.8302870000000001,,,,,
openmp,openmp_case_17,17,case1_N128_Re1000_upwind_steps4000_p300,cpp_openmp_domain_vectorized,cpp,openmp_domain,vectorized,128,1000,upwind,RBGS,4000.0,300.0,4.0,1,4.0,3.0,7.349077422000001,7.404106465,7.422452953,1.0,17.41957996,2.34688,0.586719,,,,,
openmp,openmp_case_17,17,case1_N128_Re1000_upwind_steps4000_p300,cpp_openmp_domain_vectorized,cpp,openmp_domain,vectorized,128,1000,upwind,RBSOR,4000.0,300.0,4.0,1,4.0,3.0,5.294038575,5.3748978020000004,5.310895611,1.0,12.90278567,2.42949,0.6073729999999999,,,,,
openmp,openmp_case_17,17,case1_N128_Re1000_upwind_steps4000_p300,cpp_openmp_domain_vectorized,cpp,openmp_domain,vectorized,128,1000,upwind,RBGS,4000.0,300.0,8.0,1,8.0,3.0,7.535579611,7.699156749,7.770979948,1.0,17.41957996,2.24162,0.280202,,,,,
openmp,openmp_case_17,17,case1_N128_Re1000_upwind_steps4000_p300,cpp_openmp_domain_vectorized,cpp,openmp_domain,vectorized,128,1000,upwind,RBSOR,4000.0,300.0,8.0,1,8.0,3.0,5.722620577000001,5.758060941,5.731148694,1.0,12.90278567,2.2513400000000003,0.281418,,,,,
openmp,openmp_case_17,17,case1_N128_Re1000_upwind_steps4000_p300,cpp_openmp_domain_vectorized,cpp,openmp_domain,vectorized,128,1000,upwind,RBGS,4000.0,300.0,16.0,1,16.0,3.0,11.02483461,12.41053212,11.04922111,1.0,17.41957996,1.57654,0.098534,,,,,
openmp,openmp_case_17,17,case1_N128_Re1000_upwind_steps4000_p300,cpp_openmp_domain_vectorized,cpp,openmp_domain,vectorized,128,1000,upwind,RBSOR,4000.0,300.0,16.0,1,16.0,3.0,8.062370569,8.957619327,8.078803413,1.0,12.90278567,1.59712,0.0998197,,,,,
openmp,openmp_case_18,18,case1_N128_Re1000_central_steps4000_p300,c_openmp_domain_looped,c,openmp_domain,looped,128,1000,central,RBGS,4000.0,300.0,1.0,1,1.0,3.0,26.23112379,26.24854727,26.23259224,1.0,26.23259224,1.0,1.0,,,,,
openmp,openmp_case_18,18,case1_N128_Re1000_central_steps4000_p300,c_openmp_domain_looped,c,openmp_domain,looped,128,1000,central,RBSOR,4000.0,300.0,1.0,1,1.0,3.0,18.66115073,18.69248754,18.70699416,1.0,18.70699416,1.0,1.0,,,,,
openmp,openmp_case_18,18,case1_N128_Re1000_central_steps4000_p300,c_openmp_domain_looped,c,openmp_domain,looped,128,1000,central,RBGS,4000.0,300.0,2.0,1,2.0,3.0,15.02736778,15.38469853,15.54528783,1.0,26.23259224,1.6874900000000002,0.8437469999999999,,,,,
openmp,openmp_case_18,18,case1_N128_Re1000_central_steps4000_p300,c_openmp_domain_looped,c,openmp_domain,looped,128,1000,central,RBSOR,4000.0,300.0,2.0,1,2.0,3.0,10.67865271,10.96449348,11.10269751,1.0,18.70699416,1.68491,0.8424530000000001,,,,,
openmp,openmp_case_18,18,case1_N128_Re1000_central_steps4000_p300,c_openmp_domain_looped,c,openmp_domain,looped,128,1000,central,RBGS,4000.0,300.0,4.0,1,4.0,3.0,9.806283642,9.848439659,9.865964933999999,1.0,26.23259224,2.6589,0.664724,,,,,
openmp,openmp_case_18,18,case1_N128_Re1000_central_steps4000_p300,c_openmp_domain_looped,c,openmp_domain,looped,128,1000,central,RBSOR,4000.0,300.0,4.0,1,4.0,3.0,6.973887112000001,7.007479847999999,6.981253415,1.0,18.70699416,2.6796,0.669901,,,,,
openmp,openmp_case_18,18,case1_N128_Re1000_central_steps4000_p300,c_openmp_domain_looped,c,openmp_domain,looped,128,1000,central,RBGS,4000.0,300.0,8.0,1,8.0,3.0,9.105339982,9.296986462000001,9.131152965,1.0,26.23259224,2.8728700000000003,0.359108,,,,,
openmp,openmp_case_18,18,case1_N128_Re1000_central_steps4000_p300,c_openmp_domain_looped,c,openmp_domain,looped,128,1000,central,RBSOR,4000.0,300.0,8.0,1,8.0,3.0,6.761168867,6.826789269,6.782704029,1.0,18.70699416,2.7580400000000003,0.34475500000000003,,,,,
openmp,openmp_case_18,18,case1_N128_Re1000_central_steps4000_p300,c_openmp_domain_looped,c,openmp_domain,looped,128,1000,central,RBGS,4000.0,300.0,16.0,1,16.0,3.0,13.502178899999999,15.35837342,14.69292442,1.0,26.23259224,1.7853900000000003,0.11158699999999999,,,,,
openmp,openmp_case_18,18,case1_N128_Re1000_central_steps4000_p300,c_openmp_domain_looped,c,openmp_domain,looped,128,1000,central,RBSOR,4000.0,300.0,16.0,1,16.0,3.0,9.384098046,10.39401611,10.25717058,1.0,18.70699416,1.8238,0.11398699999999999,,,,,
openmp,openmp_case_18,18,case1_N128_Re1000_central_steps4000_p300,c_openmp_domain_vectorized,c,openmp_domain,vectorized,128,1000,central,RBGS,4000.0,300.0,1.0,1,1.0,3.0,19.6164032,19.62312309,19.62124355,1.0,19.62124355,1.0,1.0,,,,,
openmp,openmp_case_18,18,case1_N128_Re1000_central_steps4000_p300,c_openmp_domain_vectorized,c,openmp_domain,vectorized,128,1000,central,RBSOR,4000.0,300.0,1.0,1,1.0,3.0,13.77046204,13.77251178,13.77137334,1.0,13.77137334,1.0,1.0,,,,,
openmp,openmp_case_18,18,case1_N128_Re1000_central_steps4000_p300,c_openmp_domain_vectorized,c,openmp_domain,vectorized,128,1000,central,RBGS,4000.0,300.0,2.0,1,2.0,3.0,11.88397256,12.06673354,11.90021566,1.0,19.62124355,1.6488099999999999,0.824407,,,,,
openmp,openmp_case_18,18,case1_N128_Re1000_central_steps4000_p300,c_openmp_domain_vectorized,c,openmp_domain,vectorized,128,1000,central,RBSOR,4000.0,300.0,2.0,1,2.0,3.0,8.323465902,8.586284805,8.706689976,1.0,13.77137334,1.5817,0.79085,,,,,
openmp,openmp_case_18,18,case1_N128_Re1000_central_steps4000_p300,c_openmp_domain_vectorized,c,openmp_domain,vectorized,128,1000,central,RBGS,4000.0,300.0,4.0,1,4.0,3.0,8.029313795,8.290593219,8.387776042999999,1.0,19.62124355,2.33927,0.584817,,,,,
openmp,openmp_case_18,18,case1_N128_Re1000_central_steps4000_p300,c_openmp_domain_vectorized,c,openmp_domain,vectorized,128,1000,central,RBSOR,4000.0,300.0,4.0,1,4.0,3.0,5.8627275039999995,5.876926346,5.883639748999999,1.0,13.77137334,2.34062,0.585155,,,,,
openmp,openmp_case_18,18,case1_N128_Re1000_central_steps4000_p300,c_openmp_domain_vectorized,c,openmp_domain,vectorized,128,1000,central,RBGS,4000.0,300.0,8.0,1,8.0,3.0,8.496875099999999,8.851986837,8.901733559,1.0,19.62124355,2.2042,0.27552600000000005,,,,,
openmp,openmp_case_18,18,case1_N128_Re1000_central_steps4000_p300,c_openmp_domain_vectorized,c,openmp_domain,vectorized,128,1000,central,RBSOR,4000.0,300.0,8.0,1,8.0,3.0,6.1635491479999995,6.177741925,6.176436473,1.0,13.77137334,2.22966,0.278708,,,,,
openmp,openmp_case_18,18,case1_N128_Re1000_central_steps4000_p300,c_openmp_domain_vectorized,c,openmp_domain,vectorized,128,1000,central,RBGS,4000.0,300.0,16.0,1,16.0,3.0,13.40165281,13.99805905,14.19557854,1.0,19.62124355,1.38221,0.086388,,,,,
openmp,openmp_case_18,18,case1_N128_Re1000_central_steps4000_p300,c_openmp_domain_vectorized,c,openmp_domain,vectorized,128,1000,central,RBSOR,4000.0,300.0,16.0,1,16.0,3.0,9.933556002000001,10.24838619,10.19009522,1.0,13.77137334,1.35145,0.0844654,,,,,
openmp,openmp_case_18,18,case1_N128_Re1000_central_steps4000_p300,cpp_openmp_domain_looped,cpp,openmp_domain,looped,128,1000,central,RBGS,4000.0,300.0,1.0,1,1.0,3.0,26.3440409,26.39991288,26.35706211,1.0,26.35706211,1.0,1.0,,,,,
openmp,openmp_case_18,18,case1_N128_Re1000_central_steps4000_p300,cpp_openmp_domain_looped,cpp,openmp_domain,looped,128,1000,central,RBSOR,4000.0,300.0,1.0,1,1.0,3.0,18.768309600000002,18.81175842,18.81099651,1.0,18.81099651,1.0,1.0,,,,,
openmp,openmp_case_18,18,case1_N128_Re1000_central_steps4000_p300,cpp_openmp_domain_looped,cpp,openmp_domain,looped,128,1000,central,RBGS,4000.0,300.0,2.0,1,2.0,3.0,15.10115398,15.29561383,15.11317386,1.0,26.35706211,1.7439799999999999,0.8719899999999999,,,,,
openmp,openmp_case_18,18,case1_N128_Re1000_central_steps4000_p300,cpp_openmp_domain_looped,cpp,openmp_domain,looped,128,1000,central,RBSOR,4000.0,300.0,2.0,1,2.0,3.0,10.75524628,10.87970426,10.76492874,1.0,18.81099651,1.7474299999999998,0.873717,,,,,
openmp,openmp_case_18,18,case1_N128_Re1000_central_steps4000_p300,cpp_openmp_domain_looped,cpp,openmp_domain,looped,128,1000,central,RBGS,4000.0,300.0,4.0,1,4.0,3.0,9.764752075,9.987108982,10.08006574,1.0,26.35706211,2.61477,0.6536930000000001,,,,,
openmp,openmp_case_18,18,case1_N128_Re1000_central_steps4000_p300,cpp_openmp_domain_looped,cpp,openmp_domain,looped,128,1000,central,RBSOR,4000.0,300.0,4.0,1,4.0,3.0,7.072649758,7.133429659,7.15911103,1.0,18.81099651,2.62756,0.65689,,,,,
openmp,openmp_case_18,18,case1_N128_Re1000_central_steps4000_p300,cpp_openmp_domain_looped,cpp,openmp_domain,looped,128,1000,central,RBGS,4000.0,300.0,8.0,1,8.0,3.0,9.198939968,9.59017848,9.656067524,1.0,26.35706211,2.72959,0.341198,,,,,
openmp,openmp_case_18,18,case1_N128_Re1000_central_steps4000_p300,cpp_openmp_domain_looped,cpp,openmp_domain,looped,128,1000,central,RBSOR,4000.0,300.0,8.0,1,8.0,3.0,6.787543467999999,6.881537917,6.926459722000001,1.0,18.81099651,2.71582,0.339477,,,,,
openmp,openmp_case_18,18,case1_N128_Re1000_central_steps4000_p300,cpp_openmp_domain_looped,cpp,openmp_domain,looped,128,1000,central,RBGS,4000.0,300.0,16.0,1,16.0,3.0,12.92823714,14.44506396,14.5620269,1.0,26.35706211,1.8099900000000002,0.113124,,,,,
openmp,openmp_case_18,18,case1_N128_Re1000_central_steps4000_p300,cpp_openmp_domain_looped,cpp,openmp_domain,looped,128,1000,central,RBSOR,4000.0,300.0,16.0,1,16.0,3.0,10.07678094,11.00277668,10.12738423,1.0,18.81099651,1.8574400000000002,0.11609000000000001,,,,,
openmp,openmp_case_18,18,case1_N128_Re1000_central_steps4000_p300,cpp_openmp_domain_vectorized,cpp,openmp_domain,vectorized,128,1000,central,RBGS,4000.0,300.0,1.0,1,1.0,3.0,19.45809048,19.47270653,19.47670608,1.0,19.47670608,1.0,1.0,,,,,
openmp,openmp_case_18,18,case1_N128_Re1000_central_steps4000_p300,cpp_openmp_domain_vectorized,cpp,openmp_domain,vectorized,128,1000,central,RBSOR,4000.0,300.0,1.0,1,1.0,3.0,13.66305884,13.66924292,13.66721814,1.0,13.66721814,1.0,1.0,,,,,
openmp,openmp_case_18,18,case1_N128_Re1000_central_steps4000_p300,cpp_openmp_domain_vectorized,cpp,openmp_domain,vectorized,128,1000,central,RBGS,4000.0,300.0,2.0,1,2.0,3.0,11.71126764,11.89330515,11.76189373,1.0,19.47670608,1.65592,0.827958,,,,,
openmp,openmp_case_18,18,case1_N128_Re1000_central_steps4000_p300,cpp_openmp_domain_vectorized,cpp,openmp_domain,vectorized,128,1000,central,RBSOR,4000.0,300.0,2.0,1,2.0,3.0,8.2320447,8.364248582,8.278353088,1.0,13.66721814,1.6509599999999998,0.8254790000000001,,,,,
openmp,openmp_case_18,18,case1_N128_Re1000_central_steps4000_p300,cpp_openmp_domain_vectorized,cpp,openmp_domain,vectorized,128,1000,central,RBGS,4000.0,300.0,4.0,1,4.0,3.0,7.998235188,8.180551093,8.188160378,1.0,19.47670608,2.3786400000000003,0.594661,,,,,
openmp,openmp_case_18,18,case1_N128_Re1000_central_steps4000_p300,cpp_openmp_domain_vectorized,cpp,openmp_domain,vectorized,128,1000,central,RBSOR,4000.0,300.0,4.0,1,4.0,3.0,5.88953805,5.905105391,5.890229054,1.0,13.66721814,2.32032,0.58008,,,,,
openmp,openmp_case_18,18,case1_N128_Re1000_central_steps4000_p300,cpp_openmp_domain_vectorized,cpp,openmp_domain,vectorized,128,1000,central,RBGS,4000.0,300.0,8.0,1,8.0,3.0,8.786271248,8.943038128,8.94889266,1.0,19.47670608,2.17644,0.272055,,,,,
openmp,openmp_case_18,18,case1_N128_Re1000_central_steps4000_p300,cpp_openmp_domain_vectorized,cpp,openmp_domain,vectorized,128,1000,central,RBSOR,4000.0,300.0,8.0,1,8.0,3.0,6.141022507000001,6.157192594,6.151598845,1.0,13.66721814,2.22173,0.277717,,,,,
openmp,openmp_case_18,18,case1_N128_Re1000_central_steps4000_p300,cpp_openmp_domain_vectorized,cpp,openmp_domain,vectorized,128,1000,central,RBGS,4000.0,300.0,16.0,1,16.0,3.0,14.05297543,14.99625287,14.91332204,1.0,19.47670608,1.30599,0.0816246,,,,,
openmp,openmp_case_18,18,case1_N128_Re1000_central_steps4000_p300,cpp_openmp_domain_vectorized,cpp,openmp_domain,vectorized,128,1000,central,RBSOR,4000.0,300.0,16.0,1,16.0,3.0,9.696729418,9.731550828,9.717959329,1.0,13.66721814,1.40639,0.0878992,,,,,
mpi,mpi_case_1,1,case1_N32_Re100_upwind_steps1000_p200,python_mpi_domain_looped,python,mpi_domain,looped,32,100,upwind,RBGS,1000.0,200.0,1.0,1,1.0,3.0,215.77838230000003,222.2122626,221.38064980000001,1.0,221.38064980000001,1.0,1.0,,,,,
mpi,mpi_case_1,1,case1_N32_Re100_upwind_steps1000_p200,python_mpi_domain_looped,python,mpi_domain,looped,32,100,upwind,RBSOR,1000.0,200.0,1.0,1,1.0,3.0,110.53139709999999,112.6627963,112.5233281,1.0,112.5233281,1.0,1.0,,,,,
mpi,mpi_case_1,1,case1_N32_Re100_upwind_steps1000_p200,python_mpi_domain_looped,python,mpi_domain,looped,32,100,upwind,RBGS,1000.0,200.0,2.0,2,1.0,3.0,121.9182503,123.3629533,124.0487087,1.0,221.38064980000001,1.78463,0.8923129999999999,,,,,
mpi,mpi_case_1,1,case1_N32_Re100_upwind_steps1000_p200,python_mpi_domain_looped,python,mpi_domain,looped,32,100,upwind,RBSOR,1000.0,200.0,2.0,2,1.0,3.0,60.85030413,61.69780978,61.814828399999996,1.0,112.5233281,1.82033,0.910165,,,,,
mpi,mpi_case_1,1,case1_N32_Re100_upwind_steps1000_p200,python_mpi_domain_looped,python,mpi_domain,looped,32,100,upwind,RBGS,1000.0,200.0,4.0,4,1.0,3.0,69.62255573,69.96780451,69.82642531,1.0,221.38064980000001,3.17044,0.792611,,,,,
mpi,mpi_case_1,1,case1_N32_Re100_upwind_steps1000_p200,python_mpi_domain_looped,python,mpi_domain,looped,32,100,upwind,RBSOR,1000.0,200.0,4.0,4,1.0,3.0,35.68174005,36.01490601,36.001661299999995,1.0,112.5233281,3.1255,0.7813760000000001,,,,,
mpi,mpi_case_1,1,case1_N32_Re100_upwind_steps1000_p200,python_mpi_domain_looped,python,mpi_domain,looped,32,100,upwind,RBGS,1000.0,200.0,8.0,8,1.0,3.0,41.508255,42.22379327,42.55251026,1.0,221.38064980000001,5.20253,0.650316,,,,,
mpi,mpi_case_1,1,case1_N32_Re100_upwind_steps1000_p200,python_mpi_domain_looped,python,mpi_domain,looped,32,100,upwind,RBSOR,1000.0,200.0,8.0,8,1.0,3.0,20.79343152,21.04016574,21.07550955,1.0,112.5233281,5.33906,0.6673819999999999,,,,,
mpi,mpi_case_1,1,case1_N32_Re100_upwind_steps1000_p200,python_mpi_domain_looped,python,mpi_domain,looped,32,100,upwind,RBGS,1000.0,200.0,16.0,16,1.0,3.0,28.20134807,28.54591791,28.39836526,1.0,221.38064980000001,7.795539999999999,0.487221,,,,,
mpi,mpi_case_1,1,case1_N32_Re100_upwind_steps1000_p200,python_mpi_domain_looped,python,mpi_domain,looped,32,100,upwind,RBSOR,1000.0,200.0,16.0,16,1.0,3.0,14.09309506,14.17546558,14.10682416,1.0,112.5233281,7.97652,0.498532,,,,,
mpi,mpi_case_1,1,case1_N32_Re100_upwind_steps1000_p200,python_mpi_domain_vectorized,python,mpi_domain,vectorized,32,100,upwind,RBGS,1000.0,200.0,1.0,1,1.0,3.0,21.61112547,21.92981442,22.08607936,1.0,22.08607936,1.0,1.0,,,,,
mpi,mpi_case_1,1,case1_N32_Re100_upwind_steps1000_p200,python_mpi_domain_vectorized,python,mpi_domain,vectorized,32,100,upwind,RBSOR,1000.0,200.0,1.0,1,1.0,3.0,10.61543322,10.70309687,10.73017168,1.0,10.73017168,1.0,1.0,,,,,
mpi,mpi_case_1,1,case1_N32_Re100_upwind_steps1000_p200,python_mpi_domain_vectorized,python,mpi_domain,vectorized,32,100,upwind,RBGS,1000.0,200.0,2.0,2,1.0,3.0,19.18647313,19.27001905,19.20068002,1.0,22.08607936,1.15028,0.575138,,,,,
mpi,mpi_case_1,1,case1_N32_Re100_upwind_steps1000_p200,python_mpi_domain_vectorized,python,mpi_domain,vectorized,32,100,upwind,RBSOR,1000.0,200.0,2.0,2,1.0,3.0,9.384793043,9.453129927,9.456702232,1.0,10.73017168,1.13466,0.567332,,,,,
mpi,mpi_case_1,1,case1_N32_Re100_upwind_steps1000_p200,python_mpi_domain_vectorized,python,mpi_domain,vectorized,32,100,upwind,RBGS,1000.0,200.0,4.0,4,1.0,3.0,17.65475941,17.76330646,17.80903435,1.0,22.08607936,1.24016,0.31004,,,,,
mpi,mpi_case_1,1,case1_N32_Re100_upwind_steps1000_p200,python_mpi_domain_vectorized,python,mpi_domain,vectorized,32,100,upwind,RBSOR,1000.0,200.0,4.0,4,1.0,3.0,8.66082716,8.696383238,8.671971321000001,1.0,10.73017168,1.2373399999999999,0.30933499999999997,,,,,
mpi,mpi_case_1,1,case1_N32_Re100_upwind_steps1000_p200,python_mpi_domain_vectorized,python,mpi_domain,vectorized,32,100,upwind,RBGS,1000.0,200.0,8.0,8,1.0,3.0,16.39392114,16.41222143,16.40923429,1.0,22.08607936,1.34595,0.168244,,,,,
mpi,mpi_case_1,1,case1_N32_Re100_upwind_steps1000_p200,python_mpi_domain_vectorized,python,mpi_domain,vectorized,32,100,upwind,RBSOR,1000.0,200.0,8.0,8,1.0,3.0,8.078338385,8.102994124,8.108643532,1.0,10.73017168,1.3233,0.165413,,,,,
mpi,mpi_case_1,1,case1_N32_Re100_upwind_steps1000_p200,python_mpi_domain_vectorized,python,mpi_domain,vectorized,32,100,upwind,RBGS,1000.0,200.0,16.0,16,1.0,3.0,16.17465258,16.23045691,16.20583701,1.0,22.08607936,1.36285,0.0851779,,,,,
mpi,mpi_case_1,1,case1_N32_Re100_upwind_steps1000_p200,python_mpi_domain_vectorized,python,mpi_domain,vectorized,32,100,upwind,RBSOR,1000.0,200.0,16.0,16,1.0,3.0,7.963005066,7.971961896,7.965074778,1.0,10.73017168,1.34715,0.08419700000000001,,,,,
mpi,mpi_case_2,2,case1_N32_Re100_central_steps1000_p200,python_mpi_domain_looped,python,mpi_domain,looped,32,100,central,RBGS,1000.0,200.0,1.0,1,1.0,3.0,209.1282659,212.87349229999998,211.80673240000002,1.0,211.80673240000002,1.0,1.0,,,,,
mpi,mpi_case_2,2,case1_N32_Re100_central_steps1000_p200,python_mpi_domain_looped,python,mpi_domain,looped,32,100,central,RBSOR,1000.0,200.0,1.0,1,1.0,3.0,110.4142778,111.831147,112.2039084,1.0,112.2039084,1.0,1.0,,,,,
mpi,mpi_case_2,2,case1_N32_Re100_central_steps1000_p200,python_mpi_domain_looped,python,mpi_domain,looped,32,100,central,RBGS,1000.0,200.0,2.0,2,1.0,3.0,113.51128440000001,117.24920959999999,117.8463368,1.0,211.80673240000002,1.79731,0.8986559999999999,,,,,
mpi,mpi_case_2,2,case1_N32_Re100_central_steps1000_p200,python_mpi_domain_looped,python,mpi_domain,looped,32,100,central,RBSOR,1000.0,200.0,2.0,2,1.0,3.0,58.73419714,59.00180745,58.99858427,1.0,112.2039084,1.9018099999999998,0.950903,,,,,
mpi,mpi_case_2,2,case1_N32_Re100_central_steps1000_p200,python_mpi_domain_looped,python,mpi_domain,looped,32,100,central,RBGS,1000.0,200.0,4.0,4,1.0,3.0,66.63866472,68.13886897,68.37521029,1.0,211.80673240000002,3.0977099999999997,0.774428,,,,,
mpi,mpi_case_2,2,case1_N32_Re100_central_steps1000_p200,python_mpi_domain_looped,python,mpi_domain,looped,32,100,central,RBSOR,1000.0,200.0,4.0,4,1.0,3.0,34.34890914,34.63131293,34.45544577,1.0,112.2039084,3.2564900000000003,0.8141229999999999,,,,,
mpi,mpi_case_2,2,case1_N32_Re100_central_steps1000_p200,python_mpi_domain_looped,python,mpi_domain,looped,32,100,central,RBGS,1000.0,200.0,8.0,8,1.0,3.0,41.03726006,41.42825683,41.61192465,1.0,211.80673240000002,5.09005,0.636256,,,,,
mpi,mpi_case_2,2,case1_N32_Re100_central_steps1000_p200,python_mpi_domain_looped,python,mpi_domain,looped,32,100,central,RBSOR,1000.0,200.0,8.0,8,1.0,3.0,20.38469315,20.56523728,20.54971218,1.0,112.2039084,5.46012,0.682515,,,,,
mpi,mpi_case_2,2,case1_N32_Re100_central_steps1000_p200,python_mpi_domain_looped,python,mpi_domain,looped,32,100,central,RBGS,1000.0,200.0,16.0,16,1.0,3.0,27.73742437,27.83504073,27.84794188,1.0,211.80673240000002,7.60583,0.475364,,,,,
mpi,mpi_case_2,2,case1_N32_Re100_central_steps1000_p200,python_mpi_domain_looped,python,mpi_domain,looped,32,100,central,RBSOR,1000.0,200.0,16.0,16,1.0,3.0,13.64907122,13.68240611,13.66002655,1.0,112.2039084,8.214030000000001,0.5133770000000001,,,,,
mpi,mpi_case_2,2,case1_N32_Re100_central_steps1000_p200,python_mpi_domain_vectorized,python,mpi_domain,vectorized,32,100,central,RBGS,1000.0,200.0,1.0,1,1.0,3.0,21.1466229,21.3455623,21.41371584,1.0,21.41371584,1.0,1.0,,,,,
mpi,mpi_case_2,2,case1_N32_Re100_central_steps1000_p200,python_mpi_domain_vectorized,python,mpi_domain,vectorized,32,100,central,RBSOR,1000.0,200.0,1.0,1,1.0,3.0,10.31597543,10.34123985,10.33861852,1.0,10.33861852,1.0,1.0,,,,,
mpi,mpi_case_2,2,case1_N32_Re100_central_steps1000_p200,python_mpi_domain_vectorized,python,mpi_domain,vectorized,32,100,central,RBGS,1000.0,200.0,2.0,2,1.0,3.0,18.29187107,18.50449514,18.604873899999998,1.0,21.41371584,1.15097,0.575487,,,,,
mpi,mpi_case_2,2,case1_N32_Re100_central_steps1000_p200,python_mpi_domain_vectorized,python,mpi_domain,vectorized,32,100,central,RBSOR,1000.0,200.0,2.0,2,1.0,3.0,9.079656839,9.113402843,9.11719203,1.0,10.33861852,1.1339700000000001,0.5669850000000001,,,,,
mpi,mpi_case_2,2,case1_N32_Re100_central_steps1000_p200,python_mpi_domain_vectorized,python,mpi_domain,vectorized,32,100,central,RBGS,1000.0,200.0,4.0,4,1.0,3.0,17.22540879,17.28942545,17.31544018,1.0,21.41371584,1.23668,0.30917100000000003,,,,,
mpi,mpi_case_2,2,case1_N32_Re100_central_steps1000_p200,python_mpi_domain_vectorized,python,mpi_domain,vectorized,32,100,central,RBSOR,1000.0,200.0,4.0,4,1.0,3.0,8.374669552,8.394212802,8.396911144,1.0,10.33861852,1.23124,0.30781,,,,,
mpi,mpi_case_2,2,case1_N32_Re100_central_steps1000_p200,python_mpi_domain_vectorized,python,mpi_domain,vectorized,32,100,central,RBGS,1000.0,200.0,8.0,8,1.0,3.0,15.90243816,15.95340673,15.97475386,1.0,21.41371584,1.34047,0.16755899999999999,,,,,
mpi,mpi_case_2,2,case1_N32_Re100_central_steps1000_p200,python_mpi_domain_vectorized,python,mpi_domain,vectorized,32,100,central,RBSOR,1000.0,200.0,8.0,8,1.0,3.0,7.811175822999999,7.830207188999999,7.837863922,1.0,10.33861852,1.3190600000000001,0.164883,,,,,
mpi,mpi_case_2,2,case1_N32_Re100_central_steps1000_p200,python_mpi_domain_vectorized,python,mpi_domain,vectorized,32,100,central,RBGS,1000.0,200.0,16.0,16,1.0,3.0,15.70784712,15.7258389,15.73407388,1.0,21.41371584,1.3609799999999999,0.08506110000000001,,,,,
mpi,mpi_case_2,2,case1_N32_Re100_central_steps1000_p200,python_mpi_domain_vectorized,python,mpi_domain,vectorized,32,100,central,RBSOR,1000.0,200.0,16.0,16,1.0,3.0,7.6891465189999995,7.71949927,7.734443665,1.0,10.33861852,1.3367,0.0835437,,,,,
mpi,mpi_case_3,3,case1_N32_Re400_upwind_steps1000_p200,python_mpi_domain_looped,python,mpi_domain,looped,32,400,upwind,RBGS,1000.0,200.0,1.0,1,1.0,3.0,175.2252772,181.07761409999998,181.1878479,1.0,181.1878479,1.0,1.0,,,,,
mpi,mpi_case_3,3,case1_N32_Re400_upwind_steps1000_p200,python_mpi_domain_looped,python,mpi_domain,looped,32,400,upwind,RBSOR,1000.0,200.0,1.0,1,1.0,3.0,92.03915048,94.77705654,95.04090643,1.0,95.04090643,1.0,1.0,,,,,
mpi,mpi_case_3,3,case1_N32_Re400_upwind_steps1000_p200,python_mpi_domain_looped,python,mpi_domain,looped,32,400,upwind,RBGS,1000.0,200.0,2.0,2,1.0,3.0,92.57010436,95.48594379,96.04069209,1.0,181.1878479,1.88657,0.9432870000000001,,,,,
mpi,mpi_case_3,3,case1_N32_Re400_upwind_steps1000_p200,python_mpi_domain_looped,python,mpi_domain,looped,32,400,upwind,RBSOR,1000.0,200.0,2.0,2,1.0,3.0,51.15686536,51.37793724,51.46113777,1.0,95.04090643,1.84685,0.923424,,,,,
mpi,mpi_case_3,3,case1_N32_Re400_upwind_steps1000_p200,python_mpi_domain_looped,python,mpi_domain,looped,32,400,upwind,RBGS,1000.0,200.0,4.0,4,1.0,3.0,54.05771136,56.03746144,56.64990497,1.0,181.1878479,3.19838,0.799595,,,,,
mpi,mpi_case_3,3,case1_N32_Re400_upwind_steps1000_p200,python_mpi_domain_looped,python,mpi_domain,looped,32,400,upwind,RBSOR,1000.0,200.0,4.0,4,1.0,3.0,30.08910656,30.31327494,30.41365814,1.0,95.04090643,3.12494,0.781235,,,,,
mpi,mpi_case_3,3,case1_N32_Re400_upwind_steps1000_p200,python_mpi_domain_looped,python,mpi_domain,looped,32,400,upwind,RBGS,1000.0,200.0,8.0,8,1.0,3.0,33.19071484,33.59345873,33.48492742,1.0,181.1878479,5.41103,0.6763779999999999,,,,,
mpi,mpi_case_3,3,case1_N32_Re400_upwind_steps1000_p200,python_mpi_domain_looped,python,mpi_domain,looped,32,400,upwind,RBSOR,1000.0,200.0,8.0,8,1.0,3.0,17.58960581,17.72799738,17.69865489,1.0,95.04090643,5.36995,0.671244,,,,,
mpi,mpi_case_3,3,case1_N32_Re400_upwind_steps1000_p200,python_mpi_domain_looped,python,mpi_domain,looped,32,400,upwind,RBGS,1000.0,200.0,16.0,16,1.0,3.0,22.47261119,22.62529755,22.52788663,1.0,181.1878479,8.042819999999999,0.502677,,,,,
mpi,mpi_case_3,3,case1_N32_Re400_upwind_steps1000_p200,python_mpi_domain_looped,python,mpi_domain,looped,32,400,upwind,RBSOR,1000.0,200.0,16.0,16,1.0,3.0,11.90080976,12.00146302,12.00167799,1.0,95.04090643,7.91897,0.494936,,,,,
mpi,mpi_case_3,3,case1_N32_Re400_upwind_steps1000_p200,python_mpi_domain_vectorized,python,mpi_domain,vectorized,32,400,upwind,RBGS,1000.0,200.0,1.0,1,1.0,3.0,17.12240911,17.26715636,17.32227945,1.0,17.32227945,1.0,1.0,,,,,
mpi,mpi_case_3,3,case1_N32_Re400_upwind_steps1000_p200,python_mpi_domain_vectorized,python,mpi_domain,vectorized,32,400,upwind,RBSOR,1000.0,200.0,1.0,1,1.0,3.0,8.902230501,8.987114191,9.012247324,1.0,9.012247324,1.0,1.0,,,,,
mpi,mpi_case_3,3,case1_N32_Re400_upwind_steps1000_p200,python_mpi_domain_vectorized,python,mpi_domain,vectorized,32,400,upwind,RBGS,1000.0,200.0,2.0,2,1.0,3.0,15.19131184,15.270536100000001,15.26971173,1.0,17.32227945,1.13442,0.56721,,,,,
mpi,mpi_case_3,3,case1_N32_Re400_upwind_steps1000_p200,python_mpi_domain_vectorized,python,mpi_domain,vectorized,32,400,upwind,RBSOR,1000.0,200.0,2.0,2,1.0,3.0,7.7760212420000006,7.820935965,7.836448193,1.0,9.012247324,1.15004,0.575021,,,,,
mpi,mpi_case_3,3,case1_N32_Re400_upwind_steps1000_p200,python_mpi_domain_vectorized,python,mpi_domain,vectorized,32,400,upwind,RBGS,1000.0,200.0,4.0,4,1.0,3.0,13.96337247,14.0017856,13.97602296,1.0,17.32227945,1.23943,0.309857,,,,,
mpi,mpi_case_3,3,case1_N32_Re400_upwind_steps1000_p200,python_mpi_domain_vectorized,python,mpi_domain,vectorized,32,400,upwind,RBSOR,1000.0,200.0,4.0,4,1.0,3.0,7.204075336,7.232312441,7.239397049,1.0,9.012247324,1.24489,0.311222,,,,,
mpi,mpi_case_3,3,case1_N32_Re400_upwind_steps1000_p200,python_mpi_domain_vectorized,python,mpi_domain,vectorized,32,400,upwind,RBGS,1000.0,200.0,8.0,8,1.0,3.0,12.98249769,12.98914703,12.98591542,1.0,17.32227945,1.3339299999999998,0.166741,,,,,
mpi,mpi_case_3,3,case1_N32_Re400_upwind_steps1000_p200,python_mpi_domain_vectorized,python,mpi_domain,vectorized,32,400,upwind,RBSOR,1000.0,200.0,8.0,8,1.0,3.0,6.7195165160000005,6.72486647,6.725292682999999,1.0,9.012247324,1.34005,0.167507,,,,,
mpi,mpi_case_3,3,case1_N32_Re400_upwind_steps1000_p200,python_mpi_domain_vectorized,python,mpi_domain,vectorized,32,400,upwind,RBGS,1000.0,200.0,16.0,16,1.0,3.0,12.75162292,12.81108363,12.83171535,1.0,17.32227945,1.34996,0.0843724,,,,,
mpi,mpi_case_3,3,case1_N32_Re400_upwind_steps1000_p200,python_mpi_domain_vectorized,python,mpi_domain,vectorized,32,400,upwind,RBSOR,1000.0,200.0,16.0,16,1.0,3.0,6.6010646820000005,6.617748578,6.605105639,1.0,9.012247324,1.3644399999999999,0.0852773,,,,,
mpi,mpi_case_4,4,case1_N32_Re400_central_steps1000_p200,python_mpi_domain_looped,python,mpi_domain,looped,32,400,central,RBGS,1000.0,200.0,1.0,1,1.0,3.0,164.9665184,167.5073256,165.0741842,1.0,165.0741842,1.0,1.0,,,,,
mpi,mpi_case_4,4,case1_N32_Re400_central_steps1000_p200,python_mpi_domain_looped,python,mpi_domain,looped,32,400,central,RBSOR,1000.0,200.0,1.0,1,1.0,3.0,87.78101778,88.08917801,88.03771543,1.0,88.03771543,1.0,1.0,,,,,
mpi,mpi_case_4,4,case1_N32_Re400_central_steps1000_p200,python_mpi_domain_looped,python,mpi_domain,looped,32,400,central,RBGS,1000.0,200.0,2.0,2,1.0,3.0,86.04153275,87.19318652,87.62939024,1.0,165.0741842,1.88378,0.941888,,,,,
mpi,mpi_case_4,4,case1_N32_Re400_central_steps1000_p200,python_mpi_domain_looped,python,mpi_domain,looped,32,400,central,RBSOR,1000.0,200.0,2.0,2,1.0,3.0,46.93999696,47.67233857,47.80784464,1.0,88.03771543,1.84149,0.920745,,,,,
mpi,mpi_case_4,4,case1_N32_Re400_central_steps1000_p200,python_mpi_domain_looped,python,mpi_domain,looped,32,400,central,RBGS,1000.0,200.0,4.0,4,1.0,3.0,50.3956964,51.89455247,52.54775929,1.0,165.0741842,3.14141,0.785353,,,,,
mpi,mpi_case_4,4,case1_N32_Re400_central_steps1000_p200,python_mpi_domain_looped,python,mpi_domain,looped,32,400,central,RBSOR,1000.0,200.0,4.0,4,1.0,3.0,26.881362199999998,27.49876738,27.62410569,1.0,88.03771543,3.18699,0.796747,,,,,
mpi,mpi_case_4,4,case1_N32_Re400_central_steps1000_p200,python_mpi_domain_looped,python,mpi_domain,looped,32,400,central,RBGS,1000.0,200.0,8.0,8,1.0,3.0,30.02189136,30.81498106,30.66244793,1.0,165.0741842,5.38359,0.672949,,,,,
mpi,mpi_case_4,4,case1_N32_Re400_central_steps1000_p200,python_mpi_domain_looped,python,mpi_domain,looped,32,400,central,RBSOR,1000.0,200.0,8.0,8,1.0,3.0,16.31447482,16.48483229,16.39384627,1.0,88.03771543,5.37017,0.671271,,,,,
mpi,mpi_case_4,4,case1_N32_Re400_central_steps1000_p200,python_mpi_domain_looped,python,mpi_domain,looped,32,400,central,RBGS,1000.0,200.0,16.0,16,1.0,3.0,20.41272664,20.75756041,20.9281621,1.0,165.0741842,7.88766,0.492979,,,,,
mpi,mpi_case_4,4,case1_N32_Re400_central_steps1000_p200,python_mpi_domain_looped,python,mpi_domain,looped,32,400,central,RBSOR,1000.0,200.0,16.0,16,1.0,3.0,10.86360264,10.94828312,10.96491933,1.0,88.03771543,8.02903,0.501815,,,,,
mpi,mpi_case_4,4,case1_N32_Re400_central_steps1000_p200,python_mpi_domain_vectorized,python,mpi_domain,vectorized,32,400,central,RBGS,1000.0,200.0,1.0,1,1.0,3.0,15.5701375,15.74037925,15.81962681,1.0,15.81962681,1.0,1.0,,,,,
mpi,mpi_case_4,4,case1_N32_Re400_central_steps1000_p200,python_mpi_domain_vectorized,python,mpi_domain,vectorized,32,400,central,RBSOR,1000.0,200.0,1.0,1,1.0,3.0,7.988737583,8.026723464,7.994611025,1.0,7.994611025,1.0,1.0,,,,,
mpi,mpi_case_4,4,case1_N32_Re400_central_steps1000_p200,python_mpi_domain_vectorized,python,mpi_domain,vectorized,32,400,central,RBGS,1000.0,200.0,2.0,2,1.0,3.0,13.66961169,13.74046826,13.74823642,1.0,15.81962681,1.15067,0.575333,,,,,
mpi,mpi_case_4,4,case1_N32_Re400_central_steps1000_p200,python_mpi_domain_vectorized,python,mpi_domain,vectorized,32,400,central,RBSOR,1000.0,200.0,2.0,2,1.0,3.0,7.045846462,7.084925333999999,7.089257002,1.0,7.994611025,1.12771,0.563854,,,,,
mpi,mpi_case_4,4,case1_N32_Re400_central_steps1000_p200,python_mpi_domain_vectorized,python,mpi_domain,vectorized,32,400,central,RBGS,1000.0,200.0,4.0,4,1.0,3.0,12.64414024,12.723756,12.72956944,1.0,15.81962681,1.24275,0.310687,,,,,
mpi,mpi_case_4,4,case1_N32_Re400_central_steps1000_p200,python_mpi_domain_vectorized,python,mpi_domain,vectorized,32,400,central,RBSOR,1000.0,200.0,4.0,4,1.0,3.0,6.561150789,6.578716357999999,6.58030653,1.0,7.994611025,1.2149299999999998,0.303732,,,,,
mpi,mpi_case_4,4,case1_N32_Re400_central_steps1000_p200,python_mpi_domain_vectorized,python,mpi_domain,vectorized,32,400,central,RBGS,1000.0,200.0,8.0,8,1.0,3.0,11.72964287,11.81545186,11.85570788,1.0,15.81962681,1.33435,0.166793,,,,,
mpi,mpi_case_4,4,case1_N32_Re400_central_steps1000_p200,python_mpi_domain_vectorized,python,mpi_domain,vectorized,32,400,central,RBSOR,1000.0,200.0,8.0,8,1.0,3.0,6.079540491,6.09587121,6.090121031,1.0,7.994611025,1.31272,0.16409,,,,,
mpi,mpi_case_4,4,case1_N32_Re400_central_steps1000_p200,python_mpi_domain_vectorized,python,mpi_domain,vectorized,32,400,central,RBGS,1000.0,200.0,16.0,16,1.0,3.0,11.60056567,11.64321812,11.61197901,1.0,15.81962681,1.36235,0.0851471,,,,,
mpi,mpi_case_4,4,case1_N32_Re400_central_steps1000_p200,python_mpi_domain_vectorized,python,mpi_domain,vectorized,32,400,central,RBSOR,1000.0,200.0,16.0,16,1.0,3.0,5.982926846,6.005244096,5.997656107,1.0,7.994611025,1.3329600000000001,0.0833097,,,,,
mpi,mpi_case_5,5,case1_N32_Re1000_upwind_steps2000_p250,python_mpi_domain_looped,python,mpi_domain,looped,32,1000,upwind,RBGS,2000.0,250.0,1.0,1,1.0,3.0,206.54908989999998,209.3661041,206.86646130000003,1.0,206.86646130000003,1.0,1.0,,,,,
mpi,mpi_case_5,5,case1_N32_Re1000_upwind_steps2000_p250,python_mpi_domain_looped,python,mpi_domain,looped,32,1000,upwind,RBSOR,2000.0,250.0,1.0,1,1.0,3.0,124.4872067,129.8180947,130.5362115,1.0,130.5362115,1.0,1.0,,,,,
mpi,mpi_case_5,5,case1_N32_Re1000_upwind_steps2000_p250,python_mpi_domain_looped,python,mpi_domain,looped,32,1000,upwind,RBGS,2000.0,250.0,2.0,2,1.0,3.0,107.9474442,111.07361509999998,112.40552120000001,1.0,206.86646130000003,1.8403599999999998,0.9201790000000001,,,,,
mpi,mpi_case_5,5,case1_N32_Re1000_upwind_steps2000_p250,python_mpi_domain_looped,python,mpi_domain,looped,32,1000,upwind,RBSOR,2000.0,250.0,2.0,2,1.0,3.0,68.3443563,69.11755649,68.92206359,1.0,130.5362115,1.8939700000000002,0.946984,,,,,
mpi,mpi_case_5,5,case1_N32_Re1000_upwind_steps2000_p250,python_mpi_domain_looped,python,mpi_domain,looped,32,1000,upwind,RBGS,2000.0,250.0,4.0,4,1.0,3.0,63.88772511,65.47286169,65.65134096,1.0,206.86646130000003,3.15099,0.787747,,,,,
mpi,mpi_case_5,5,case1_N32_Re1000_upwind_steps2000_p250,python_mpi_domain_looped,python,mpi_domain,looped,32,1000,upwind,RBSOR,2000.0,250.0,4.0,4,1.0,3.0,40.60628462,40.81821728,40.62577295,1.0,130.5362115,3.21314,0.803284,,,,,
mpi,mpi_case_5,5,case1_N32_Re1000_upwind_steps2000_p250,python_mpi_domain_looped,python,mpi_domain,looped,32,1000,upwind,RBGS,2000.0,250.0,8.0,8,1.0,3.0,38.41137123,38.68340786,38.75036693,1.0,206.86646130000003,5.33844,0.667305,,,,,
mpi,mpi_case_5,5,case1_N32_Re1000_upwind_steps2000_p250,python_mpi_domain_looped,python,mpi_domain,looped,32,1000,upwind,RBSOR,2000.0,250.0,8.0,8,1.0,3.0,24.03811932,24.25757726,24.24812412,1.0,130.5362115,5.38335,0.6729189999999999,,,,,
mpi,mpi_case_5,5,case1_N32_Re1000_upwind_steps2000_p250,python_mpi_domain_looped,python,mpi_domain,looped,32,1000,upwind,RBGS,2000.0,250.0,16.0,16,1.0,3.0,25.777516600000002,26.04366843,25.97477889,1.0,206.86646130000003,7.96413,0.497758,,,,,
mpi,mpi_case_5,5,case1_N32_Re1000_upwind_steps2000_p250,python_mpi_domain_looped,python,mpi_domain,looped,32,1000,upwind,RBSOR,2000.0,250.0,16.0,16,1.0,3.0,15.71042776,15.93159668,15.98721027,1.0,130.5362115,8.16504,0.510315,,,,,
mpi,mpi_case_5,5,case1_N32_Re1000_upwind_steps2000_p250,python_mpi_domain_vectorized,python,mpi_domain,vectorized,32,1000,upwind,RBGS,2000.0,250.0,1.0,1,1.0,3.0,19.62148213,19.661467000000002,19.65339375,1.0,19.65339375,1.0,1.0,,,,,
mpi,mpi_case_5,5,case1_N32_Re1000_upwind_steps2000_p250,python_mpi_domain_vectorized,python,mpi_domain,vectorized,32,1000,upwind,RBSOR,2000.0,250.0,1.0,1,1.0,3.0,11.69250321,11.76853967,11.80211592,1.0,11.80211592,1.0,1.0,,,,,
mpi,mpi_case_5,5,case1_N32_Re1000_upwind_steps2000_p250,python_mpi_domain_vectorized,python,mpi_domain,vectorized,32,1000,upwind,RBGS,2000.0,250.0,2.0,2,1.0,3.0,17.16811109,17.23021539,17.25045276,1.0,19.65339375,1.1393,0.569649,,,,,
mpi,mpi_case_5,5,case1_N32_Re1000_upwind_steps2000_p250,python_mpi_domain_vectorized,python,mpi_domain,vectorized,32,1000,upwind,RBSOR,2000.0,250.0,2.0,2,1.0,3.0,10.28161287,10.31393464,10.32927155,1.0,11.80211592,1.14259,0.571295,,,,,
mpi,mpi_case_5,5,case1_N32_Re1000_upwind_steps2000_p250,python_mpi_domain_vectorized,python,mpi_domain,vectorized,32,1000,upwind,RBGS,2000.0,250.0,4.0,4,1.0,3.0,15.88958001,15.92102583,15.9295342,1.0,19.65339375,1.23377,0.30844299999999997,,,,,
mpi,mpi_case_5,5,case1_N32_Re1000_upwind_steps2000_p250,python_mpi_domain_vectorized,python,mpi_domain,vectorized,32,1000,upwind,RBSOR,2000.0,250.0,4.0,4,1.0,3.0,9.547785521,9.572527487999999,9.568998575,1.0,11.80211592,1.23337,0.308343,,,,,
mpi,mpi_case_5,5,case1_N32_Re1000_upwind_steps2000_p250,python_mpi_domain_vectorized,python,mpi_domain,vectorized,32,1000,upwind,RBGS,2000.0,250.0,8.0,8,1.0,3.0,14.74401116,14.78977561,14.78389001,1.0,19.65339375,1.32938,0.16617200000000001,,,,,
mpi,mpi_case_5,5,case1_N32_Re1000_upwind_steps2000_p250,python_mpi_domain_vectorized,python,mpi_domain,vectorized,32,1000,upwind,RBSOR,2000.0,250.0,8.0,8,1.0,3.0,8.836211443,8.893189112,8.911509752,1.0,11.80211592,1.32437,0.165546,,,,,
mpi,mpi_case_5,5,case1_N32_Re1000_upwind_steps2000_p250,python_mpi_domain_vectorized,python,mpi_domain,vectorized,32,1000,upwind,RBGS,2000.0,250.0,16.0,16,1.0,3.0,14.61928987,14.66060583,14.67165875,1.0,19.65339375,1.33955,0.08372180000000001,,,,,
mpi,mpi_case_5,5,case1_N32_Re1000_upwind_steps2000_p250,python_mpi_domain_vectorized,python,mpi_domain,vectorized,32,1000,upwind,RBSOR,2000.0,250.0,16.0,16,1.0,3.0,8.732845783,8.74708732,8.750581026,1.0,11.80211592,1.3487200000000001,0.0842952,,,,,
mpi,mpi_case_6,6,case1_N32_Re1000_central_steps2000_p250,python_mpi_domain_looped,python,mpi_domain,looped,32,1000,central,RBGS,2000.0,250.0,1.0,1,1.0,3.0,163.96246430000002,165.9274336,164.2195284,1.0,164.2195284,1.0,1.0,,,,,
mpi,mpi_case_6,6,case1_N32_Re1000_central_steps2000_p250,python_mpi_domain_looped,python,mpi_domain,looped,32,1000,central,RBSOR,2000.0,250.0,1.0,1,1.0,3.0,109.10694409999999,110.90566729999999,109.8057203,1.0,109.8057203,1.0,1.0,,,,,
mpi,mpi_case_6,6,case1_N32_Re1000_central_steps2000_p250,python_mpi_domain_looped,python,mpi_domain,looped,32,1000,central,RBGS,2000.0,250.0,2.0,2,1.0,3.0,89.52113676,91.50311637,91.91304135,1.0,164.2195284,1.7866799999999998,0.893342,,,,,
mpi,mpi_case_6,6,case1_N32_Re1000_central_steps2000_p250,python_mpi_domain_looped,python,mpi_domain,looped,32,1000,central,RBSOR,2000.0,250.0,2.0,2,1.0,3.0,57.09659553,57.89615321,58.18587422,1.0,109.8057203,1.88715,0.943577,,,,,
mpi,mpi_case_6,6,case1_N32_Re1000_central_steps2000_p250,python_mpi_domain_looped,python,mpi_domain,looped,32,1000,central,RBGS,2000.0,250.0,4.0,4,1.0,3.0,50.28339648,50.64206251,50.73499918,1.0,164.2195284,3.2368099999999997,0.8092020000000001,,,,,
mpi,mpi_case_6,6,case1_N32_Re1000_central_steps2000_p250,python_mpi_domain_looped,python,mpi_domain,looped,32,1000,central,RBSOR,2000.0,250.0,4.0,4,1.0,3.0,33.13052368,33.81678931,33.521327500000005,1.0,109.8057203,3.2757,0.818924,,,,,
mpi,mpi_case_6,6,case1_N32_Re1000_central_steps2000_p250,python_mpi_domain_looped,python,mpi_domain,looped,32,1000,central,RBGS,2000.0,250.0,8.0,8,1.0,3.0,30.42087984,30.9187479,31.15233183,1.0,164.2195284,5.2715,0.658938,,,,,
mpi,mpi_case_6,6,case1_N32_Re1000_central_steps2000_p250,python_mpi_domain_looped,python,mpi_domain,looped,32,1000,central,RBSOR,2000.0,250.0,8.0,8,1.0,3.0,19.70928907,19.85841227,19.71641183,1.0,109.8057203,5.56925,0.696157,,,,,
mpi,mpi_case_6,6,case1_N32_Re1000_central_steps2000_p250,python_mpi_domain_looped,python,mpi_domain,looped,32,1000,central,RBGS,2000.0,250.0,16.0,16,1.0,3.0,20.58343697,20.62954148,20.64765358,1.0,164.2195284,7.9534199999999995,0.49708900000000006,,,,,
mpi,mpi_case_6,6,case1_N32_Re1000_central_steps2000_p250,python_mpi_domain_looped,python,mpi_domain,looped,32,1000,central,RBSOR,2000.0,250.0,16.0,16,1.0,3.0,13.27611542,13.39637868,13.3088212,1.0,109.8057203,8.2506,0.515662,,,,,
mpi,mpi_case_6,6,case1_N32_Re1000_central_steps2000_p250,python_mpi_domain_vectorized,python,mpi_domain,vectorized,32,1000,central,RBGS,2000.0,250.0,1.0,1,1.0,3.0,15.20500088,15.300595999999999,15.24761057,1.0,15.24761057,1.0,1.0,,,,,
mpi,mpi_case_6,6,case1_N32_Re1000_central_steps2000_p250,python_mpi_domain_vectorized,python,mpi_domain,vectorized,32,1000,central,RBSOR,2000.0,250.0,1.0,1,1.0,3.0,9.563236713,9.6607457,9.670745611000001,1.0,9.670745611000001,1.0,1.0,,,,,
mpi,mpi_case_6,6,case1_N32_Re1000_central_steps2000_p250,python_mpi_domain_vectorized,python,mpi_domain,vectorized,32,1000,central,RBGS,2000.0,250.0,2.0,2,1.0,3.0,13.43075848,13.49602652,13.52617192,1.0,15.24761057,1.12727,0.563634,,,,,
mpi,mpi_case_6,6,case1_N32_Re1000_central_steps2000_p250,python_mpi_domain_vectorized,python,mpi_domain,vectorized,32,1000,central,RBSOR,2000.0,250.0,2.0,2,1.0,3.0,8.459663868,8.490599871,8.478782892,1.0,9.670745611000001,1.14058,0.570291,,,,,
mpi,mpi_case_6,6,case1_N32_Re1000_central_steps2000_p250,python_mpi_domain_vectorized,python,mpi_domain,vectorized,32,1000,central,RBGS,2000.0,250.0,4.0,4,1.0,3.0,12.39478922,12.41682688,12.40504861,1.0,15.24761057,1.22915,0.307286,,,,,
mpi,mpi_case_6,6,case1_N32_Re1000_central_steps2000_p250,python_mpi_domain_vectorized,python,mpi_domain,vectorized,32,1000,central,RBSOR,2000.0,250.0,4.0,4,1.0,3.0,7.770061492999999,7.812186003,7.790296555,1.0,9.670745611000001,1.24138,0.310346,,,,,
mpi,mpi_case_6,6,case1_N32_Re1000_central_steps2000_p250,python_mpi_domain_vectorized,python,mpi_domain,vectorized,32,1000,central,RBGS,2000.0,250.0,8.0,8,1.0,3.0,11.57196808,11.60897748,11.61505413,1.0,15.24761057,1.31275,0.16409300000000002,,,,,
mpi,mpi_case_6,6,case1_N32_Re1000_central_steps2000_p250,python_mpi_domain_vectorized,python,mpi_domain,vectorized,32,1000,central,RBSOR,2000.0,250.0,8.0,8,1.0,3.0,7.297315597000001,7.313612541,7.3163321020000005,1.0,9.670745611000001,1.3218,0.165225,,,,,
mpi,mpi_case_6,6,case1_N32_Re1000_central_steps2000_p250,python_mpi_domain_vectorized,python,mpi_domain,vectorized,32,1000,central,RBGS,2000.0,250.0,16.0,16,1.0,3.0,11.43169427,11.47201276,11.44051099,1.0,15.24761057,1.33277,0.0832983,,,,,
mpi,mpi_case_6,6,case1_N32_Re1000_central_steps2000_p250,python_mpi_domain_vectorized,python,mpi_domain,vectorized,32,1000,central,RBSOR,2000.0,250.0,16.0,16,1.0,3.0,7.1893315310000006,7.218698422,7.229081869,1.0,9.670745611000001,1.33776,0.0836097,,,,,
mpi,mpi_case_7,7,case1_N64_Re100_upwind_steps1000_p200,python_mpi_domain_looped,python,mpi_domain,looped,64,100,upwind,RBGS,1000.0,200.0,1.0,1,1.0,3.0,1299.5973470000001,1311.163486,1310.831833,1.0,1310.831833,1.0,1.0,,,,,
mpi,mpi_case_7,7,case1_N64_Re100_upwind_steps1000_p200,python_mpi_domain_looped,python,mpi_domain,looped,64,100,upwind,RBSOR,1000.0,200.0,1.0,1,1.0,3.0,781.2746877999999,817.9969137999999,802.8392317,1.0,802.8392317,1.0,1.0,,,,,
mpi,mpi_case_7,7,case1_N64_Re100_upwind_steps1000_p200,python_mpi_domain_looped,python,mpi_domain,looped,64,100,upwind,RBGS,1000.0,200.0,2.0,2,1.0,3.0,679.7118149,693.933291,697.0726535,1.0,1310.831833,1.88048,0.94024,,,,,
mpi,mpi_case_7,7,case1_N64_Re100_upwind_steps1000_p200,python_mpi_domain_looped,python,mpi_domain,looped,64,100,upwind,RBSOR,1000.0,200.0,2.0,2,1.0,3.0,431.5296557,439.33726310000003,442.86531449999995,1.0,802.8392317,1.81283,0.906415,,,,,
mpi,mpi_case_7,7,case1_N64_Re100_upwind_steps1000_p200,python_mpi_domain_looped,python,mpi_domain,looped,64,100,upwind,RBGS,1000.0,200.0,4.0,4,1.0,3.0,360.26436,363.7024101,360.6738765,1.0,1310.831833,3.6344,0.9085989999999999,,,,,
mpi,mpi_case_7,7,case1_N64_Re100_upwind_steps1000_p200,python_mpi_domain_looped,python,mpi_domain,looped,64,100,upwind,RBSOR,1000.0,200.0,4.0,4,1.0,3.0,225.29811669999998,231.38149469999996,234.2383935,1.0,802.8392317,3.42745,0.8568610000000001,,,,,
mpi,mpi_case_7,7,case1_N64_Re100_upwind_steps1000_p200,python_mpi_domain_looped,python,mpi_domain,looped,64,100,upwind,RBGS,1000.0,200.0,8.0,8,1.0,3.0,192.7173893,195.96277719999998,196.9827433,1.0,1310.831833,6.65455,0.8318190000000001,,,,,
mpi,mpi_case_7,7,case1_N64_Re100_upwind_steps1000_p200,python_mpi_domain_looped,python,mpi_domain,looped,64,100,upwind,RBSOR,1000.0,200.0,8.0,8,1.0,3.0,123.5641432,123.9676156,123.59681440000001,1.0,802.8392317,6.49563,0.811954,,,,,
mpi,mpi_case_7,7,case1_N64_Re100_upwind_steps1000_p200,python_mpi_domain_looped,python,mpi_domain,looped,64,100,upwind,RBGS,1000.0,200.0,16.0,16,1.0,3.0,109.57478119999999,110.2083679,109.6285388,1.0,1310.831833,11.957,0.747314,,,,,
mpi,mpi_case_7,7,case1_N64_Re100_upwind_steps1000_p200,python_mpi_domain_looped,python,mpi_domain,looped,64,100,upwind,RBSOR,1000.0,200.0,16.0,16,1.0,3.0,69.11885643,69.45875478,69.14942193,1.0,802.8392317,11.6102,0.725638,,,,,
mpi,mpi_case_7,7,case1_N64_Re100_upwind_steps1000_p200,python_mpi_domain_vectorized,python,mpi_domain,vectorized,64,100,upwind,RBGS,1000.0,200.0,1.0,1,1.0,3.0,69.36359572,70.041291,70.19420147,1.0,70.19420147,1.0,1.0,,,,,
mpi,mpi_case_7,7,case1_N64_Re100_upwind_steps1000_p200,python_mpi_domain_vectorized,python,mpi_domain,vectorized,64,100,upwind,RBSOR,1000.0,200.0,1.0,1,1.0,3.0,43.29063034,43.52408433,43.55267954,1.0,43.55267954,1.0,1.0,,,,,
mpi,mpi_case_7,7,case1_N64_Re100_upwind_steps1000_p200,python_mpi_domain_vectorized,python,mpi_domain,vectorized,64,100,upwind,RBGS,1000.0,200.0,2.0,2,1.0,3.0,47.2094388,47.23774632,47.25162625,1.0,70.19420147,1.4855399999999999,0.7427699999999999,,,,,
mpi,mpi_case_7,7,case1_N64_Re100_upwind_steps1000_p200,python_mpi_domain_vectorized,python,mpi_domain,vectorized,64,100,upwind,RBSOR,1000.0,200.0,2.0,2,1.0,3.0,29.27236128,29.42436568,29.36163831,1.0,43.55267954,1.48332,0.74166,,,,,
mpi,mpi_case_7,7,case1_N64_Re100_upwind_steps1000_p200,python_mpi_domain_vectorized,python,mpi_domain,vectorized,64,100,upwind,RBGS,1000.0,200.0,4.0,4,1.0,3.0,35.78203845,36.07986911,36.13068342,1.0,70.19420147,1.9427900000000002,0.48569700000000005,,,,,
mpi,mpi_case_7,7,case1_N64_Re100_upwind_steps1000_p200,python_mpi_domain_vectorized,python,mpi_domain,vectorized,64,100,upwind,RBSOR,1000.0,200.0,4.0,4,1.0,3.0,22.26744962,22.36024809,22.40515256,1.0,43.55267954,1.94387,0.485967,,,,,
mpi,mpi_case_7,7,case1_N64_Re100_upwind_steps1000_p200,python_mpi_domain_vectorized,python,mpi_domain,vectorized,64,100,upwind,RBGS,1000.0,200.0,8.0,8,1.0,3.0,29.94523382,30.00764139,30.01398778,1.0,70.19420147,2.33872,0.29234,,,,,
mpi,mpi_case_7,7,case1_N64_Re100_upwind_steps1000_p200,python_mpi_domain_vectorized,python,mpi_domain,vectorized,64,100,upwind,RBSOR,1000.0,200.0,8.0,8,1.0,3.0,18.66719341,18.74214101,18.77696538,1.0,43.55267954,2.31947,0.289934,,,,,
mpi,mpi_case_7,7,case1_N64_Re100_upwind_steps1000_p200,python_mpi_domain_vectorized,python,mpi_domain,vectorized,64,100,upwind,RBGS,1000.0,200.0,16.0,16,1.0,3.0,27.20064425,27.23115015,27.23944736,1.0,70.19420147,2.57693,0.16105799999999998,,,,,
mpi,mpi_case_7,7,case1_N64_Re100_upwind_steps1000_p200,python_mpi_domain_vectorized,python,mpi_domain,vectorized,64,100,upwind,RBSOR,1000.0,200.0,16.0,16,1.0,3.0,16.97446179,17.00060193,16.98770809,1.0,43.55267954,2.56378,0.160236,,,,,
mpi,mpi_case_8,8,case1_N64_Re100_central_steps1000_p200,python_mpi_domain_looped,python,mpi_domain,looped,64,100,central,RBGS,1000.0,200.0,1.0,1,1.0,3.0,1278.942401,1326.897151,1318.488241,1.0,1318.488241,1.0,1.0,,,,,
mpi,mpi_case_8,8,case1_N64_Re100_central_steps1000_p200,python_mpi_domain_looped,python,mpi_domain,looped,64,100,central,RBSOR,1000.0,200.0,1.0,1,1.0,3.0,800.2274086,821.5478883,812.9535606000001,1.0,812.9535606000001,1.0,1.0,,,,,
mpi,mpi_case_8,8,case1_N64_Re100_central_steps1000_p200,python_mpi_domain_looped,python,mpi_domain,looped,64,100,central,RBGS,1000.0,200.0,2.0,2,1.0,3.0,670.170254,689.1988302999999,697.5035932,1.0,1318.488241,1.8903,0.945148,,,,,
mpi,mpi_case_8,8,case1_N64_Re100_central_steps1000_p200,python_mpi_domain_looped,python,mpi_domain,looped,64,100,central,RBSOR,1000.0,200.0,2.0,2,1.0,3.0,419.3417945,429.3613577,427.10403820000005,1.0,812.9535606000001,1.9034099999999998,0.9517040000000001,,,,,
mpi,mpi_case_8,8,case1_N64_Re100_central_steps1000_p200,python_mpi_domain_looped,python,mpi_domain,looped,64,100,central,RBGS,1000.0,200.0,4.0,4,1.0,3.0,352.1906128,358.93253960000004,355.3955514,1.0,1318.488241,3.70992,0.927479,,,,,
mpi,mpi_case_8,8,case1_N64_Re100_central_steps1000_p200,python_mpi_domain_looped,python,mpi_domain,looped,64,100,central,RBSOR,1000.0,200.0,4.0,4,1.0,3.0,221.13508959999996,223.23956349999997,223.66464900000003,1.0,812.9535606000001,3.6347,0.908675,,,,,
mpi,mpi_case_8,8,case1_N64_Re100_central_steps1000_p200,python_mpi_domain_looped,python,mpi_domain,looped,64,100,central,RBGS,1000.0,200.0,8.0,8,1.0,3.0,192.51447919999998,193.5950025,193.9691896,1.0,1318.488241,6.79741,0.849676,,,,,
mpi,mpi_case_8,8,case1_N64_Re100_central_steps1000_p200,python_mpi_domain_looped,python,mpi_domain,looped,64,100,central,RBSOR,1000.0,200.0,8.0,8,1.0,3.0,119.82626299999998,120.2718683,120.11346200000001,1.0,812.9535606000001,6.768210000000001,0.8460270000000001,,,,,
mpi,mpi_case_8,8,case1_N64_Re100_central_steps1000_p200,python_mpi_domain_looped,python,mpi_domain,looped,64,100,central,RBGS,1000.0,200.0,16.0,16,1.0,3.0,109.6511114,110.48294809999999,110.3187416,1.0,1318.488241,11.9516,0.746977,,,,,
mpi,mpi_case_8,8,case1_N64_Re100_central_steps1000_p200,python_mpi_domain_looped,python,mpi_domain,looped,64,100,central,RBSOR,1000.0,200.0,16.0,16,1.0,3.0,67.71354198,68.12443288,68.00879383,1.0,812.9535606000001,11.9537,0.747103,,,,,
mpi,mpi_case_8,8,case1_N64_Re100_central_steps1000_p200,python_mpi_domain_vectorized,python,mpi_domain,vectorized,64,100,central,RBGS,1000.0,200.0,1.0,1,1.0,3.0,68.80458259999999,69.320666,69.4202807,1.0,69.4202807,1.0,1.0,,,,,
mpi,mpi_case_8,8,case1_N64_Re100_central_steps1000_p200,python_mpi_domain_vectorized,python,mpi_domain,vectorized,64,100,central,RBSOR,1000.0,200.0,1.0,1,1.0,3.0,42.92086053,42.95226995,42.92093301,1.0,42.92093301,1.0,1.0,,,,,
mpi,mpi_case_8,8,case1_N64_Re100_central_steps1000_p200,python_mpi_domain_vectorized,python,mpi_domain,vectorized,64,100,central,RBGS,1000.0,200.0,2.0,2,1.0,3.0,46.67688203,46.77414529,46.79395604,1.0,69.4202807,1.48353,0.741765,,,,,
mpi,mpi_case_8,8,case1_N64_Re100_central_steps1000_p200,python_mpi_domain_vectorized,python,mpi_domain,vectorized,64,100,central,RBSOR,1000.0,200.0,2.0,2,1.0,3.0,28.82808757,28.93395344,28.88902473,1.0,42.92093301,1.4857200000000002,0.742859,,,,,
mpi,mpi_case_8,8,case1_N64_Re100_central_steps1000_p200,python_mpi_domain_vectorized,python,mpi_domain,vectorized,64,100,central,RBGS,1000.0,200.0,4.0,4,1.0,3.0,35.51623702,35.62630995,35.6258595,1.0,69.4202807,1.94859,0.48714799999999997,,,,,
mpi,mpi_case_8,8,case1_N64_Re100_central_steps1000_p200,python_mpi_domain_vectorized,python,mpi_domain,vectorized,64,100,central,RBSOR,1000.0,200.0,4.0,4,1.0,3.0,21.90108109,21.97465714,21.9734838,1.0,42.92093301,1.9533099999999999,0.48832600000000004,,,,,
mpi,mpi_case_8,8,case1_N64_Re100_central_steps1000_p200,python_mpi_domain_vectorized,python,mpi_domain,vectorized,64,100,central,RBGS,1000.0,200.0,8.0,8,1.0,3.0,29.57734585,29.66493734,29.67419076,1.0,69.4202807,2.33942,0.292427,,,,,
mpi,mpi_case_8,8,case1_N64_Re100_central_steps1000_p200,python_mpi_domain_vectorized,python,mpi_domain,vectorized,64,100,central,RBSOR,1000.0,200.0,8.0,8,1.0,3.0,18.38560247,18.41222239,18.38707662,1.0,42.92093301,2.3343,0.29178699999999996,,,,,
mpi,mpi_case_8,8,case1_N64_Re100_central_steps1000_p200,python_mpi_domain_vectorized,python,mpi_domain,vectorized,64,100,central,RBGS,1000.0,200.0,16.0,16,1.0,3.0,26.83125901,26.94584084,26.97694802,1.0,69.4202807,2.5733200000000003,0.160832,,,,,
mpi,mpi_case_8,8,case1_N64_Re100_central_steps1000_p200,python_mpi_domain_vectorized,python,mpi_domain,vectorized,64,100,central,RBSOR,1000.0,200.0,16.0,16,1.0,3.0,16.62348342,16.66576934,16.667063,1.0,42.92093301,2.57519,0.16095,,,,,
mpi,mpi_case_9,9,case1_N64_Re400_upwind_steps1000_p200,python_mpi_domain_looped,python,mpi_domain,looped,64,400,upwind,RBGS,1000.0,200.0,1.0,1,1.0,3.0,1095.481675,1126.988625,1098.1439460000001,1.0,1098.1439460000001,1.0,1.0,,,,,
mpi,mpi_case_9,9,case1_N64_Re400_upwind_steps1000_p200,python_mpi_domain_looped,python,mpi_domain,looped,64,400,upwind,RBSOR,1000.0,200.0,1.0,1,1.0,3.0,690.3580852000001,701.0255641,701.6604792999999,1.0,701.6604792999999,1.0,1.0,,,,,
mpi,mpi_case_9,9,case1_N64_Re400_upwind_steps1000_p200,python_mpi_domain_looped,python,mpi_domain,looped,64,400,upwind,RBGS,1000.0,200.0,2.0,2,1.0,3.0,570.287221,580.4455897,579.56528,1.0,1098.1439460000001,1.89477,0.9473860000000001,,,,,
mpi,mpi_case_9,9,case1_N64_Re400_upwind_steps1000_p200,python_mpi_domain_looped,python,mpi_domain,looped,64,400,upwind,RBSOR,1000.0,200.0,2.0,2,1.0,3.0,355.5365901,361.55258260000005,362.4209294,1.0,701.6604792999999,1.9360400000000002,0.9680190000000001,,,,,
mpi,mpi_case_9,9,case1_N64_Re400_upwind_steps1000_p200,python_mpi_domain_looped,python,mpi_domain,looped,64,400,upwind,RBGS,1000.0,200.0,4.0,4,1.0,3.0,312.3832915,315.8064035,314.893795,1.0,1098.1439460000001,3.48735,0.8718370000000001,,,,,
mpi,mpi_case_9,9,case1_N64_Re400_upwind_steps1000_p200,python_mpi_domain_looped,python,mpi_domain,looped,64,400,upwind,RBSOR,1000.0,200.0,4.0,4,1.0,3.0,185.0707457,190.6900109,192.3723116,1.0,701.6604792999999,3.64741,0.911852,,,,,
mpi,mpi_case_9,9,case1_N64_Re400_upwind_steps1000_p200,python_mpi_domain_looped,python,mpi_domain,looped,64,400,upwind,RBGS,1000.0,200.0,8.0,8,1.0,3.0,166.3736551,167.926988,168.25059219999997,1.0,1098.1439460000001,6.52684,0.815854,,,,,
mpi,mpi_case_9,9,case1_N64_Re400_upwind_steps1000_p200,python_mpi_domain_looped,python,mpi_domain,looped,64,400,upwind,RBSOR,1000.0,200.0,8.0,8,1.0,3.0,102.19152259999998,104.5163276,104.7317061,1.0,701.6604792999999,6.6996,0.83745,,,,,
mpi,mpi_case_9,9,case1_N64_Re400_upwind_steps1000_p200,python_mpi_domain_looped,python,mpi_domain,looped,64,400,upwind,RBGS,1000.0,200.0,16.0,16,1.0,3.0,94.59370279,94.76152825,94.67967844,1.0,1098.1439460000001,11.5985,0.724907,,,,,
mpi,mpi_case_9,9,case1_N64_Re400_upwind_steps1000_p200,python_mpi_domain_looped,python,mpi_domain,looped,64,400,upwind,RBSOR,1000.0,200.0,16.0,16,1.0,3.0,58.33961678,58.39971232,58.42207336,1.0,701.6604792999999,12.0102,0.750637,,,,,
mpi,mpi_case_9,9,case1_N64_Re400_upwind_steps1000_p200,python_mpi_domain_vectorized,python,mpi_domain,vectorized,64,400,upwind,RBGS,1000.0,200.0,1.0,1,1.0,3.0,59.81766438,59.83441885,59.83755684,1.0,59.83755684,1.0,1.0,,,,,
mpi,mpi_case_9,9,case1_N64_Re400_upwind_steps1000_p200,python_mpi_domain_vectorized,python,mpi_domain,vectorized,64,400,upwind,RBSOR,1000.0,200.0,1.0,1,1.0,3.0,36.0454483,36.10983404,36.07425833,1.0,36.07425833,1.0,1.0,,,,,
mpi,mpi_case_9,9,case1_N64_Re400_upwind_steps1000_p200,python_mpi_domain_vectorized,python,mpi_domain,vectorized,64,400,upwind,RBGS,1000.0,200.0,2.0,2,1.0,3.0,40.02545977,40.10630473,40.12814379,1.0,59.83755684,1.49116,0.745581,,,,,
mpi,mpi_case_9,9,case1_N64_Re400_upwind_steps1000_p200,python_mpi_domain_vectorized,python,mpi_domain,vectorized,64,400,upwind,RBSOR,1000.0,200.0,2.0,2,1.0,3.0,24.33025575,24.3524766,24.36219525,1.0,36.07425833,1.48075,0.740374,,,,,
mpi,mpi_case_9,9,case1_N64_Re400_upwind_steps1000_p200,python_mpi_domain_vectorized,python,mpi_domain,vectorized,64,400,upwind,RBGS,1000.0,200.0,4.0,4,1.0,3.0,30.3187542,30.50907095,30.50141668,1.0,59.83755684,1.9618,0.49044899999999997,,,,,
mpi,mpi_case_9,9,case1_N64_Re400_upwind_steps1000_p200,python_mpi_domain_vectorized,python,mpi_domain,vectorized,64,400,upwind,RBSOR,1000.0,200.0,4.0,4,1.0,3.0,18.44235849,18.55645251,18.56761384,1.0,36.07425833,1.9428599999999998,0.48571499999999995,,,,,
mpi,mpi_case_9,9,case1_N64_Re400_upwind_steps1000_p200,python_mpi_domain_vectorized,python,mpi_domain,vectorized,64,400,upwind,RBGS,1000.0,200.0,8.0,8,1.0,3.0,25.38373065,25.42084304,25.42958045,1.0,59.83755684,2.35307,0.294134,,,,,
mpi,mpi_case_9,9,case1_N64_Re400_upwind_steps1000_p200,python_mpi_domain_vectorized,python,mpi_domain,vectorized,64,400,upwind,RBSOR,1000.0,200.0,8.0,8,1.0,3.0,15.36044884,15.3983554,15.40444565,1.0,36.07425833,2.3418099999999997,0.29272600000000004,,,,,
mpi,mpi_case_9,9,case1_N64_Re400_upwind_steps1000_p200,python_mpi_domain_vectorized,python,mpi_domain,vectorized,64,400,upwind,RBGS,1000.0,200.0,16.0,16,1.0,3.0,23.11719799,23.14747214,23.16238856,1.0,59.83755684,2.58339,0.161462,,,,,
mpi,mpi_case_9,9,case1_N64_Re400_upwind_steps1000_p200,python_mpi_domain_vectorized,python,mpi_domain,vectorized,64,400,upwind,RBSOR,1000.0,200.0,16.0,16,1.0,3.0,14.01825714,14.05005145,14.06269622,1.0,36.07425833,2.56524,0.160328,,,,,
mpi,mpi_case_10,10,case1_N64_Re400_central_steps1000_p200,python_mpi_domain_looped,python,mpi_domain,looped,64,400,central,RBGS,1000.0,200.0,1.0,1,1.0,3.0,1151.879752,1168.8521039999998,1175.263831,1.0,1175.263831,1.0,1.0,,,,,
mpi,mpi_case_10,10,case1_N64_Re400_central_steps1000_p200,python_mpi_domain_looped,python,mpi_domain,looped,64,400,central,RBSOR,1000.0,200.0,1.0,1,1.0,3.0,677.3179917,695.4504749,681.7964165,1.0,681.7964165,1.0,1.0,,,,,
mpi,mpi_case_10,10,case1_N64_Re400_central_steps1000_p200,python_mpi_domain_looped,python,mpi_domain,looped,64,400,central,RBGS,1000.0,200.0,2.0,2,1.0,3.0,592.3130865,599.1660843999999,597.7110646000001,1.0,1175.263831,1.96627,0.983137,,,,,
mpi,mpi_case_10,10,case1_N64_Re400_central_steps1000_p200,python_mpi_domain_looped,python,mpi_domain,looped,64,400,central,RBSOR,1000.0,200.0,2.0,2,1.0,3.0,349.3481233,361.582828,359.86773250000005,1.0,681.7964165,1.89458,0.9472879999999999,,,,,
mpi,mpi_case_10,10,case1_N64_Re400_central_steps1000_p200,python_mpi_domain_looped,python,mpi_domain,looped,64,400,central,RBGS,1000.0,200.0,4.0,4,1.0,3.0,307.0138745,317.36920710000004,314.1363182,1.0,1175.263831,3.74125,0.935314,,,,,
mpi,mpi_case_10,10,case1_N64_Re400_central_steps1000_p200,python_mpi_domain_looped,python,mpi_domain,looped,64,400,central,RBSOR,1000.0,200.0,4.0,4,1.0,3.0,189.3454227,192.74968280000002,193.953352,1.0,681.7964165,3.51526,0.878815,,,,,
mpi,mpi_case_10,10,case1_N64_Re400_central_steps1000_p200,python_mpi_domain_looped,python,mpi_domain,looped,64,400,central,RBGS,1000.0,200.0,8.0,8,1.0,3.0,169.51913259999998,171.39377549999998,171.0828369,1.0,1175.263831,6.869560000000001,0.8586950000000001,,,,,
mpi,mpi_case_10,10,case1_N64_Re400_central_steps1000_p200,python_mpi_domain_looped,python,mpi_domain,looped,64,400,central,RBSOR,1000.0,200.0,8.0,8,1.0,3.0,102.2828767,103.2242463,103.0650151,1.0,681.7964165,6.61521,0.826901,,,,,
mpi,mpi_case_10,10,case1_N64_Re400_central_steps1000_p200,python_mpi_domain_looped,python,mpi_domain,looped,64,400,central,RBGS,1000.0,200.0,16.0,16,1.0,3.0,95.92776966,96.71310163,96.23410344,1.0,1175.263831,12.2126,0.763284,,,,,
mpi,mpi_case_10,10,case1_N64_Re400_central_steps1000_p200,python_mpi_domain_looped,python,mpi_domain,looped,64,400,central,RBSOR,1000.0,200.0,16.0,16,1.0,3.0,56.86902428,57.12651626,57.06308436,1.0,681.7964165,11.9481,0.746757,,,,,
mpi,mpi_case_10,10,case1_N64_Re400_central_steps1000_p200,python_mpi_domain_vectorized,python,mpi_domain,vectorized,64,400,central,RBGS,1000.0,200.0,1.0,1,1.0,3.0,60.33443689,60.51054915,60.33484101,1.0,60.33484101,1.0,1.0,,,,,
mpi,mpi_case_10,10,case1_N64_Re400_central_steps1000_p200,python_mpi_domain_vectorized,python,mpi_domain,vectorized,64,400,central,RBSOR,1000.0,200.0,1.0,1,1.0,3.0,35.37094665,35.41802065,35.38250089,1.0,35.38250089,1.0,1.0,,,,,
mpi,mpi_case_10,10,case1_N64_Re400_central_steps1000_p200,python_mpi_domain_vectorized,python,mpi_domain,vectorized,64,400,central,RBGS,1000.0,200.0,2.0,2,1.0,3.0,40.57051969,40.68740416,40.68966079,1.0,60.33484101,1.48281,0.7414029999999999,,,,,
mpi,mpi_case_10,10,case1_N64_Re400_central_steps1000_p200,python_mpi_domain_vectorized,python,mpi_domain,vectorized,64,400,central,RBSOR,1000.0,200.0,2.0,2,1.0,3.0,23.7276001,23.8616817,23.89125705,1.0,35.38250089,1.48098,0.740491,,,,,
mpi,mpi_case_10,10,case1_N64_Re400_central_steps1000_p200,python_mpi_domain_vectorized,python,mpi_domain,vectorized,64,400,central,RBGS,1000.0,200.0,4.0,4,1.0,3.0,31.05640483,31.07235233,31.06906796,1.0,60.33484101,1.94196,0.48549,,,,,
mpi,mpi_case_10,10,case1_N64_Re400_central_steps1000_p200,python_mpi_domain_vectorized,python,mpi_domain,vectorized,64,400,central,RBSOR,1000.0,200.0,4.0,4,1.0,3.0,18.24495673,18.29280313,18.29345131,1.0,35.38250089,1.9341599999999999,0.483541,,,,,
mpi,mpi_case_10,10,case1_N64_Re400_central_steps1000_p200,python_mpi_domain_vectorized,python,mpi_domain,vectorized,64,400,central,RBGS,1000.0,200.0,8.0,8,1.0,3.0,25.65765381,25.75642554,25.76529837,1.0,60.33484101,2.34171,0.292714,,,,,
mpi,mpi_case_10,10,case1_N64_Re400_central_steps1000_p200,python_mpi_domain_vectorized,python,mpi_domain,vectorized,64,400,central,RBSOR,1000.0,200.0,8.0,8,1.0,3.0,15.08499956,15.1516459,15.169354199999999,1.0,35.38250089,2.3325,0.291562,,,,,
mpi,mpi_case_10,10,case1_N64_Re400_central_steps1000_p200,python_mpi_domain_vectorized,python,mpi_domain,vectorized,64,400,central,RBGS,1000.0,200.0,16.0,16,1.0,3.0,23.42143726,23.44862866,23.45391726,1.0,60.33484101,2.57248,0.16078,,,,,
mpi,mpi_case_10,10,case1_N64_Re400_central_steps1000_p200,python_mpi_domain_vectorized,python,mpi_domain,vectorized,64,400,central,RBSOR,1000.0,200.0,16.0,16,1.0,3.0,13.804898499999998,13.81214348,13.80937934,1.0,35.38250089,2.56221,0.160138,,,,,
mpi,mpi_case_11,11,case1_N64_Re1000_upwind_steps2000_p250,python_mpi_domain_looped,python,mpi_domain,looped,64,1000,upwind,RBGS,2000.0,250.0,1.0,1,1.0,3.0,1365.239867,1397.1514869999999,1367.0693720000002,1.0,1367.0693720000002,1.0,1.0,,,,,
mpi,mpi_case_11,11,case1_N64_Re1000_upwind_steps2000_p250,python_mpi_domain_looped,python,mpi_domain,looped,64,1000,upwind,RBSOR,2000.0,250.0,1.0,1,1.0,3.0,930.1561916,955.6895001,963.1972066999999,1.0,963.1972066999999,1.0,1.0,,,,,
mpi,mpi_case_11,11,case1_N64_Re1000_upwind_steps2000_p250,python_mpi_domain_looped,python,mpi_domain,looped,64,1000,upwind,RBGS,2000.0,250.0,2.0,2,1.0,3.0,735.5627236,740.8873689,736.7314427,1.0,1367.0693720000002,1.85559,0.927794,,,,,
mpi,mpi_case_11,11,case1_N64_Re1000_upwind_steps2000_p250,python_mpi_domain_looped,python,mpi_domain,looped,64,1000,upwind,RBSOR,2000.0,250.0,2.0,2,1.0,3.0,487.01492429999996,493.5013177,495.6026757,1.0,963.1972066999999,1.9434900000000002,0.971743,,,,,
mpi,mpi_case_11,11,case1_N64_Re1000_upwind_steps2000_p250,python_mpi_domain_looped,python,mpi_domain,looped,64,1000,upwind,RBGS,2000.0,250.0,4.0,4,1.0,3.0,380.56924680000003,388.7140251,390.8851035,1.0,1367.0693720000002,3.4973699999999996,0.874342,,,,,
mpi,mpi_case_11,11,case1_N64_Re1000_upwind_steps2000_p250,python_mpi_domain_looped,python,mpi_domain,looped,64,1000,upwind,RBSOR,2000.0,250.0,4.0,4,1.0,3.0,250.785059,252.38355730000004,251.20484950000002,1.0,963.1972066999999,3.83431,0.958577,,,,,
mpi,mpi_case_11,11,case1_N64_Re1000_upwind_steps2000_p250,python_mpi_domain_looped,python,mpi_domain,looped,64,1000,upwind,RBGS,2000.0,250.0,8.0,8,1.0,3.0,209.6107836,211.15291209999998,209.6180592,1.0,1367.0693720000002,6.521719999999999,0.815214,,,,,
mpi,mpi_case_11,11,case1_N64_Re1000_upwind_steps2000_p250,python_mpi_domain_looped,python,mpi_domain,looped,64,1000,upwind,RBSOR,2000.0,250.0,8.0,8,1.0,3.0,136.7365007,137.1742496,136.77941299999998,1.0,963.1972066999999,7.04197,0.8802469999999999,,,,,
mpi,mpi_case_11,11,case1_N64_Re1000_upwind_steps2000_p250,python_mpi_domain_looped,python,mpi_domain,looped,64,1000,upwind,RBGS,2000.0,250.0,16.0,16,1.0,3.0,116.9257176,117.45322859999999,117.62773179999999,1.0,1367.0693720000002,11.622,0.726375,,,,,
mpi,mpi_case_11,11,case1_N64_Re1000_upwind_steps2000_p250,python_mpi_domain_looped,python,mpi_domain,looped,64,1000,upwind,RBSOR,2000.0,250.0,16.0,16,1.0,3.0,77.42828298,77.54192011,77.53086948,1.0,963.1972066999999,12.4234,0.776463,,,,,
mpi,mpi_case_11,11,case1_N64_Re1000_upwind_steps2000_p250,python_mpi_domain_vectorized,python,mpi_domain,vectorized,64,1000,upwind,RBGS,2000.0,250.0,1.0,1,1.0,3.0,73.24634051,73.85001492,74.0602355,1.0,74.0602355,1.0,1.0,,,,,
mpi,mpi_case_11,11,case1_N64_Re1000_upwind_steps2000_p250,python_mpi_domain_vectorized,python,mpi_domain,vectorized,64,1000,upwind,RBSOR,2000.0,250.0,1.0,1,1.0,3.0,46.61641312,46.94540389,47.06137252,1.0,47.06137252,1.0,1.0,,,,,
mpi,mpi_case_11,11,case1_N64_Re1000_upwind_steps2000_p250,python_mpi_domain_vectorized,python,mpi_domain,vectorized,64,1000,upwind,RBGS,2000.0,250.0,2.0,2,1.0,3.0,49.34296966,49.50136026,49.42897129,1.0,74.0602355,1.49832,0.749158,,,,,
mpi,mpi_case_11,11,case1_N64_Re1000_upwind_steps2000_p250,python_mpi_domain_vectorized,python,mpi_domain,vectorized,64,1000,upwind,RBSOR,2000.0,250.0,2.0,2,1.0,3.0,31.86856031,31.88337215,31.87072706,1.0,47.06137252,1.4766299999999999,0.738317,,,,,
mpi,mpi_case_11,11,case1_N64_Re1000_upwind_steps2000_p250,python_mpi_domain_vectorized,python,mpi_domain,vectorized,64,1000,upwind,RBGS,2000.0,250.0,4.0,4,1.0,3.0,37.61510468,37.75110428,37.76838517,1.0,74.0602355,1.96091,0.490226,,,,,
mpi,mpi_case_11,11,case1_N64_Re1000_upwind_steps2000_p250,python_mpi_domain_vectorized,python,mpi_domain,vectorized,64,1000,upwind,RBSOR,2000.0,250.0,4.0,4,1.0,3.0,24.24144506,24.36977855,24.38981557,1.0,47.06137252,1.92955,0.482388,,,,,
mpi,mpi_case_11,11,case1_N64_Re1000_upwind_steps2000_p250,python_mpi_domain_vectorized,python,mpi_domain,vectorized,64,1000,upwind,RBGS,2000.0,250.0,8.0,8,1.0,3.0,31.49073219,31.50310095,31.50641489,1.0,74.0602355,2.3506400000000003,0.29383000000000004,,,,,
mpi,mpi_case_11,11,case1_N64_Re1000_upwind_steps2000_p250,python_mpi_domain_vectorized,python,mpi_domain,vectorized,64,1000,upwind,RBSOR,2000.0,250.0,8.0,8,1.0,3.0,20.22209001,20.272095999999998,20.22801995,1.0,47.06137252,2.32654,0.29081799999999997,,,,,
mpi,mpi_case_11,11,case1_N64_Re1000_upwind_steps2000_p250,python_mpi_domain_vectorized,python,mpi_domain,vectorized,64,1000,upwind,RBGS,2000.0,250.0,16.0,16,1.0,3.0,28.73458433,28.76313694,28.76331282,1.0,74.0602355,2.57482,0.16092599999999999,,,,,
mpi,mpi_case_11,11,case1_N64_Re1000_upwind_steps2000_p250,python_mpi_domain_vectorized,python,mpi_domain,vectorized,64,1000,upwind,RBSOR,2000.0,250.0,16.0,16,1.0,3.0,18.37811732,18.40614986,18.40635371,1.0,47.06137252,2.5568,0.1598,,,,,
mpi,mpi_case_12,12,case1_N64_Re1000_central_steps2000_p250,python_mpi_domain_looped,python,mpi_domain,looped,64,1000,central,RBGS,2000.0,250.0,1.0,1,1.0,3.0,1528.467101,1587.501293,1557.593077,1.0,1557.593077,1.0,1.0,,,,,
mpi,mpi_case_12,12,case1_N64_Re1000_central_steps2000_p250,python_mpi_domain_looped,python,mpi_domain,looped,64,1000,central,RBSOR,2000.0,250.0,1.0,1,1.0,3.0,928.3255274,957.9671265000001,938.9941031999999,1.0,938.9941031999999,1.0,1.0,,,,,
mpi,mpi_case_12,12,case1_N64_Re1000_central_steps2000_p250,python_mpi_domain_looped,python,mpi_domain,looped,64,1000,central,RBGS,2000.0,250.0,2.0,2,1.0,3.0,822.8402432999999,844.8764608999999,854.6032262,1.0,1557.593077,1.8225900000000002,0.9112959999999999,,,,,
mpi,mpi_case_12,12,case1_N64_Re1000_central_steps2000_p250,python_mpi_domain_looped,python,mpi_domain,looped,64,1000,central,RBSOR,2000.0,250.0,2.0,2,1.0,3.0,499.49377230000005,511.11127400000004,515.3016094999999,1.0,938.9941031999999,1.8222200000000002,0.911111,,,,,
mpi,mpi_case_12,12,case1_N64_Re1000_central_steps2000_p250,python_mpi_domain_looped,python,mpi_domain,looped,64,1000,central,RBGS,2000.0,250.0,4.0,4,1.0,3.0,439.95436500000005,449.1243633,453.4104295,1.0,1557.593077,3.43528,0.858821,,,,,
mpi,mpi_case_12,12,case1_N64_Re1000_central_steps2000_p250,python_mpi_domain_looped,python,mpi_domain,looped,64,1000,central,RBSOR,2000.0,250.0,4.0,4,1.0,3.0,259.84029480000004,262.9111818,264.1680884,1.0,938.9941031999999,3.55453,0.888633,,,,,
mpi,mpi_case_12,12,case1_N64_Re1000_central_steps2000_p250,python_mpi_domain_looped,python,mpi_domain,looped,64,1000,central,RBGS,2000.0,250.0,8.0,8,1.0,3.0,237.5951688,238.88076260000003,238.0504355,1.0,1557.593077,6.54312,0.81789,,,,,
mpi,mpi_case_12,12,case1_N64_Re1000_central_steps2000_p250,python_mpi_domain_looped,python,mpi_domain,looped,64,1000,central,RBSOR,2000.0,250.0,8.0,8,1.0,3.0,140.3267398,144.4762569,145.1212378,1.0,938.9941031999999,6.47041,0.808801,,,,,
mpi,mpi_case_12,12,case1_N64_Re1000_central_steps2000_p250,python_mpi_domain_looped,python,mpi_domain,looped,64,1000,central,RBGS,2000.0,250.0,16.0,16,1.0,3.0,131.9205234,133.1529115,133.2877743,1.0,1557.593077,11.6859,0.730371,,,,,
mpi,mpi_case_12,12,case1_N64_Re1000_central_steps2000_p250,python_mpi_domain_looped,python,mpi_domain,looped,64,1000,central,RBSOR,2000.0,250.0,16.0,16,1.0,3.0,79.31944561,80.83820637,81.32203317,1.0,938.9941031999999,11.5466,0.721663,,,,,
mpi,mpi_case_12,12,case1_N64_Re1000_central_steps2000_p250,python_mpi_domain_vectorized,python,mpi_domain,vectorized,64,1000,central,RBGS,2000.0,250.0,1.0,1,1.0,3.0,82.72776532,83.06129575,83.08071756,1.0,83.08071756,1.0,1.0,,,,,
mpi,mpi_case_12,12,case1_N64_Re1000_central_steps2000_p250,python_mpi_domain_vectorized,python,mpi_domain,vectorized,64,1000,central,RBSOR,2000.0,250.0,1.0,1,1.0,3.0,48.89862323,49.32304335,49.41563225,1.0,49.41563225,1.0,1.0,,,,,
mpi,mpi_case_12,12,case1_N64_Re1000_central_steps2000_p250,python_mpi_domain_vectorized,python,mpi_domain,vectorized,64,1000,central,RBGS,2000.0,250.0,2.0,2,1.0,3.0,55.72291541,55.75836953,55.76114702,1.0,83.08071756,1.48994,0.74497,,,,,
mpi,mpi_case_12,12,case1_N64_Re1000_central_steps2000_p250,python_mpi_domain_vectorized,python,mpi_domain,vectorized,64,1000,central,RBSOR,2000.0,250.0,2.0,2,1.0,3.0,33.06641984,33.27791119,33.38343382,1.0,49.41563225,1.48024,0.7401220000000001,,,,,
mpi,mpi_case_12,12,case1_N64_Re1000_central_steps2000_p250,python_mpi_domain_vectorized,python,mpi_domain,vectorized,64,1000,central,RBGS,2000.0,250.0,4.0,4,1.0,3.0,42.59250236,42.74879265,42.76079273,1.0,83.08071756,1.94292,0.48573,,,,,
mpi,mpi_case_12,12,case1_N64_Re1000_central_steps2000_p250,python_mpi_domain_vectorized,python,mpi_domain,vectorized,64,1000,central,RBSOR,2000.0,250.0,4.0,4,1.0,3.0,25.35994315,25.41717879,25.39023805,1.0,49.41563225,1.94625,0.48656099999999997,,,,,
mpi,mpi_case_12,12,case1_N64_Re1000_central_steps2000_p250,python_mpi_domain_vectorized,python,mpi_domain,vectorized,64,1000,central,RBGS,2000.0,250.0,8.0,8,1.0,3.0,35.45029306,35.48684319,35.49636531,1.0,83.08071756,2.3405400000000003,0.292568,,,,,
mpi,mpi_case_12,12,case1_N64_Re1000_central_steps2000_p250,python_mpi_domain_vectorized,python,mpi_domain,vectorized,64,1000,central,RBSOR,2000.0,250.0,8.0,8,1.0,3.0,21.155279399999998,21.25464932,21.30154538,1.0,49.41563225,2.31981,0.289977,,,,,
mpi,mpi_case_12,12,case1_N64_Re1000_central_steps2000_p250,python_mpi_domain_vectorized,python,mpi_domain,vectorized,64,1000,central,RBGS,2000.0,250.0,16.0,16,1.0,3.0,32.17399502,32.21493165,32.21647263,1.0,83.08071756,2.57883,0.161177,,,,,
mpi,mpi_case_12,12,case1_N64_Re1000_central_steps2000_p250,python_mpi_domain_vectorized,python,mpi_domain,vectorized,64,1000,central,RBSOR,2000.0,250.0,16.0,16,1.0,3.0,19.24970675,19.30985395,19.32176948,1.0,49.41563225,2.5575099999999997,0.159844,,,,,
mpi,mpi_case_13,13,case1_N128_Re100_upwind_steps2500_p250,,python,,,128,100,upwind,,,,,1,,,,,,,,,,9.0,20795.841759946597,18587.37954863281,1312.7950453758,40910.2954394817
mpi,mpi_case_13,13,case1_N128_Re100_upwind_steps2500_p250,,python,,,128,100,upwind,,,,,2,,,,,,,,,,8.0,9935.194188356374,9929.351634679571,725.3953747749,21949.2041966915
mpi,mpi_case_13,13,case1_N128_Re100_upwind_steps2500_p250,,python,,,128,100,upwind,,,,,4,,,,,,,,,,8.0,5061.893687069425,5008.97296782747,429.67909336089997,11479.8878407478
mpi,mpi_case_13,13,case1_N128_Re100_upwind_steps2500_p250,,python,,,128,100,upwind,,,,,8,,,,,,,,,,8.0,2698.5984506904997,2614.9133061149773,279.481038332,6092.9217624664
mpi,mpi_case_13,13,case1_N128_Re100_upwind_steps2500_p250,,python,,,128,100,upwind,,,,,16,,,,,,,,,,8.0,1417.380660504113,1281.9300027275044,210.91074252130002,3009.1954729557
mpi,mpi_case_14,14,case1_N128_Re100_central_steps2500_p250,python_mpi_domain_looped,python,mpi_domain,looped,128,100,central,RBGS,2500.0,250.0,1.0,1,1.0,3.0,7773.648684999999,8143.595456,8292.554608,1.0,8292.554608,1.0,1.0,,,,,
mpi,mpi_case_14,14,case1_N128_Re100_central_steps2500_p250,python_mpi_domain_looped,python,mpi_domain,looped,128,100,central,RBSOR,2500.0,250.0,1.0,1,1.0,3.0,6856.323386,6957.518126999999,6882.455436,1.0,6882.455436,1.0,1.0,,,,,
mpi,mpi_case_14,14,case1_N128_Re100_central_steps2500_p250,python_mpi_domain_looped,python,mpi_domain,looped,128,100,central,RBGS,2500.0,250.0,2.0,2,1.0,3.0,4282.274056,4449.472812,4313.926599,1.0,8292.554608,1.92228,0.9611379999999999,,,,,
mpi,mpi_case_14,14,case1_N128_Re100_central_steps2500_p250,python_mpi_domain_looped,python,mpi_domain,looped,128,100,central,RBSOR,2500.0,250.0,2.0,2,1.0,3.0,3516.7116119999996,3583.477342,3567.311556,1.0,6882.455436,1.9293099999999999,0.964656,,,,,
mpi,mpi_case_14,14,case1_N128_Re100_central_steps2500_p250,python_mpi_domain_looped,python,mpi_domain,looped,128,100,central,RBGS,2500.0,250.0,4.0,4,1.0,3.0,2154.0331899999996,2165.6276350000003,2168.489939,1.0,8292.554608,3.8241099999999997,0.9560290000000001,,,,,
mpi,mpi_case_14,14,case1_N128_Re100_central_steps2500_p250,python_mpi_domain_looped,python,mpi_domain,looped,128,100,central,RBSOR,2500.0,250.0,4.0,4,1.0,3.0,1801.635559,1824.682257,1818.115124,1.0,6882.455436,3.7854900000000002,0.9463719999999999,,,,,
mpi,mpi_case_14,14,case1_N128_Re100_central_steps2500_p250,python_mpi_domain_looped,python,mpi_domain,looped,128,100,central,RBGS,2500.0,250.0,8.0,8,1.0,3.0,1121.243633,1128.599203,1128.683243,1.0,8292.554608,7.347110000000001,0.9183879999999999,,,,,
mpi,mpi_case_14,14,case1_N128_Re100_central_steps2500_p250,python_mpi_domain_looped,python,mpi_domain,looped,128,100,central,RBSOR,2500.0,250.0,8.0,8,1.0,3.0,912.7314274,945.3812826,957.0722206,1.0,6882.455436,7.191160000000001,0.8988940000000001,,,,,
mpi,mpi_case_14,14,case1_N128_Re100_central_steps2500_p250,python_mpi_domain_looped,python,mpi_domain,looped,128,100,central,RBGS,2500.0,250.0,16.0,16,1.0,3.0,587.6032822000001,593.1098208,594.5368824,1.0,8292.554608,13.9479,0.8717450000000001,,,,,
mpi,mpi_case_14,14,case1_N128_Re100_central_steps2500_p250,python_mpi_domain_looped,python,mpi_domain,looped,128,100,central,RBSOR,2500.0,250.0,16.0,16,1.0,3.0,488.359376,493.32750189999996,492.92038679999996,1.0,6882.455436,13.9626,0.872663,,,,,
mpi,mpi_case_14,14,case1_N128_Re100_central_steps2500_p250,python_mpi_domain_vectorized,python,mpi_domain,vectorized,128,100,central,RBGS,2500.0,250.0,1.0,1,1.0,3.0,341.7048998,348.5462744,351.2060993,1.0,351.2060993,1.0,1.0,,,,,
mpi,mpi_case_14,14,case1_N128_Re100_central_steps2500_p250,python_mpi_domain_vectorized,python,mpi_domain,vectorized,128,100,central,RBSOR,2500.0,250.0,1.0,1,1.0,3.0,282.1454456,285.3682838,282.4529185,1.0,282.4529185,1.0,1.0,,,,,
mpi,mpi_case_14,14,case1_N128_Re100_central_steps2500_p250,python_mpi_domain_vectorized,python,mpi_domain,vectorized,128,100,central,RBGS,2500.0,250.0,2.0,2,1.0,3.0,193.9038246,194.264811,194.0369625,1.0,351.2060993,1.81,0.904998,,,,,
mpi,mpi_case_14,14,case1_N128_Re100_central_steps2500_p250,python_mpi_domain_vectorized,python,mpi_domain,vectorized,128,100,central,RBSOR,2500.0,250.0,2.0,2,1.0,3.0,159.8457999,160.2738099,160.36379409999998,1.0,282.4529185,1.7613299999999998,0.880663,,,,,
mpi,mpi_case_14,14,case1_N128_Re100_central_steps2500_p250,python_mpi_domain_vectorized,python,mpi_domain,vectorized,128,100,central,RBGS,2500.0,250.0,4.0,4,1.0,3.0,115.0401998,115.4803571,115.36385940000001,1.0,351.2060993,3.04433,0.761083,,,,,
mpi,mpi_case_14,14,case1_N128_Re100_central_steps2500_p250,python_mpi_domain_vectorized,python,mpi_domain,vectorized,128,100,central,RBSOR,2500.0,250.0,4.0,4,1.0,3.0,95.03280306,95.09249473,95.06065249,1.0,282.4529185,2.97129,0.742823,,,,,
mpi,mpi_case_14,14,case1_N128_Re100_central_steps2500_p250,python_mpi_domain_vectorized,python,mpi_domain,vectorized,128,100,central,RBGS,2500.0,250.0,8.0,8,1.0,3.0,74.66597962,74.83204444,74.8490231,1.0,351.2060993,4.69219,0.5865239999999999,,,,,
mpi,mpi_case_14,14,case1_N128_Re100_central_steps2500_p250,python_mpi_domain_vectorized,python,mpi_domain,vectorized,128,100,central,RBSOR,2500.0,250.0,8.0,8,1.0,3.0,61.46035361,61.57310438,61.53728628,1.0,282.4529185,4.58995,0.573743,,,,,
mpi,mpi_case_14,14,case1_N128_Re100_central_steps2500_p250,python_mpi_domain_vectorized,python,mpi_domain,vectorized,128,100,central,RBGS,2500.0,250.0,16.0,16,1.0,3.0,56.59249377,56.64207681,56.6145885,1.0,351.2060993,6.20346,0.387716,,,,,
mpi,mpi_case_14,14,case1_N128_Re100_central_steps2500_p250,python_mpi_domain_vectorized,python,mpi_domain,vectorized,128,100,central,RBSOR,2500.0,250.0,16.0,16,1.0,3.0,46.59741139,46.734010299999994,46.70174122,1.0,282.4529185,6.048019999999999,0.37800100000000003,,,,,
mpi,mpi_case_15,15,case1_N128_Re400_upwind_steps2500_p250,python_mpi_domain_looped,python,mpi_domain,looped,128,400,upwind,RBGS,2500.0,250.0,1.0,1,1.0,3.0,9607.544919,9779.060005,9727.23138,1.0,9727.23138,1.0,1.0,,,,,
mpi,mpi_case_15,15,case1_N128_Re400_upwind_steps2500_p250,python_mpi_domain_looped,python,mpi_domain,looped,128,400,upwind,RBSOR,2500.0,250.0,1.0,1,1.0,3.0,7125.405015,7358.263155,7312.434615000001,1.0,7312.434615000001,1.0,1.0,,,,,
mpi,mpi_case_15,15,case1_N128_Re400_upwind_steps2500_p250,python_mpi_domain_looped,python,mpi_domain,looped,128,400,upwind,RBGS,2500.0,250.0,2.0,2,1.0,3.0,4968.252268,5026.8548,4980.292104,1.0,9727.23138,1.95314,0.9765719999999999,,,,,
mpi,mpi_case_15,15,case1_N128_Re400_upwind_steps2500_p250,python_mpi_domain_looped,python,mpi_domain,looped,128,400,upwind,RBSOR,2500.0,250.0,2.0,2,1.0,3.0,3908.4322950000005,3941.1144409999997,3924.0010700000003,1.0,7312.434615000001,1.8635099999999998,0.931757,,,,,
mpi,mpi_case_15,15,case1_N128_Re400_upwind_steps2500_p250,python_mpi_domain_looped,python,mpi_domain,looped,128,400,upwind,RBGS,2500.0,250.0,4.0,4,1.0,3.0,2546.759107,2577.503315,2558.474741,1.0,9727.23138,3.80196,0.950491,,,,,
mpi,mpi_case_15,15,case1_N128_Re400_upwind_steps2500_p250,python_mpi_domain_looped,python,mpi_domain,looped,128,400,upwind,RBSOR,2500.0,250.0,4.0,4,1.0,3.0,1964.4156289999999,2003.545787,2003.541552,1.0,7312.434615000001,3.64975,0.9124389999999999,,,,,
mpi,mpi_case_15,15,case1_N128_Re400_upwind_steps2500_p250,python_mpi_domain_looped,python,mpi_domain,looped,128,400,upwind,RBGS,2500.0,250.0,8.0,8,1.0,3.0,1315.191779,1323.843995,1321.111294,1.0,9727.23138,7.36292,0.920364,,,,,
mpi,mpi_case_15,15,case1_N128_Re400_upwind_steps2500_p250,python_mpi_domain_looped,python,mpi_domain,looped,128,400,upwind,RBSOR,2500.0,250.0,8.0,8,1.0,3.0,1032.0372869999999,1048.9420539999999,1048.417454,1.0,7312.434615000001,6.97474,0.871842,,,,,
mpi,mpi_case_15,15,case1_N128_Re400_upwind_steps2500_p250,python_mpi_domain_looped,python,mpi_domain,looped,128,400,upwind,RBGS,2500.0,250.0,16.0,16,1.0,3.0,684.4847097,687.5914946,688.6817593999999,1.0,9727.23138,14.1244,0.882776,,,,,
mpi,mpi_case_15,15,case1_N128_Re400_upwind_steps2500_p250,python_mpi_domain_looped,python,mpi_domain,looped,128,400,upwind,RBSOR,2500.0,250.0,16.0,16,1.0,3.0,540.1789775000001,542.7605826,541.1987312000001,1.0,7312.434615000001,13.5116,0.8444719999999999,,,,,
mpi,mpi_case_15,15,case1_N128_Re400_upwind_steps2500_p250,python_mpi_domain_vectorized,python,mpi_domain,vectorized,128,400,upwind,RBGS,2500.0,250.0,1.0,1,1.0,3.0,405.5986087,409.5468729,411.3018725,1.0,411.3018725,1.0,1.0,,,,,
mpi,mpi_case_15,15,case1_N128_Re400_upwind_steps2500_p250,python_mpi_domain_vectorized,python,mpi_domain,vectorized,128,400,upwind,RBSOR,2500.0,250.0,1.0,1,1.0,3.0,311.1769896,314.577733,313.7202625,1.0,313.7202625,1.0,1.0,,,,,
mpi,mpi_case_15,15,case1_N128_Re400_upwind_steps2500_p250,python_mpi_domain_vectorized,python,mpi_domain,vectorized,128,400,upwind,RBGS,2500.0,250.0,2.0,2,1.0,3.0,226.938482,227.32069909999998,227.28321719999997,1.0,411.3018725,1.8096400000000001,0.9048219999999999,,,,,
mpi,mpi_case_15,15,case1_N128_Re400_upwind_steps2500_p250,python_mpi_domain_vectorized,python,mpi_domain,vectorized,128,400,upwind,RBSOR,2500.0,250.0,2.0,2,1.0,3.0,176.363416,177.11407409999998,177.4435337,1.0,313.7202625,1.768,0.884,,,,,
mpi,mpi_case_15,15,case1_N128_Re400_upwind_steps2500_p250,python_mpi_domain_vectorized,python,mpi_domain,vectorized,128,400,upwind,RBGS,2500.0,250.0,4.0,4,1.0,3.0,134.8249185,134.941665,134.9781485,1.0,411.3018725,3.04717,0.761793,,,,,
mpi,mpi_case_15,15,case1_N128_Re400_upwind_steps2500_p250,python_mpi_domain_vectorized,python,mpi_domain,vectorized,128,400,upwind,RBSOR,2500.0,250.0,4.0,4,1.0,3.0,105.0472071,105.2865908,105.219629,1.0,313.7202625,2.98158,0.745394,,,,,
mpi,mpi_case_15,15,case1_N128_Re400_upwind_steps2500_p250,python_mpi_domain_vectorized,python,mpi_domain,vectorized,128,400,upwind,RBGS,2500.0,250.0,8.0,8,1.0,3.0,87.84770989,88.03381507,88.09895349,1.0,411.3018725,4.66864,0.583579,,,,,
mpi,mpi_case_15,15,case1_N128_Re400_upwind_steps2500_p250,python_mpi_domain_vectorized,python,mpi_domain,vectorized,128,400,upwind,RBSOR,2500.0,250.0,8.0,8,1.0,3.0,68.1766417,68.47125546,68.55035067,1.0,313.7202625,4.57649,0.572062,,,,,
mpi,mpi_case_15,15,case1_N128_Re400_upwind_steps2500_p250,python_mpi_domain_vectorized,python,mpi_domain,vectorized,128,400,upwind,RBGS,2500.0,250.0,16.0,16,1.0,3.0,65.92139745,66.17582695,66.13044262,1.0,411.3018725,6.21955,0.38872199999999996,,,,,
mpi,mpi_case_15,15,case1_N128_Re400_upwind_steps2500_p250,python_mpi_domain_vectorized,python,mpi_domain,vectorized,128,400,upwind,RBSOR,2500.0,250.0,16.0,16,1.0,3.0,51.598161700000006,51.69835337,51.69292164,1.0,313.7202625,6.068919999999999,0.379308,,,,,
mpi,mpi_case_16,16,case1_N128_Re400_central_steps2500_p250,python_mpi_domain_looped,python,mpi_domain,looped,128,400,central,RBGS,2500.0,250.0,1.0,1,1.0,3.0,9959.732068000001,10126.78696,10190.9296,1.0,10190.9296,1.0,1.0,,,,,
mpi,mpi_case_16,16,case1_N128_Re400_central_steps2500_p250,python_mpi_domain_looped,python,mpi_domain,looped,128,400,central,RBSOR,2500.0,250.0,1.0,1,1.0,3.0,7843.431937,7865.321017,7872.731811,1.0,7872.731811,1.0,1.0,,,,,
mpi,mpi_case_16,16,case1_N128_Re400_central_steps2500_p250,python_mpi_domain_looped,python,mpi_domain,looped,128,400,central,RBGS,2500.0,250.0,2.0,2,1.0,3.0,5137.59373,5231.791388000001,5205.0098530000005,1.0,10190.9296,1.9579099999999998,0.9789540000000001,,,,,
mpi,mpi_case_16,16,case1_N128_Re400_central_steps2500_p250,python_mpi_domain_looped,python,mpi_domain,looped,128,400,central,RBSOR,2500.0,250.0,2.0,2,1.0,3.0,4106.8502,4179.685423,4173.675293,1.0,7872.731811,1.88628,0.943141,,,,,
mpi,mpi_case_16,16,case1_N128_Re400_central_steps2500_p250,python_mpi_domain_looped,python,mpi_domain,looped,128,400,central,RBGS,2500.0,250.0,4.0,4,1.0,3.0,2767.647732,2802.489968,2791.065809,1.0,10190.9296,3.65127,0.912817,,,,,
mpi,mpi_case_16,16,case1_N128_Re400_central_steps2500_p250,python_mpi_domain_looped,python,mpi_domain,looped,128,400,central,RBSOR,2500.0,250.0,4.0,4,1.0,3.0,2096.1178640000003,2107.381445,2100.120617,1.0,7872.731811,3.7487,0.937176,,,,,
mpi,mpi_case_16,16,case1_N128_Re400_central_steps2500_p250,python_mpi_domain_looped,python,mpi_domain,looped,128,400,central,RBGS,2500.0,250.0,8.0,8,1.0,3.0,1393.231069,1407.177176,1411.239216,1.0,10190.9296,7.221260000000001,0.902658,,,,,
mpi,mpi_case_16,16,case1_N128_Re400_central_steps2500_p250,python_mpi_domain_looped,python,mpi_domain,looped,128,400,central,RBSOR,2500.0,250.0,8.0,8,1.0,3.0,1084.109214,1091.6652119999999,1093.089551,1.0,7872.731811,7.20228,0.900284,,,,,
mpi,mpi_case_16,16,case1_N128_Re400_central_steps2500_p250,python_mpi_domain_looped,python,mpi_domain,looped,128,400,central,RBGS,2500.0,250.0,16.0,16,1.0,3.0,727.9779415,733.4300047999999,733.3960156,1.0,10190.9296,13.8955,0.8684709999999999,,,,,
mpi,mpi_case_16,16,case1_N128_Re400_central_steps2500_p250,python_mpi_domain_looped,python,mpi_domain,looped,128,400,central,RBSOR,2500.0,250.0,16.0,16,1.0,3.0,556.502614,565.2477147999999,569.3704290000001,1.0,7872.731811,13.8271,0.864193,,,,,
mpi,mpi_case_16,16,case1_N128_Re400_central_steps2500_p250,python_mpi_domain_vectorized,python,mpi_domain,vectorized,128,400,central,RBGS,2500.0,250.0,1.0,1,1.0,3.0,435.1243055,436.0616546,435.2619827,1.0,435.2619827,1.0,1.0,,,,,
mpi,mpi_case_16,16,case1_N128_Re400_central_steps2500_p250,python_mpi_domain_vectorized,python,mpi_domain,vectorized,128,400,central,RBSOR,2500.0,250.0,1.0,1,1.0,3.0,332.2286789,333.2585968,333.3266129,1.0,333.3266129,1.0,1.0,,,,,
mpi,mpi_case_16,16,case1_N128_Re400_central_steps2500_p250,python_mpi_domain_vectorized,python,mpi_domain,vectorized,128,400,central,RBGS,2500.0,250.0,2.0,2,1.0,3.0,239.7797329,242.30711459999998,243.27933959999996,1.0,435.2619827,1.7891400000000002,0.8945719999999999,,,,,
mpi,mpi_case_16,16,case1_N128_Re400_central_steps2500_p250,python_mpi_domain_vectorized,python,mpi_domain,vectorized,128,400,central,RBSOR,2500.0,250.0,2.0,2,1.0,3.0,184.4686091,184.72627240000003,184.7126739,1.0,333.3266129,1.80457,0.902284,,,,,
mpi,mpi_case_16,16,case1_N128_Re400_central_steps2500_p250,python_mpi_domain_vectorized,python,mpi_domain,vectorized,128,400,central,RBGS,2500.0,250.0,4.0,4,1.0,3.0,142.6630812,143.74508269999998,144.2444801,1.0,435.2619827,3.01753,0.754382,,,,,
mpi,mpi_case_16,16,case1_N128_Re400_central_steps2500_p250,python_mpi_domain_vectorized,python,mpi_domain,vectorized,128,400,central,RBSOR,2500.0,250.0,4.0,4,1.0,3.0,109.4319716,109.8285455,109.7425044,1.0,333.3266129,3.03735,0.759338,,,,,
mpi,mpi_case_16,16,case1_N128_Re400_central_steps2500_p250,python_mpi_domain_vectorized,python,mpi_domain,vectorized,128,400,central,RBGS,2500.0,250.0,8.0,8,1.0,3.0,92.85969496,93.19880525,93.11131024,1.0,435.2619827,4.67464,0.58433,,,,,
mpi,mpi_case_16,16,case1_N128_Re400_central_steps2500_p250,python_mpi_domain_vectorized,python,mpi_domain,vectorized,128,400,central,RBSOR,2500.0,250.0,8.0,8,1.0,3.0,71.26722646,71.29890251,71.28669858,1.0,333.3266129,4.67586,0.584482,,,,,
mpi,mpi_case_16,16,case1_N128_Re400_central_steps2500_p250,python_mpi_domain_vectorized,python,mpi_domain,vectorized,128,400,central,RBGS,2500.0,250.0,16.0,16,1.0,3.0,70.55231619,70.74151429,70.77704787,1.0,435.2619827,6.14976,0.38436,,,,,
mpi,mpi_case_16,16,case1_N128_Re400_central_steps2500_p250,python_mpi_domain_vectorized,python,mpi_domain,vectorized,128,400,central,RBSOR,2500.0,250.0,16.0,16,1.0,3.0,53.74557161,53.78225215,53.74800515,1.0,333.3266129,6.2016599999999995,0.38760300000000003,,,,,
mpi,mpi_case_17,17,case1_N128_Re1000_upwind_steps4000_p300,python_mpi_domain_looped,python,mpi_domain,looped,128,1000,upwind,RBGS,4000.0,300.0,1.0,1,1.0,3.0,11295.62845,11714.35637,11743.033000000001,1.0,11743.033000000001,1.0,1.0,,,,,
mpi,mpi_case_17,17,case1_N128_Re1000_upwind_steps4000_p300,python_mpi_domain_looped,python,mpi_domain,looped,128,1000,upwind,RBSOR,4000.0,300.0,1.0,1,1.0,3.0,8925.173270000001,8987.258104999999,8927.042151,1.0,8927.042151,1.0,1.0,,,,,
mpi,mpi_case_17,17,case1_N128_Re1000_upwind_steps4000_p300,python_mpi_domain_looped,python,mpi_domain,looped,128,1000,upwind,RBGS,4000.0,300.0,2.0,2,1.0,3.0,5695.358027,5946.823731,5931.530715999999,1.0,11743.033000000001,1.97976,0.9898819999999999,,,,,
mpi,mpi_case_17,17,case1_N128_Re1000_upwind_steps4000_p300,python_mpi_domain_looped,python,mpi_domain,looped,128,1000,upwind,RBSOR,4000.0,300.0,2.0,2,1.0,3.0,4591.591495000001,4688.850427,4669.1990909999995,1.0,8927.042151,1.9119,0.95595,,,,,
mpi,mpi_case_17,17,case1_N128_Re1000_upwind_steps4000_p300,python_mpi_domain_looped,python,mpi_domain,looped,128,1000,upwind,RBGS,4000.0,300.0,4.0,4,1.0,3.0,3009.524962,3044.9556399999997,3054.363908,1.0,11743.033000000001,3.84467,0.961168,,,,,
mpi,mpi_case_17,17,case1_N128_Re1000_upwind_steps4000_p300,python_mpi_domain_looped,python,mpi_domain,looped,128,1000,upwind,RBSOR,4000.0,300.0,4.0,4,1.0,3.0,2335.521393,2365.704753,2335.690013,1.0,8927.042151,3.8220099999999997,0.9555040000000001,,,,,
mpi,mpi_case_17,17,case1_N128_Re1000_upwind_steps4000_p300,python_mpi_domain_looped,python,mpi_domain,looped,128,1000,upwind,RBGS,4000.0,300.0,8.0,8,1.0,3.0,1567.7479,1572.875853,1570.7414390000001,1.0,11743.033000000001,7.47611,0.934514,,,,,
mpi,mpi_case_17,17,case1_N128_Re1000_upwind_steps4000_p300,python_mpi_domain_looped,python,mpi_domain,looped,128,1000,upwind,RBSOR,4000.0,300.0,8.0,8,1.0,3.0,1211.070804,1222.921095,1220.492548,1.0,8927.042151,7.31429,0.9142870000000001,,,,,
mpi,mpi_case_17,17,case1_N128_Re1000_upwind_steps4000_p300,python_mpi_domain_looped,python,mpi_domain,looped,128,1000,upwind,RBGS,4000.0,300.0,16.0,16,1.0,3.0,804.5922188999999,806.7308132999999,807.1267557,1.0,11743.033000000001,14.5492,0.909324,,,,,
mpi,mpi_case_17,17,case1_N128_Re1000_upwind_steps4000_p300,python_mpi_domain_looped,python,mpi_domain,looped,128,1000,upwind,RBSOR,4000.0,300.0,16.0,16,1.0,3.0,639.4632187000001,642.006342,642.4526324,1.0,8927.042151,13.8953,0.868453,,,,,
mpi,mpi_case_17,17,case1_N128_Re1000_upwind_steps4000_p300,python_mpi_domain_vectorized,python,mpi_domain,vectorized,128,1000,upwind,RBGS,4000.0,300.0,1.0,1,1.0,3.0,467.96611210000003,477.1051369,473.846859,1.0,473.846859,1.0,1.0,,,,,
mpi,mpi_case_17,17,case1_N128_Re1000_upwind_steps4000_p300,python_mpi_domain_vectorized,python,mpi_domain,vectorized,128,1000,upwind,RBSOR,4000.0,300.0,1.0,1,1.0,3.0,372.2545693,373.851699,372.5062914,1.0,372.5062914,1.0,1.0,,,,,
mpi,mpi_case_17,17,case1_N128_Re1000_upwind_steps4000_p300,python_mpi_domain_vectorized,python,mpi_domain,vectorized,128,1000,upwind,RBGS,4000.0,300.0,2.0,2,1.0,3.0,266.7799902,266.8261319,266.8357966,1.0,473.846859,1.7758,0.8879,,,,,
mpi,mpi_case_17,17,case1_N128_Re1000_upwind_steps4000_p300,python_mpi_domain_vectorized,python,mpi_domain,vectorized,128,1000,upwind,RBSOR,4000.0,300.0,2.0,2,1.0,3.0,205.1544509,207.372137,208.43110009999998,1.0,372.5062914,1.78719,0.893596,,,,,
mpi,mpi_case_17,17,case1_N128_Re1000_upwind_steps4000_p300,python_mpi_domain_vectorized,python,mpi_domain,vectorized,128,1000,upwind,RBGS,4000.0,300.0,4.0,4,1.0,3.0,158.0033512,158.50909950000002,158.59062409999999,1.0,473.846859,2.98786,0.746965,,,,,
mpi,mpi_case_17,17,case1_N128_Re1000_upwind_steps4000_p300,python_mpi_domain_vectorized,python,mpi_domain,vectorized,128,1000,upwind,RBSOR,4000.0,300.0,4.0,4,1.0,3.0,122.65764399999999,122.94733870000002,122.94209029999999,1.0,372.5062914,3.02993,0.757483,,,,,
mpi,mpi_case_17,17,case1_N128_Re1000_upwind_steps4000_p300,python_mpi_domain_vectorized,python,mpi_domain,vectorized,128,1000,upwind,RBGS,4000.0,300.0,8.0,8,1.0,3.0,102.3742247,102.8279235,102.9792056,1.0,473.846859,4.601380000000001,0.5751729999999999,,,,,
mpi,mpi_case_17,17,case1_N128_Re1000_upwind_steps4000_p300,python_mpi_domain_vectorized,python,mpi_domain,vectorized,128,1000,upwind,RBSOR,4000.0,300.0,8.0,8,1.0,3.0,80.16397071,80.40544136,80.38693762,1.0,372.5062914,4.63392,0.5792390000000001,,,,,
mpi,mpi_case_17,17,case1_N128_Re1000_upwind_steps4000_p300,python_mpi_domain_vectorized,python,mpi_domain,vectorized,128,1000,upwind,RBGS,4000.0,300.0,16.0,16,1.0,3.0,77.73216677,77.85234714,77.79332018,1.0,473.846859,6.0911,0.38069400000000003,,,,,
mpi,mpi_case_17,17,case1_N128_Re1000_upwind_steps4000_p300,python_mpi_domain_vectorized,python,mpi_domain,vectorized,128,1000,upwind,RBSOR,4000.0,300.0,16.0,16,1.0,3.0,60.64750218,60.73405917,60.66458082,1.0,372.5062914,6.14042,0.383777,,,,,
mpi,mpi_case_18,18,case1_N128_Re1000_central_steps4000_p300,python_mpi_domain_looped,python,mpi_domain,looped,128,1000,central,RBGS,4000.0,300.0,1.0,1,1.0,3.0,13328.943309999999,13468.201969999998,13397.105379999999,1.0,13397.105379999999,1.0,1.0,,,,,
mpi,mpi_case_18,18,case1_N128_Re1000_central_steps4000_p300,python_mpi_domain_looped,python,mpi_domain,looped,128,1000,central,RBSOR,4000.0,300.0,1.0,1,1.0,3.0,9832.704862,10165.42016,10086.6534,1.0,10086.6534,1.0,1.0,,,,,
mpi,mpi_case_18,18,case1_N128_Re1000_central_steps4000_p300,python_mpi_domain_looped,python,mpi_domain,looped,128,1000,central,RBGS,4000.0,300.0,2.0,2,1.0,3.0,6839.294462999999,6948.261689,6963.316186,1.0,13397.105379999999,1.92395,0.9619770000000001,,,,,
mpi,mpi_case_18,18,case1_N128_Re1000_central_steps4000_p300,python_mpi_domain_looped,python,mpi_domain,looped,128,1000,central,RBSOR,4000.0,300.0,2.0,2,1.0,3.0,5056.226398,5239.1793880000005,5302.042121,1.0,10086.6534,1.90241,0.951205,,,,,
mpi,mpi_case_18,18,case1_N128_Re1000_central_steps4000_p300,python_mpi_domain_looped,python,mpi_domain,looped,128,1000,central,RBGS,4000.0,300.0,4.0,4,1.0,3.0,3499.161021,3556.055349,3527.5254579999996,1.0,13397.105379999999,3.79788,0.949469,,,,,
mpi,mpi_case_18,18,case1_N128_Re1000_central_steps4000_p300,python_mpi_domain_looped,python,mpi_domain,looped,128,1000,central,RBSOR,4000.0,300.0,4.0,4,1.0,3.0,2644.9261239999996,2692.8506230000003,2676.530293,1.0,10086.6534,3.76856,0.942139,,,,,
mpi,mpi_case_18,18,case1_N128_Re1000_central_steps4000_p300,python_mpi_domain_looped,python,mpi_domain,looped,128,1000,central,RBGS,4000.0,300.0,8.0,8,1.0,3.0,1804.234616,1832.901198,1842.904208,1.0,13397.105379999999,7.26956,0.908695,,,,,
mpi,mpi_case_18,18,case1_N128_Re1000_central_steps4000_p300,python_mpi_domain_looped,python,mpi_domain,looped,128,1000,central,RBSOR,4000.0,300.0,8.0,8,1.0,3.0,1346.8386460000002,1379.3856050000002,1368.1997509999999,1.0,10086.6534,7.372210000000001,0.9215260000000001,,,,,
mpi,mpi_case_18,18,case1_N128_Re1000_central_steps4000_p300,python_mpi_domain_looped,python,mpi_domain,looped,128,1000,central,RBGS,4000.0,300.0,16.0,16,1.0,3.0,935.6229365,950.0946902999999,945.8373015000001,1.0,13397.105379999999,14.1643,0.885268,,,,,
mpi,mpi_case_18,18,case1_N128_Re1000_central_steps4000_p300,python_mpi_domain_looped,python,mpi_domain,looped,128,1000,central,RBSOR,4000.0,300.0,16.0,16,1.0,3.0,723.6031444,724.844667,725.4429195,1.0,10086.6534,13.9041,0.869008,,,,,
mpi,mpi_case_18,18,case1_N128_Re1000_central_steps4000_p300,python_mpi_domain_vectorized,python,mpi_domain,vectorized,128,1000,central,RBGS,4000.0,300.0,1.0,1,1.0,3.0,568.9202261,571.0148182,571.2689817,1.0,571.2689817,1.0,1.0,,,,,
mpi,mpi_case_18,18,case1_N128_Re1000_central_steps4000_p300,python_mpi_domain_vectorized,python,mpi_domain,vectorized,128,1000,central,RBSOR,4000.0,300.0,1.0,1,1.0,3.0,415.0215149,421.3025692,424.3151035,1.0,424.3151035,1.0,1.0,,,,,
mpi,mpi_case_18,18,case1_N128_Re1000_central_steps4000_p300,python_mpi_domain_vectorized,python,mpi_domain,vectorized,128,1000,central,RBGS,4000.0,300.0,2.0,2,1.0,3.0,315.4235933,316.6563374,316.4825222,1.0,571.2689817,1.8050599999999999,0.9025280000000001,,,,,
mpi,mpi_case_18,18,case1_N128_Re1000_central_steps4000_p300,python_mpi_domain_vectorized,python,mpi_domain,vectorized,128,1000,central,RBSOR,4000.0,300.0,2.0,2,1.0,3.0,234.76255940000001,235.5902316,235.88636519999997,1.0,424.3151035,1.7988099999999998,0.8994059999999999,,,,,
mpi,mpi_case_18,18,case1_N128_Re1000_central_steps4000_p300,python_mpi_domain_vectorized,python,mpi_domain,vectorized,128,1000,central,RBGS,4000.0,300.0,4.0,4,1.0,3.0,186.7509465,187.1119369,187.1632261,1.0,571.2689817,3.05225,0.763063,,,,,
mpi,mpi_case_18,18,case1_N128_Re1000_central_steps4000_p300,python_mpi_domain_vectorized,python,mpi_domain,vectorized,128,1000,central,RBSOR,4000.0,300.0,4.0,4,1.0,3.0,139.7859099,140.2653024,140.2556467,1.0,424.3151035,3.0253,0.756324,,,,,
mpi,mpi_case_18,18,case1_N128_Re1000_central_steps4000_p300,python_mpi_domain_vectorized,python,mpi_domain,vectorized,128,1000,central,RBGS,4000.0,300.0,8.0,8,1.0,3.0,121.13682720000001,121.34284280000001,121.3327115,1.0,571.2689817,4.70828,0.588536,,,,,
mpi,mpi_case_18,18,case1_N128_Re1000_central_steps4000_p300,python_mpi_domain_vectorized,python,mpi_domain,vectorized,128,1000,central,RBSOR,4000.0,300.0,8.0,8,1.0,3.0,90.92197418,91.21406102,91.27101445,1.0,424.3151035,4.64896,0.58112,,,,,
mpi,mpi_case_18,18,case1_N128_Re1000_central_steps4000_p300,python_mpi_domain_vectorized,python,mpi_domain,vectorized,128,1000,central,RBGS,4000.0,300.0,16.0,16,1.0,3.0,91.86491275,92.19661768,92.15043855,1.0,571.2689817,6.19931,0.387457,,,,,
mpi,mpi_case_18,18,case1_N128_Re1000_central_steps4000_p300,python_mpi_domain_vectorized,python,mpi_domain,vectorized,128,1000,central,RBSOR,4000.0,300.0,16.0,16,1.0,3.0,68.7426343,68.85124604,68.84729123,1.0,424.3151035,6.163130000000001,0.385196,,,,,
hybrid,hybrid_case_1,1,case1_N32_Re100_upwind_steps1000_p200,python_hybrid_mpi_threaded_looped,python,hybrid_mpi_threaded,looped,32,100,upwind,RBGS,1000.0,200.0,1.0,1,1.0,3.0,219.0837452,222.6285401,220.26417450000002,1.0,220.26417450000002,1.0,1.0,,,,,
hybrid,hybrid_case_1,1,case1_N32_Re100_upwind_steps1000_p200,python_hybrid_mpi_threaded_looped,python,hybrid_mpi_threaded,looped,32,100,upwind,RBSOR,1000.0,200.0,1.0,1,1.0,3.0,106.18342539999999,109.3403129,107.40768100000001,1.0,107.40768100000001,1.0,1.0,,,,,
hybrid,hybrid_case_1,1,case1_N32_Re100_upwind_steps1000_p200,python_hybrid_mpi_threaded_looped,python,hybrid_mpi_threaded,looped,32,100,upwind,RBGS,1000.0,200.0,2.0,1,2.0,3.0,217.3265176,218.9122097,219.2841756,1.0,220.26417450000002,1.00447,0.502235,,,,,
hybrid,hybrid_case_1,1,case1_N32_Re100_upwind_steps1000_p200,python_hybrid_mpi_threaded_looped,python,hybrid_mpi_threaded,looped,32,100,upwind,RBSOR,1000.0,200.0,2.0,1,2.0,3.0,112.48969650000001,113.7039871,113.1466017,1.0,107.40768100000001,0.9492790000000001,0.47463900000000003,,,,,
hybrid,hybrid_case_1,1,case1_N32_Re100_upwind_steps1000_p200,python_hybrid_mpi_threaded_looped,python,hybrid_mpi_threaded,looped,32,100,upwind,RBGS,1000.0,200.0,4.0,2,2.0,3.0,119.2170408,122.3119563,121.492609,1.0,220.26417450000002,1.81298,0.453246,,,,,
hybrid,hybrid_case_1,1,case1_N32_Re100_upwind_steps1000_p200,python_hybrid_mpi_threaded_looped,python,hybrid_mpi_threaded,looped,32,100,upwind,RBSOR,1000.0,200.0,4.0,2,2.0,3.0,59.79182196,60.66026195,60.75052834,1.0,107.40768100000001,1.7680099999999999,0.442003,,,,,
hybrid,hybrid_case_1,1,case1_N32_Re100_upwind_steps1000_p200,python_hybrid_mpi_threaded_looped,python,hybrid_mpi_threaded,looped,32,100,upwind,RBGS,1000.0,200.0,8.0,4,2.0,3.0,69.26898551,69.88231262,70.11884832,1.0,220.26417450000002,3.1413,0.392662,,,,,
hybrid,hybrid_case_1,1,case1_N32_Re100_upwind_steps1000_p200,python_hybrid_mpi_threaded_looped,python,hybrid_mpi_threaded,looped,32,100,upwind,RBSOR,1000.0,200.0,8.0,4,2.0,3.0,34.89822936,35.15828959,35.03061986,1.0,107.40768100000001,3.0661099999999997,0.383264,,,,,
hybrid,hybrid_case_1,1,case1_N32_Re100_upwind_steps1000_p200,python_hybrid_mpi_threaded_looped,python,hybrid_mpi_threaded,looped,32,100,upwind,RBGS,1000.0,200.0,16.0,4,4.0,3.0,68.55933857,69.84394749,68.6589644,1.0,220.26417450000002,3.2080900000000003,0.200506,,,,,
hybrid,hybrid_case_1,1,case1_N32_Re100_upwind_steps1000_p200,python_hybrid_mpi_threaded_looped,python,hybrid_mpi_threaded,looped,32,100,upwind,RBSOR,1000.0,200.0,16.0,4,4.0,3.0,34.27234459,35.27162671,35.57897377,1.0,107.40768100000001,3.01885,0.18867799999999998,,,,,
hybrid,hybrid_case_1,1,case1_N32_Re100_upwind_steps1000_p200,python_hybrid_mpi_threaded_vectorized,python,hybrid_mpi_threaded,vectorized,32,100,upwind,RBGS,1000.0,200.0,1.0,1,1.0,3.0,21.68102193,21.91233563,21.80685496,1.0,21.80685496,1.0,1.0,,,,,
hybrid,hybrid_case_1,1,case1_N32_Re100_upwind_steps1000_p200,python_hybrid_mpi_threaded_vectorized,python,hybrid_mpi_threaded,vectorized,32,100,upwind,RBSOR,1000.0,200.0,1.0,1,1.0,3.0,10.68702054,10.7785786,10.79115629,1.0,10.79115629,1.0,1.0,,,,,
hybrid,hybrid_case_1,1,case1_N32_Re100_upwind_steps1000_p200,python_hybrid_mpi_threaded_vectorized,python,hybrid_mpi_threaded,vectorized,32,100,upwind,RBGS,1000.0,200.0,2.0,1,2.0,3.0,21.94317555,22.1030283,22.12539315,1.0,21.80685496,0.9856030000000001,0.492802,,,,,
hybrid,hybrid_case_1,1,case1_N32_Re100_upwind_steps1000_p200,python_hybrid_mpi_threaded_vectorized,python,hybrid_mpi_threaded,vectorized,32,100,upwind,RBSOR,1000.0,200.0,2.0,1,2.0,3.0,10.71003556,10.79939087,10.83810258,1.0,10.79115629,0.995668,0.497834,,,,,
hybrid,hybrid_case_1,1,case1_N32_Re100_upwind_steps1000_p200,python_hybrid_mpi_threaded_vectorized,python,hybrid_mpi_threaded,vectorized,32,100,upwind,RBGS,1000.0,200.0,4.0,2,2.0,3.0,19.31039095,19.33481065,19.31189179,1.0,21.80685496,1.12919,0.282298,,,,,
hybrid,hybrid_case_1,1,case1_N32_Re100_upwind_steps1000_p200,python_hybrid_mpi_threaded_vectorized,python,hybrid_mpi_threaded,vectorized,32,100,upwind,RBSOR,1000.0,200.0,4.0,2,2.0,3.0,9.45622158,9.486787558,9.471210003,1.0,10.79115629,1.13936,0.284841,,,,,
hybrid,hybrid_case_1,1,case1_N32_Re100_upwind_steps1000_p200,python_hybrid_mpi_threaded_vectorized,python,hybrid_mpi_threaded,vectorized,32,100,upwind,RBGS,1000.0,200.0,8.0,4,2.0,3.0,17.71874094,17.792922100000002,17.76789045,1.0,21.80685496,1.22732,0.153415,,,,,
hybrid,hybrid_case_1,1,case1_N32_Re100_upwind_steps1000_p200,python_hybrid_mpi_threaded_vectorized,python,hybrid_mpi_threaded,vectorized,32,100,upwind,RBSOR,1000.0,200.0,8.0,4,2.0,3.0,8.717334986000001,8.732743343,8.724777699,1.0,10.79115629,1.23684,0.154605,,,,,
hybrid,hybrid_case_1,1,case1_N32_Re100_upwind_steps1000_p200,python_hybrid_mpi_threaded_vectorized,python,hybrid_mpi_threaded,vectorized,32,100,upwind,RBGS,1000.0,200.0,16.0,4,4.0,3.0,17.699599499999998,17.80733411,17.85260439,1.0,21.80685496,1.22149,0.07634339999999999,,,,,
hybrid,hybrid_case_1,1,case1_N32_Re100_upwind_steps1000_p200,python_hybrid_mpi_threaded_vectorized,python,hybrid_mpi_threaded,vectorized,32,100,upwind,RBSOR,1000.0,200.0,16.0,4,4.0,3.0,8.685005426,8.693072399,8.691892624,1.0,10.79115629,1.2415200000000002,0.07759500000000001,,,,,
hybrid,hybrid_case_2,2,case1_N32_Re100_central_steps1000_p200,python_hybrid_mpi_threaded_looped,python,hybrid_mpi_threaded,looped,32,100,central,RBGS,1000.0,200.0,1.0,1,1.0,3.0,214.47690440000002,217.1689193,215.1559992,1.0,215.1559992,1.0,1.0,,,,,
hybrid,hybrid_case_2,2,case1_N32_Re100_central_steps1000_p200,python_hybrid_mpi_threaded_looped,python,hybrid_mpi_threaded,looped,32,100,central,RBSOR,1000.0,200.0,1.0,1,1.0,3.0,106.116828,108.0552601,106.46621540000001,1.0,106.46621540000001,1.0,1.0,,,,,
hybrid,hybrid_case_2,2,case1_N32_Re100_central_steps1000_p200,python_hybrid_mpi_threaded_looped,python,hybrid_mpi_threaded,looped,32,100,central,RBGS,1000.0,200.0,2.0,1,2.0,3.0,220.09900950000002,223.81063909999997,225.4958332,1.0,215.1559992,0.9541459999999999,0.47707299999999997,,,,,
hybrid,hybrid_case_2,2,case1_N32_Re100_central_steps1000_p200,python_hybrid_mpi_threaded_looped,python,hybrid_mpi_threaded,looped,32,100,central,RBSOR,1000.0,200.0,2.0,1,2.0,3.0,109.5711412,114.22599840000002,114.48328899999998,1.0,106.46621540000001,0.9299719999999999,0.46498599999999995,,,,,
hybrid,hybrid_case_2,2,case1_N32_Re100_central_steps1000_p200,python_hybrid_mpi_threaded_looped,python,hybrid_mpi_threaded,looped,32,100,central,RBGS,1000.0,200.0,4.0,2,2.0,3.0,115.4289646,118.3043835,119.1750107,1.0,215.1559992,1.80538,0.451345,,,,,
hybrid,hybrid_case_2,2,case1_N32_Re100_central_steps1000_p200,python_hybrid_mpi_threaded_looped,python,hybrid_mpi_threaded,looped,32,100,central,RBSOR,1000.0,200.0,4.0,2,2.0,3.0,58.2574594,59.4526461,59.63181901,1.0,106.46621540000001,1.7853900000000003,0.44634799999999997,,,,,
hybrid,hybrid_case_2,2,case1_N32_Re100_central_steps1000_p200,python_hybrid_mpi_threaded_looped,python,hybrid_mpi_threaded,looped,32,100,central,RBGS,1000.0,200.0,8.0,4,2.0,3.0,66.61015272,67.33155425,67.07040143,1.0,215.1559992,3.20791,0.400989,,,,,
hybrid,hybrid_case_2,2,case1_N32_Re100_central_steps1000_p200,python_hybrid_mpi_threaded_looped,python,hybrid_mpi_threaded,looped,32,100,central,RBSOR,1000.0,200.0,8.0,4,2.0,3.0,34.0741992,34.42751654,34.530173299999994,1.0,106.46621540000001,3.08328,0.38541,,,,,
hybrid,hybrid_case_2,2,case1_N32_Re100_central_steps1000_p200,python_hybrid_mpi_threaded_looped,python,hybrid_mpi_threaded,looped,32,100,central,RBGS,1000.0,200.0,16.0,4,4.0,3.0,66.45757699,67.70355924,68.13503718,1.0,215.1559992,3.1577900000000003,0.19736199999999998,,,,,
hybrid,hybrid_case_2,2,case1_N32_Re100_central_steps1000_p200,python_hybrid_mpi_threaded_looped,python,hybrid_mpi_threaded,looped,32,100,central,RBSOR,1000.0,200.0,16.0,4,4.0,3.0,33.093556400000004,34.03850977,34.34411502,1.0,106.46621540000001,3.09998,0.193749,,,,,
hybrid,hybrid_case_2,2,case1_N32_Re100_central_steps1000_p200,python_hybrid_mpi_threaded_vectorized,python,hybrid_mpi_threaded,vectorized,32,100,central,RBGS,1000.0,200.0,1.0,1,1.0,3.0,21.20961618,21.28470119,21.21842527,1.0,21.21842527,1.0,1.0,,,,,
hybrid,hybrid_case_2,2,case1_N32_Re100_central_steps1000_p200,python_hybrid_mpi_threaded_vectorized,python,hybrid_mpi_threaded,vectorized,32,100,central,RBSOR,1000.0,200.0,1.0,1,1.0,3.0,10.39655304,10.43305198,10.4505527,1.0,10.4505527,1.0,1.0,,,,,
hybrid,hybrid_case_2,2,case1_N32_Re100_central_steps1000_p200,python_hybrid_mpi_threaded_vectorized,python,hybrid_mpi_threaded,vectorized,32,100,central,RBGS,1000.0,200.0,2.0,1,2.0,3.0,21.37792397,21.4356157,21.39590383,1.0,21.21842527,0.991705,0.495853,,,,,
hybrid,hybrid_case_2,2,case1_N32_Re100_central_steps1000_p200,python_hybrid_mpi_threaded_vectorized,python,hybrid_mpi_threaded,vectorized,32,100,central,RBSOR,1000.0,200.0,2.0,1,2.0,3.0,10.32113099,10.37835224,10.40097332,1.0,10.4505527,1.0047700000000002,0.502383,,,,,
hybrid,hybrid_case_2,2,case1_N32_Re100_central_steps1000_p200,python_hybrid_mpi_threaded_vectorized,python,hybrid_mpi_threaded,vectorized,32,100,central,RBGS,1000.0,200.0,4.0,2,2.0,3.0,18.58420515,18.62196914,18.61789441,1.0,21.21842527,1.13968,0.28492,,,,,
hybrid,hybrid_case_2,2,case1_N32_Re100_central_steps1000_p200,python_hybrid_mpi_threaded_vectorized,python,hybrid_mpi_threaded,vectorized,32,100,central,RBSOR,1000.0,200.0,4.0,2,2.0,3.0,9.131325006,9.153381904,9.155686855,1.0,10.4505527,1.14143,0.285357,,,,,
hybrid,hybrid_case_2,2,case1_N32_Re100_central_steps1000_p200,python_hybrid_mpi_threaded_vectorized,python,hybrid_mpi_threaded,vectorized,32,100,central,RBGS,1000.0,200.0,8.0,4,2.0,3.0,17.15052915,17.21241387,17.24317598,1.0,21.21842527,1.23054,0.153818,,,,,
hybrid,hybrid_case_2,2,case1_N32_Re100_central_steps1000_p200,python_hybrid_mpi_threaded_vectorized,python,hybrid_mpi_threaded,vectorized,32,100,central,RBSOR,1000.0,200.0,8.0,4,2.0,3.0,8.384048223999999,8.390973568,8.389721155,1.0,10.4505527,1.2456399999999999,0.15570499999999998,,,,,
hybrid,hybrid_case_2,2,case1_N32_Re100_central_steps1000_p200,python_hybrid_mpi_threaded_vectorized,python,hybrid_mpi_threaded,vectorized,32,100,central,RBGS,1000.0,200.0,16.0,4,4.0,3.0,17.04537463,17.1545078,17.17478442,1.0,21.21842527,1.2354399999999999,0.07721499999999999,,,,,
hybrid,hybrid_case_2,2,case1_N32_Re100_central_steps1000_p200,python_hybrid_mpi_threaded_vectorized,python,hybrid_mpi_threaded,vectorized,32,100,central,RBSOR,1000.0,200.0,16.0,4,4.0,3.0,8.362437487000001,8.384436369,8.387861013,1.0,10.4505527,1.24591,0.0778696,,,,,
hybrid,hybrid_case_3,3,case1_N32_Re400_upwind_steps1000_p200,python_hybrid_mpi_threaded_looped,python,hybrid_mpi_threaded,looped,32,400,upwind,RBGS,1000.0,200.0,1.0,1,1.0,3.0,178.8133595,180.7841255,180.4995658,1.0,180.4995658,1.0,1.0,,,,,
hybrid,hybrid_case_3,3,case1_N32_Re400_upwind_steps1000_p200,python_hybrid_mpi_threaded_looped,python,hybrid_mpi_threaded,looped,32,400,upwind,RBSOR,1000.0,200.0,1.0,1,1.0,3.0,94.6776917,95.62079652,95.0758338,1.0,95.0758338,1.0,1.0,,,,,
hybrid,hybrid_case_3,3,case1_N32_Re400_upwind_steps1000_p200,python_hybrid_mpi_threaded_looped,python,hybrid_mpi_threaded,looped,32,400,upwind,RBGS,1000.0,200.0,2.0,1,2.0,3.0,178.75506930000003,179.9293938,180.4038541,1.0,180.4995658,1.00053,0.500265,,,,,
hybrid,hybrid_case_3,3,case1_N32_Re400_upwind_steps1000_p200,python_hybrid_mpi_threaded_looped,python,hybrid_mpi_threaded,looped,32,400,upwind,RBSOR,1000.0,200.0,2.0,1,2.0,3.0,91.16438651,92.70130324,93.07920766,1.0,95.0758338,1.02145,0.510725,,,,,
hybrid,hybrid_case_3,3,case1_N32_Re400_upwind_steps1000_p200,python_hybrid_mpi_threaded_looped,python,hybrid_mpi_threaded,looped,32,400,upwind,RBGS,1000.0,200.0,4.0,2,2.0,3.0,95.89986873,97.25848142,97.47099876,1.0,180.4995658,1.8518299999999999,0.46295699999999995,,,,,
hybrid,hybrid_case_3,3,case1_N32_Re400_upwind_steps1000_p200,python_hybrid_mpi_threaded_looped,python,hybrid_mpi_threaded,looped,32,400,upwind,RBSOR,1000.0,200.0,4.0,2,2.0,3.0,51.414639,52.66889834,52.65656209,1.0,95.0758338,1.80558,0.451396,,,,,
hybrid,hybrid_case_3,3,case1_N32_Re400_upwind_steps1000_p200,python_hybrid_mpi_threaded_looped,python,hybrid_mpi_threaded,looped,32,400,upwind,RBGS,1000.0,200.0,8.0,4,2.0,3.0,55.74993801,56.50117485,56.53927541,1.0,180.4995658,3.19246,0.39905799999999997,,,,,
hybrid,hybrid_case_3,3,case1_N32_Re400_upwind_steps1000_p200,python_hybrid_mpi_threaded_looped,python,hybrid_mpi_threaded,looped,32,400,upwind,RBSOR,1000.0,200.0,8.0,4,2.0,3.0,29.5575304,30.13078435,29.84310579,1.0,95.0758338,3.18586,0.39823200000000003,,,,,
hybrid,hybrid_case_3,3,case1_N32_Re400_upwind_steps1000_p200,python_hybrid_mpi_threaded_looped,python,hybrid_mpi_threaded,looped,32,400,upwind,RBGS,1000.0,200.0,16.0,4,4.0,3.0,55.87153697,56.40380239,56.44481468,1.0,180.4995658,3.19781,0.199863,,,,,
hybrid,hybrid_case_3,3,case1_N32_Re400_upwind_steps1000_p200,python_hybrid_mpi_threaded_looped,python,hybrid_mpi_threaded,looped,32,400,upwind,RBSOR,1000.0,200.0,16.0,4,4.0,3.0,29.11807203,29.418792800000002,29.48766875,1.0,95.0758338,3.2242599999999997,0.201516,,,,,
hybrid,hybrid_case_3,3,case1_N32_Re400_upwind_steps1000_p200,python_hybrid_mpi_threaded_vectorized,python,hybrid_mpi_threaded,vectorized,32,400,upwind,RBGS,1000.0,200.0,1.0,1,1.0,3.0,17.26897073,17.32468541,17.28915572,1.0,17.28915572,1.0,1.0,,,,,
hybrid,hybrid_case_3,3,case1_N32_Re400_upwind_steps1000_p200,python_hybrid_mpi_threaded_vectorized,python,hybrid_mpi_threaded,vectorized,32,400,upwind,RBSOR,1000.0,200.0,1.0,1,1.0,3.0,8.863873482,8.936098337,8.971581936,1.0,8.971581936,1.0,1.0,,,,,
hybrid,hybrid_case_3,3,case1_N32_Re400_upwind_steps1000_p200,python_hybrid_mpi_threaded_vectorized,python,hybrid_mpi_threaded,vectorized,32,400,upwind,RBGS,1000.0,200.0,2.0,1,2.0,3.0,17.34426713,17.47663077,17.42652249,1.0,17.28915572,0.992117,0.496059,,,,,
hybrid,hybrid_case_3,3,case1_N32_Re400_upwind_steps1000_p200,python_hybrid_mpi_threaded_vectorized,python,hybrid_mpi_threaded,vectorized,32,400,upwind,RBSOR,1000.0,200.0,2.0,1,2.0,3.0,8.811282396000001,8.891085862999999,8.920145512000001,1.0,8.971581936,1.00577,0.502883,,,,,
hybrid,hybrid_case_3,3,case1_N32_Re400_upwind_steps1000_p200,python_hybrid_mpi_threaded_vectorized,python,hybrid_mpi_threaded,vectorized,32,400,upwind,RBGS,1000.0,200.0,4.0,2,2.0,3.0,15.16801476,15.19284042,15.182869199999999,1.0,17.28915572,1.13873,0.284682,,,,,
hybrid,hybrid_case_3,3,case1_N32_Re400_upwind_steps1000_p200,python_hybrid_mpi_threaded_vectorized,python,hybrid_mpi_threaded,vectorized,32,400,upwind,RBSOR,1000.0,200.0,4.0,2,2.0,3.0,7.830255032,7.840884686,7.835332871,1.0,8.971581936,1.1450200000000001,0.286254,,,,,
hybrid,hybrid_case_3,3,case1_N32_Re400_upwind_steps1000_p200,python_hybrid_mpi_threaded_vectorized,python,hybrid_mpi_threaded,vectorized,32,400,upwind,RBGS,1000.0,200.0,8.0,4,2.0,3.0,13.88502097,13.95007539,13.973239900000001,1.0,17.28915572,1.2373,0.15466300000000002,,,,,
hybrid,hybrid_case_3,3,case1_N32_Re400_upwind_steps1000_p200,python_hybrid_mpi_threaded_vectorized,python,hybrid_mpi_threaded,vectorized,32,400,upwind,RBSOR,1000.0,200.0,8.0,4,2.0,3.0,7.206199646,7.239553213,7.232889175,1.0,8.971581936,1.2403899999999999,0.155048,,,,,
hybrid,hybrid_case_3,3,case1_N32_Re400_upwind_steps1000_p200,python_hybrid_mpi_threaded_vectorized,python,hybrid_mpi_threaded,vectorized,32,400,upwind,RBGS,1000.0,200.0,16.0,4,4.0,3.0,13.94506145,13.96347213,13.962291,1.0,17.28915572,1.23827,0.07739220000000001,,,,,
hybrid,hybrid_case_3,3,case1_N32_Re400_upwind_steps1000_p200,python_hybrid_mpi_threaded_vectorized,python,hybrid_mpi_threaded,vectorized,32,400,upwind,RBSOR,1000.0,200.0,16.0,4,4.0,3.0,7.195836306,7.208934625,7.19991374,1.0,8.971581936,1.24607,0.0778792,,,,,
hybrid,hybrid_case_4,4,case1_N32_Re400_central_steps1000_p200,python_hybrid_mpi_threaded_looped,python,hybrid_mpi_threaded,looped,32,400,central,RBGS,1000.0,200.0,1.0,1,1.0,3.0,165.7031684,167.04234230000003,166.654922,1.0,166.654922,1.0,1.0,,,,,
hybrid,hybrid_case_4,4,case1_N32_Re400_central_steps1000_p200,python_hybrid_mpi_threaded_looped,python,hybrid_mpi_threaded,looped,32,400,central,RBSOR,1000.0,200.0,1.0,1,1.0,3.0,87.03305435,88.5597105,88.42572165,1.0,88.42572165,1.0,1.0,,,,,
hybrid,hybrid_case_4,4,case1_N32_Re400_central_steps1000_p200,python_hybrid_mpi_threaded_looped,python,hybrid_mpi_threaded,looped,32,400,central,RBGS,1000.0,200.0,2.0,1,2.0,3.0,160.285718,167.1385618,168.7697654,1.0,166.654922,0.987469,0.49373500000000003,,,,,
hybrid,hybrid_case_4,4,case1_N32_Re400_central_steps1000_p200,python_hybrid_mpi_threaded_looped,python,hybrid_mpi_threaded,looped,32,400,central,RBSOR,1000.0,200.0,2.0,1,2.0,3.0,86.40997982,89.06971097,88.64749789,1.0,88.42572165,0.997498,0.498749,,,,,
hybrid,hybrid_case_4,4,case1_N32_Re400_central_steps1000_p200,python_hybrid_mpi_threaded_looped,python,hybrid_mpi_threaded,looped,32,400,central,RBGS,1000.0,200.0,4.0,2,2.0,3.0,87.25692129,89.06873829999999,88.2642858,1.0,166.654922,1.8881400000000002,0.472034,,,,,
hybrid,hybrid_case_4,4,case1_N32_Re400_central_steps1000_p200,python_hybrid_mpi_threaded_looped,python,hybrid_mpi_threaded,looped,32,400,central,RBSOR,1000.0,200.0,4.0,2,2.0,3.0,46.38005137,46.88816158,46.8160708,1.0,88.42572165,1.8887900000000002,0.47219700000000003,,,,,
hybrid,hybrid_case_4,4,case1_N32_Re400_central_steps1000_p200,python_hybrid_mpi_threaded_looped,python,hybrid_mpi_threaded,looped,32,400,central,RBGS,1000.0,200.0,8.0,4,2.0,3.0,49.79411459,51.00686399,51.58326745,1.0,166.654922,3.2307900000000003,0.40384899999999996,,,,,
hybrid,hybrid_case_4,4,case1_N32_Re400_central_steps1000_p200,python_hybrid_mpi_threaded_looped,python,hybrid_mpi_threaded,looped,32,400,central,RBSOR,1000.0,200.0,8.0,4,2.0,3.0,26.52169156,27.44788965,27.89127636,1.0,88.42572165,3.17037,0.39629699999999995,,,,,
hybrid,hybrid_case_4,4,case1_N32_Re400_central_steps1000_p200,python_hybrid_mpi_threaded_looped,python,hybrid_mpi_threaded,looped,32,400,central,RBGS,1000.0,200.0,16.0,4,4.0,3.0,49.42349982,50.43758424,50.83099985,1.0,166.654922,3.27861,0.204913,,,,,
hybrid,hybrid_case_4,4,case1_N32_Re400_central_steps1000_p200,python_hybrid_mpi_threaded_looped,python,hybrid_mpi_threaded,looped,32,400,central,RBSOR,1000.0,200.0,16.0,4,4.0,3.0,26.41017532,26.98441275,27.26950121,1.0,88.42572165,3.24266,0.202666,,,,,
hybrid,hybrid_case_4,4,case1_N32_Re400_central_steps1000_p200,python_hybrid_mpi_threaded_vectorized,python,hybrid_mpi_threaded,vectorized,32,400,central,RBGS,1000.0,200.0,1.0,1,1.0,3.0,15.66086793,15.82428114,15.82700181,1.0,15.82700181,1.0,1.0,,,,,
hybrid,hybrid_case_4,4,case1_N32_Re400_central_steps1000_p200,python_hybrid_mpi_threaded_vectorized,python,hybrid_mpi_threaded,vectorized,32,400,central,RBSOR,1000.0,200.0,1.0,1,1.0,3.0,7.985758781,8.048671881,7.9962687489999995,1.0,7.9962687489999995,1.0,1.0,,,,,
hybrid,hybrid_case_4,4,case1_N32_Re400_central_steps1000_p200,python_hybrid_mpi_threaded_vectorized,python,hybrid_mpi_threaded,vectorized,32,400,central,RBGS,1000.0,200.0,2.0,1,2.0,3.0,15.70887351,15.76111762,15.78212452,1.0,15.82700181,1.00284,0.501422,,,,,
hybrid,hybrid_case_4,4,case1_N32_Re400_central_steps1000_p200,python_hybrid_mpi_threaded_vectorized,python,hybrid_mpi_threaded,vectorized,32,400,central,RBSOR,1000.0,200.0,2.0,1,2.0,3.0,8.059049606,8.088626067,8.085789442000001,1.0,7.9962687489999995,0.9889290000000001,0.494464,,,,,
hybrid,hybrid_case_4,4,case1_N32_Re400_central_steps1000_p200,python_hybrid_mpi_threaded_vectorized,python,hybrid_mpi_threaded,vectorized,32,400,central,RBGS,1000.0,200.0,4.0,2,2.0,3.0,13.72889829,13.77678402,13.79957628,1.0,15.82700181,1.1469200000000002,0.28673000000000004,,,,,
hybrid,hybrid_case_4,4,case1_N32_Re400_central_steps1000_p200,python_hybrid_mpi_threaded_vectorized,python,hybrid_mpi_threaded,vectorized,32,400,central,RBSOR,1000.0,200.0,4.0,2,2.0,3.0,7.0927820210000005,7.130800009,7.135397434,1.0,7.9962687489999995,1.12065,0.28016199999999997,,,,,
hybrid,hybrid_case_4,4,case1_N32_Re400_central_steps1000_p200,python_hybrid_mpi_threaded_vectorized,python,hybrid_mpi_threaded,vectorized,32,400,central,RBGS,1000.0,200.0,8.0,4,2.0,3.0,12.68187523,12.76953109,12.80396199,1.0,15.82700181,1.2361,0.154513,,,,,
hybrid,hybrid_case_4,4,case1_N32_Re400_central_steps1000_p200,python_hybrid_mpi_threaded_vectorized,python,hybrid_mpi_threaded,vectorized,32,400,central,RBSOR,1000.0,200.0,8.0,4,2.0,3.0,6.523375272999999,6.552696546,6.543795586,1.0,7.9962687489999995,1.22196,0.152745,,,,,
hybrid,hybrid_case_4,4,case1_N32_Re400_central_steps1000_p200,python_hybrid_mpi_threaded_vectorized,python,hybrid_mpi_threaded,vectorized,32,400,central,RBGS,1000.0,200.0,16.0,4,4.0,3.0,12.67308998,12.704656199999999,12.71345472,1.0,15.82700181,1.2449,0.0778064,,,,,
hybrid,hybrid_case_4,4,case1_N32_Re400_central_steps1000_p200,python_hybrid_mpi_threaded_vectorized,python,hybrid_mpi_threaded,vectorized,32,400,central,RBSOR,1000.0,200.0,16.0,4,4.0,3.0,6.563220501,6.5777565639999995,6.577846527,1.0,7.9962687489999995,1.21564,0.0759773,,,,,
hybrid,hybrid_case_5,5,case1_N32_Re1000_upwind_steps2000_p250,python_hybrid_mpi_threaded_looped,python,hybrid_mpi_threaded,looped,32,1000,upwind,RBGS,2000.0,250.0,1.0,1,1.0,3.0,200.8598335,207.3173686,209.2792151,1.0,209.2792151,1.0,1.0,,,,,
hybrid,hybrid_case_5,5,case1_N32_Re1000_upwind_steps2000_p250,python_hybrid_mpi_threaded_looped,python,hybrid_mpi_threaded,looped,32,1000,upwind,RBSOR,2000.0,250.0,1.0,1,1.0,3.0,123.50543359999999,128.06959840000002,128.1285429,1.0,128.1285429,1.0,1.0,,,,,
hybrid,hybrid_case_5,5,case1_N32_Re1000_upwind_steps2000_p250,python_hybrid_mpi_threaded_looped,python,hybrid_mpi_threaded,looped,32,1000,upwind,RBGS,2000.0,250.0,2.0,1,2.0,3.0,206.5321093,208.93192280000002,207.6855485,1.0,209.2792151,1.00767,0.503837,,,,,
hybrid,hybrid_case_5,5,case1_N32_Re1000_upwind_steps2000_p250,python_hybrid_mpi_threaded_looped,python,hybrid_mpi_threaded,looped,32,1000,upwind,RBSOR,2000.0,250.0,2.0,1,2.0,3.0,129.28258229999997,131.7243322,132.64687990000002,1.0,128.1285429,0.965937,0.482969,,,,,
hybrid,hybrid_case_5,5,case1_N32_Re1000_upwind_steps2000_p250,python_hybrid_mpi_threaded_looped,python,hybrid_mpi_threaded,looped,32,1000,upwind,RBGS,2000.0,250.0,4.0,2,2.0,3.0,114.013778,115.56629309999998,115.100256,1.0,209.2792151,1.81823,0.454559,,,,,
hybrid,hybrid_case_5,5,case1_N32_Re1000_upwind_steps2000_p250,python_hybrid_mpi_threaded_looped,python,hybrid_mpi_threaded,looped,32,1000,upwind,RBSOR,2000.0,250.0,4.0,2,2.0,3.0,68.65182734,69.11772521,69.15798044,1.0,128.1285429,1.8526900000000002,0.46317299999999995,,,,,
hybrid,hybrid_case_5,5,case1_N32_Re1000_upwind_steps2000_p250,python_hybrid_mpi_threaded_looped,python,hybrid_mpi_threaded,looped,32,1000,upwind,RBGS,2000.0,250.0,8.0,4,2.0,3.0,63.25909328,64.8477966,65.46058059,1.0,209.2792151,3.19703,0.39962800000000004,,,,,
hybrid,hybrid_case_5,5,case1_N32_Re1000_upwind_steps2000_p250,python_hybrid_mpi_threaded_looped,python,hybrid_mpi_threaded,looped,32,1000,upwind,RBSOR,2000.0,250.0,8.0,4,2.0,3.0,39.91754889,40.434943200000006,40.52487707,1.0,128.1285429,3.16173,0.395216,,,,,
hybrid,hybrid_case_5,5,case1_N32_Re1000_upwind_steps2000_p250,python_hybrid_mpi_threaded_looped,python,hybrid_mpi_threaded,looped,32,1000,upwind,RBGS,2000.0,250.0,16.0,4,4.0,3.0,64.70384073,66.22850108,66.29884315,1.0,209.2792151,3.1566,0.19728800000000002,,,,,
hybrid,hybrid_case_5,5,case1_N32_Re1000_upwind_steps2000_p250,python_hybrid_mpi_threaded_looped,python,hybrid_mpi_threaded,looped,32,1000,upwind,RBSOR,2000.0,250.0,16.0,4,4.0,3.0,39.69110394,40.42989612,40.58197927,1.0,128.1285429,3.15728,0.19733,,,,,
hybrid,hybrid_case_5,5,case1_N32_Re1000_upwind_steps2000_p250,python_hybrid_mpi_threaded_vectorized,python,hybrid_mpi_threaded,vectorized,32,1000,upwind,RBGS,2000.0,250.0,1.0,1,1.0,3.0,19.69709492,19.76591953,19.78845572,1.0,19.78845572,1.0,1.0,,,,,
hybrid,hybrid_case_5,5,case1_N32_Re1000_upwind_steps2000_p250,python_hybrid_mpi_threaded_vectorized,python,hybrid_mpi_threaded,vectorized,32,1000,upwind,RBSOR,2000.0,250.0,1.0,1,1.0,3.0,11.71120071,11.75420729,11.76654816,1.0,11.76654816,1.0,1.0,,,,,
hybrid,hybrid_case_5,5,case1_N32_Re1000_upwind_steps2000_p250,python_hybrid_mpi_threaded_vectorized,python,hybrid_mpi_threaded,vectorized,32,1000,upwind,RBGS,2000.0,250.0,2.0,1,2.0,3.0,19.5224185,19.6237154,19.66553831,1.0,19.78845572,1.00625,0.503125,,,,,
hybrid,hybrid_case_5,5,case1_N32_Re1000_upwind_steps2000_p250,python_hybrid_mpi_threaded_vectorized,python,hybrid_mpi_threaded,vectorized,32,1000,upwind,RBSOR,2000.0,250.0,2.0,1,2.0,3.0,11.77974319,11.78057226,11.78086972,1.0,11.76654816,0.998784,0.499392,,,,,
hybrid,hybrid_case_5,5,case1_N32_Re1000_upwind_steps2000_p250,python_hybrid_mpi_threaded_vectorized,python,hybrid_mpi_threaded,vectorized,32,1000,upwind,RBGS,2000.0,250.0,4.0,2,2.0,3.0,17.26173353,17.29962516,17.30914187,1.0,19.78845572,1.14324,0.28580900000000004,,,,,
hybrid,hybrid_case_5,5,case1_N32_Re1000_upwind_steps2000_p250,python_hybrid_mpi_threaded_vectorized,python,hybrid_mpi_threaded,vectorized,32,1000,upwind,RBSOR,2000.0,250.0,4.0,2,2.0,3.0,10.35833883,10.36865489,10.36747098,1.0,11.76654816,1.13495,0.28373699999999996,,,,,
hybrid,hybrid_case_5,5,case1_N32_Re1000_upwind_steps2000_p250,python_hybrid_mpi_threaded_vectorized,python,hybrid_mpi_threaded,vectorized,32,1000,upwind,RBGS,2000.0,250.0,8.0,4,2.0,3.0,15.936023,15.97056691,15.94966149,1.0,19.78845572,1.24068,0.155085,,,,,
hybrid,hybrid_case_5,5,case1_N32_Re1000_upwind_steps2000_p250,python_hybrid_mpi_threaded_vectorized,python,hybrid_mpi_threaded,vectorized,32,1000,upwind,RBSOR,2000.0,250.0,8.0,4,2.0,3.0,9.472563505,9.505031586,9.493973494,1.0,11.76654816,1.23937,0.154921,,,,,
hybrid,hybrid_case_5,5,case1_N32_Re1000_upwind_steps2000_p250,python_hybrid_mpi_threaded_vectorized,python,hybrid_mpi_threaded,vectorized,32,1000,upwind,RBGS,2000.0,250.0,16.0,4,4.0,3.0,15.81494832,15.914025699999998,15.92790604,1.0,19.78845572,1.2423799999999998,0.0776485,,,,,
hybrid,hybrid_case_5,5,case1_N32_Re1000_upwind_steps2000_p250,python_hybrid_mpi_threaded_vectorized,python,hybrid_mpi_threaded,vectorized,32,1000,upwind,RBSOR,2000.0,250.0,16.0,4,4.0,3.0,9.550735712,9.56709981,9.568412542,1.0,11.76654816,1.22973,0.07685800000000001,,,,,
hybrid,hybrid_case_6,6,case1_N32_Re1000_central_steps2000_p250,python_hybrid_mpi_threaded_looped,python,hybrid_mpi_threaded,looped,32,1000,central,RBGS,2000.0,250.0,1.0,1,1.0,3.0,163.3249941,167.6594028,167.17359140000002,1.0,167.17359140000002,1.0,1.0,,,,,
hybrid,hybrid_case_6,6,case1_N32_Re1000_central_steps2000_p250,python_hybrid_mpi_threaded_looped,python,hybrid_mpi_threaded,looped,32,1000,central,RBSOR,2000.0,250.0,1.0,1,1.0,3.0,107.979295,109.883551,109.9904909,1.0,109.9904909,1.0,1.0,,,,,
hybrid,hybrid_case_6,6,case1_N32_Re1000_central_steps2000_p250,python_hybrid_mpi_threaded_looped,python,hybrid_mpi_threaded,looped,32,1000,central,RBGS,2000.0,250.0,2.0,1,2.0,3.0,164.5403345,166.5259868,165.32763269999998,1.0,167.17359140000002,1.0111700000000001,0.505583,,,,,
hybrid,hybrid_case_6,6,case1_N32_Re1000_central_steps2000_p250,python_hybrid_mpi_threaded_looped,python,hybrid_mpi_threaded,looped,32,1000,central,RBSOR,2000.0,250.0,2.0,1,2.0,3.0,104.39013620000001,109.03180640000001,107.09151909999999,1.0,109.9904909,1.0270700000000001,0.5135350000000001,,,,,
hybrid,hybrid_case_6,6,case1_N32_Re1000_central_steps2000_p250,python_hybrid_mpi_threaded_looped,python,hybrid_mpi_threaded,looped,32,1000,central,RBGS,2000.0,250.0,4.0,2,2.0,3.0,88.86214709,91.13231436,91.94352984,1.0,167.17359140000002,1.8182200000000002,0.45455500000000004,,,,,
hybrid,hybrid_case_6,6,case1_N32_Re1000_central_steps2000_p250,python_hybrid_mpi_threaded_looped,python,hybrid_mpi_threaded,looped,32,1000,central,RBSOR,2000.0,250.0,4.0,2,2.0,3.0,59.20597124,59.77222737,60.00521612,1.0,109.9904909,1.83302,0.458254,,,,,
hybrid,hybrid_case_6,6,case1_N32_Re1000_central_steps2000_p250,python_hybrid_mpi_threaded_looped,python,hybrid_mpi_threaded,looped,32,1000,central,RBGS,2000.0,250.0,8.0,4,2.0,3.0,51.61089969,52.06738448,52.08085442,1.0,167.17359140000002,3.20989,0.40123600000000004,,,,,
hybrid,hybrid_case_6,6,case1_N32_Re1000_central_steps2000_p250,python_hybrid_mpi_threaded_looped,python,hybrid_mpi_threaded,looped,32,1000,central,RBSOR,2000.0,250.0,8.0,4,2.0,3.0,33.37733054,33.66584706,33.75323963,1.0,109.9904909,3.25866,0.407333,,,,,
hybrid,hybrid_case_6,6,case1_N32_Re1000_central_steps2000_p250,python_hybrid_mpi_threaded_looped,python,hybrid_mpi_threaded,looped,32,1000,central,RBGS,2000.0,250.0,16.0,4,4.0,3.0,52.3202076,52.62045868,52.6696353,1.0,167.17359140000002,3.174,0.198375,,,,,
hybrid,hybrid_case_6,6,case1_N32_Re1000_central_steps2000_p250,python_hybrid_mpi_threaded_looped,python,hybrid_mpi_threaded,looped,32,1000,central,RBSOR,2000.0,250.0,16.0,4,4.0,3.0,33.64189219,34.29348556,34.04201269,1.0,109.9904909,3.23102,0.201939,,,,,
hybrid,hybrid_case_6,6,case1_N32_Re1000_central_steps2000_p250,python_hybrid_mpi_threaded_vectorized,python,hybrid_mpi_threaded,vectorized,32,1000,central,RBGS,2000.0,250.0,1.0,1,1.0,3.0,15.25985408,15.42761771,15.50659204,1.0,15.50659204,1.0,1.0,,,,,
hybrid,hybrid_case_6,6,case1_N32_Re1000_central_steps2000_p250,python_hybrid_mpi_threaded_vectorized,python,hybrid_mpi_threaded,vectorized,32,1000,central,RBSOR,2000.0,250.0,1.0,1,1.0,3.0,9.661359072,9.705416838,9.687566757,1.0,9.687566757,1.0,1.0,,,,,
hybrid,hybrid_case_6,6,case1_N32_Re1000_central_steps2000_p250,python_hybrid_mpi_threaded_vectorized,python,hybrid_mpi_threaded,vectorized,32,1000,central,RBGS,2000.0,250.0,2.0,1,2.0,3.0,15.366249800000002,15.52033385,15.58677816,1.0,15.50659204,0.994856,0.497428,,,,,
hybrid,hybrid_case_6,6,case1_N32_Re1000_central_steps2000_p250,python_hybrid_mpi_threaded_vectorized,python,hybrid_mpi_threaded,vectorized,32,1000,central,RBSOR,2000.0,250.0,2.0,1,2.0,3.0,9.568295956,9.672695637,9.692553997000001,1.0,9.687566757,0.9994850000000001,0.49974300000000005,,,,,
hybrid,hybrid_case_6,6,case1_N32_Re1000_central_steps2000_p250,python_hybrid_mpi_threaded_vectorized,python,hybrid_mpi_threaded,vectorized,32,1000,central,RBGS,2000.0,250.0,4.0,2,2.0,3.0,13.47409153,13.52422237,13.50948429,1.0,15.50659204,1.14783,0.286958,,,,,
hybrid,hybrid_case_6,6,case1_N32_Re1000_central_steps2000_p250,python_hybrid_mpi_threaded_vectorized,python,hybrid_mpi_threaded,vectorized,32,1000,central,RBSOR,2000.0,250.0,4.0,2,2.0,3.0,8.517436981,8.535188912999999,8.519541263999999,1.0,9.687566757,1.1371,0.284275,,,,,
hybrid,hybrid_case_6,6,case1_N32_Re1000_central_steps2000_p250,python_hybrid_mpi_threaded_vectorized,python,hybrid_mpi_threaded,vectorized,32,1000,central,RBGS,2000.0,250.0,8.0,4,2.0,3.0,12.42034984,12.46995767,12.4882617,1.0,15.50659204,1.24169,0.155212,,,,,
hybrid,hybrid_case_6,6,case1_N32_Re1000_central_steps2000_p250,python_hybrid_mpi_threaded_vectorized,python,hybrid_mpi_threaded,vectorized,32,1000,central,RBSOR,2000.0,250.0,8.0,4,2.0,3.0,7.794151068,7.817642609,7.8039889339999995,1.0,9.687566757,1.24136,0.15517,,,,,
hybrid,hybrid_case_6,6,case1_N32_Re1000_central_steps2000_p250,python_hybrid_mpi_threaded_vectorized,python,hybrid_mpi_threaded,vectorized,32,1000,central,RBGS,2000.0,250.0,16.0,4,4.0,3.0,12.37991548,12.43340707,12.39679885,1.0,15.50659204,1.25085,0.0781784,,,,,
hybrid,hybrid_case_6,6,case1_N32_Re1000_central_steps2000_p250,python_hybrid_mpi_threaded_vectorized,python,hybrid_mpi_threaded,vectorized,32,1000,central,RBSOR,2000.0,250.0,16.0,4,4.0,3.0,7.806898832000001,7.8299373789999995,7.841131449,1.0,9.687566757,1.23548,0.0772175,,,,,
hybrid,hybrid_case_7,7,case1_N64_Re100_upwind_steps1000_p200,python_hybrid_mpi_threaded_looped,python,hybrid_mpi_threaded,looped,64,100,upwind,RBGS,1000.0,200.0,1.0,1,1.0,3.0,1256.9735779999999,1281.528719,1265.121393,1.0,1265.121393,1.0,1.0,,,,,
hybrid,hybrid_case_7,7,case1_N64_Re100_upwind_steps1000_p200,python_hybrid_mpi_threaded_looped,python,hybrid_mpi_threaded,looped,64,100,upwind,RBSOR,1000.0,200.0,1.0,1,1.0,3.0,806.2761459,818.5010192000001,812.8342707,1.0,812.8342707,1.0,1.0,,,,,
hybrid,hybrid_case_7,7,case1_N64_Re100_upwind_steps1000_p200,python_hybrid_mpi_threaded_looped,python,hybrid_mpi_threaded,looped,64,100,upwind,RBGS,1000.0,200.0,2.0,1,2.0,3.0,1331.345495,1348.119433,1339.246499,1.0,1265.121393,0.944652,0.472326,,,,,
hybrid,hybrid_case_7,7,case1_N64_Re100_upwind_steps1000_p200,python_hybrid_mpi_threaded_looped,python,hybrid_mpi_threaded,looped,64,100,upwind,RBSOR,1000.0,200.0,2.0,1,2.0,3.0,819.1970918,862.1217742999999,871.4312041000001,1.0,812.8342707,0.932758,0.466379,,,,,
hybrid,hybrid_case_7,7,case1_N64_Re100_upwind_steps1000_p200,python_hybrid_mpi_threaded_looped,python,hybrid_mpi_threaded,looped,64,100,upwind,RBGS,1000.0,200.0,4.0,2,2.0,3.0,699.3660597999999,710.367382,711.8633120000001,1.0,1265.121393,1.7772,0.444299,,,,,
hybrid,hybrid_case_7,7,case1_N64_Re100_upwind_steps1000_p200,python_hybrid_mpi_threaded_looped,python,hybrid_mpi_threaded,looped,64,100,upwind,RBSOR,1000.0,200.0,4.0,2,2.0,3.0,433.81288,436.9121154,437.3616641,1.0,812.8342707,1.8584900000000002,0.464624,,,,,
hybrid,hybrid_case_7,7,case1_N64_Re100_upwind_steps1000_p200,python_hybrid_mpi_threaded_looped,python,hybrid_mpi_threaded,looped,64,100,upwind,RBGS,1000.0,200.0,8.0,4,2.0,3.0,355.0866413,366.1030243,364.58388019999995,1.0,1265.121393,3.47004,0.433755,,,,,
hybrid,hybrid_case_7,7,case1_N64_Re100_upwind_steps1000_p200,python_hybrid_mpi_threaded_looped,python,hybrid_mpi_threaded,looped,64,100,upwind,RBSOR,1000.0,200.0,8.0,4,2.0,3.0,228.79848769999998,231.0558622,229.18216850000002,1.0,812.8342707,3.5466699999999998,0.443334,,,,,
hybrid,hybrid_case_7,7,case1_N64_Re100_upwind_steps1000_p200,python_hybrid_mpi_threaded_looped,python,hybrid_mpi_threaded,looped,64,100,upwind,RBGS,1000.0,200.0,16.0,4,4.0,3.0,357.8712137,369.61897819999996,371.1525042,1.0,1265.121393,3.4086300000000005,0.21303899999999998,,,,,
hybrid,hybrid_case_7,7,case1_N64_Re100_upwind_steps1000_p200,python_hybrid_mpi_threaded_looped,python,hybrid_mpi_threaded,looped,64,100,upwind,RBSOR,1000.0,200.0,16.0,4,4.0,3.0,227.06234049999998,234.3022253,235.94331569999997,1.0,812.8342707,3.44504,0.215315,,,,,
hybrid,hybrid_case_7,7,case1_N64_Re100_upwind_steps1000_p200,python_hybrid_mpi_threaded_vectorized,python,hybrid_mpi_threaded,vectorized,64,100,upwind,RBGS,1000.0,200.0,1.0,1,1.0,3.0,69.95228219,70.48786831,70.59033322,1.0,70.59033322,1.0,1.0,,,,,
hybrid,hybrid_case_7,7,case1_N64_Re100_upwind_steps1000_p200,python_hybrid_mpi_threaded_vectorized,python,hybrid_mpi_threaded,vectorized,64,100,upwind,RBSOR,1000.0,200.0,1.0,1,1.0,3.0,43.68096519,43.83916219,43.73154998,1.0,43.73154998,1.0,1.0,,,,,
hybrid,hybrid_case_7,7,case1_N64_Re100_upwind_steps1000_p200,python_hybrid_mpi_threaded_vectorized,python,hybrid_mpi_threaded,vectorized,64,100,upwind,RBGS,1000.0,200.0,2.0,1,2.0,3.0,70.52069807,70.60651056,70.61301517,1.0,70.59033322,0.9996790000000001,0.49983900000000003,,,,,
hybrid,hybrid_case_7,7,case1_N64_Re100_upwind_steps1000_p200,python_hybrid_mpi_threaded_vectorized,python,hybrid_mpi_threaded,vectorized,64,100,upwind,RBSOR,1000.0,200.0,2.0,1,2.0,3.0,43.428087,43.76387922,43.86876392,1.0,43.73154998,0.996872,0.498436,,,,,
hybrid,hybrid_case_7,7,case1_N64_Re100_upwind_steps1000_p200,python_hybrid_mpi_threaded_vectorized,python,hybrid_mpi_threaded,vectorized,64,100,upwind,RBGS,1000.0,200.0,4.0,2,2.0,3.0,46.98616624,47.42137742,47.59349251,1.0,70.59033322,1.48319,0.370798,,,,,
hybrid,hybrid_case_7,7,case1_N64_Re100_upwind_steps1000_p200,python_hybrid_mpi_threaded_vectorized,python,hybrid_mpi_threaded,vectorized,64,100,upwind,RBSOR,1000.0,200.0,4.0,2,2.0,3.0,29.33361268,29.52910717,29.36553001,1.0,43.73154998,1.4892100000000001,0.372303,,,,,
hybrid,hybrid_case_7,7,case1_N64_Re100_upwind_steps1000_p200,python_hybrid_mpi_threaded_vectorized,python,hybrid_mpi_threaded,vectorized,64,100,upwind,RBGS,1000.0,200.0,8.0,4,2.0,3.0,35.92431092,36.20147912,36.30902934,1.0,70.59033322,1.94415,0.243019,,,,,
hybrid,hybrid_case_7,7,case1_N64_Re100_upwind_steps1000_p200,python_hybrid_mpi_threaded_vectorized,python,hybrid_mpi_threaded,vectorized,64,100,upwind,RBSOR,1000.0,200.0,8.0,4,2.0,3.0,22.37917662,22.46479456,22.47811008,1.0,43.73154998,1.9455200000000001,0.24319000000000002,,,,,
hybrid,hybrid_case_7,7,case1_N64_Re100_upwind_steps1000_p200,python_hybrid_mpi_threaded_vectorized,python,hybrid_mpi_threaded,vectorized,64,100,upwind,RBGS,1000.0,200.0,16.0,4,4.0,3.0,35.94663644,36.19081791,36.28953719,1.0,70.59033322,1.9452,0.121575,,,,,
hybrid,hybrid_case_7,7,case1_N64_Re100_upwind_steps1000_p200,python_hybrid_mpi_threaded_vectorized,python,hybrid_mpi_threaded,vectorized,64,100,upwind,RBSOR,1000.0,200.0,16.0,4,4.0,3.0,22.27299833,22.35827398,22.30086541,1.0,43.73154998,1.96098,0.12256099999999999,,,,,
hybrid,hybrid_case_8,8,case1_N64_Re100_central_steps1000_p200,python_hybrid_mpi_threaded_looped,python,hybrid_mpi_threaded,looped,64,100,central,RBGS,1000.0,200.0,1.0,1,1.0,3.0,1257.8680650000001,1268.3668710000002,1259.525864,1.0,1259.525864,1.0,1.0,,,,,
hybrid,hybrid_case_8,8,case1_N64_Re100_central_steps1000_p200,python_hybrid_mpi_threaded_looped,python,hybrid_mpi_threaded,looped,64,100,central,RBSOR,1000.0,200.0,1.0,1,1.0,3.0,781.5009315000001,807.8045171,820.0866055,1.0,820.0866055,1.0,1.0,,,,,
hybrid,hybrid_case_8,8,case1_N64_Re100_central_steps1000_p200,python_hybrid_mpi_threaded_looped,python,hybrid_mpi_threaded,looped,64,100,central,RBGS,1000.0,200.0,2.0,1,2.0,3.0,1286.128431,1300.585879,1300.861527,1.0,1259.525864,0.968224,0.484112,,,,,
hybrid,hybrid_case_8,8,case1_N64_Re100_central_steps1000_p200,python_hybrid_mpi_threaded_looped,python,hybrid_mpi_threaded,looped,64,100,central,RBSOR,1000.0,200.0,2.0,1,2.0,3.0,798.3115072,820.1956194,806.7629597,1.0,820.0866055,1.01651,0.508257,,,,,
hybrid,hybrid_case_8,8,case1_N64_Re100_central_steps1000_p200,python_hybrid_mpi_threaded_looped,python,hybrid_mpi_threaded,looped,64,100,central,RBGS,1000.0,200.0,4.0,2,2.0,3.0,679.3585536,691.8195925,693.3107014,1.0,1259.525864,1.8166799999999999,0.454171,,,,,
hybrid,hybrid_case_8,8,case1_N64_Re100_central_steps1000_p200,python_hybrid_mpi_threaded_looped,python,hybrid_mpi_threaded,looped,64,100,central,RBSOR,1000.0,200.0,4.0,2,2.0,3.0,432.3072245,438.26817639999996,440.74559739999995,1.0,820.0866055,1.86068,0.46517,,,,,
hybrid,hybrid_case_8,8,case1_N64_Re100_central_steps1000_p200,python_hybrid_mpi_threaded_looped,python,hybrid_mpi_threaded,looped,64,100,central,RBGS,1000.0,200.0,8.0,4,2.0,3.0,355.1290531,362.1476285,358.02206780000006,1.0,1259.525864,3.51801,0.439751,,,,,
hybrid,hybrid_case_8,8,case1_N64_Re100_central_steps1000_p200,python_hybrid_mpi_threaded_looped,python,hybrid_mpi_threaded,looped,64,100,central,RBSOR,1000.0,200.0,8.0,4,2.0,3.0,216.90872259999998,224.4759085,226.32021119999996,1.0,820.0866055,3.6235699999999995,0.452946,,,,,
hybrid,hybrid_case_8,8,case1_N64_Re100_central_steps1000_p200,python_hybrid_mpi_threaded_looped,python,hybrid_mpi_threaded,looped,64,100,central,RBGS,1000.0,200.0,16.0,4,4.0,3.0,352.27288030000005,362.2941531,366.0905242,1.0,1259.525864,3.4404800000000004,0.21503000000000003,,,,,
hybrid,hybrid_case_8,8,case1_N64_Re100_central_steps1000_p200,python_hybrid_mpi_threaded_looped,python,hybrid_mpi_threaded,looped,64,100,central,RBSOR,1000.0,200.0,16.0,4,4.0,3.0,220.89750550000002,227.7047236,228.5289135,1.0,820.0866055,3.58855,0.224284,,,,,
hybrid,hybrid_case_8,8,case1_N64_Re100_central_steps1000_p200,python_hybrid_mpi_threaded_vectorized,python,hybrid_mpi_threaded,vectorized,64,100,central,RBGS,1000.0,200.0,1.0,1,1.0,3.0,69.4088347,69.79550767,69.85981345,1.0,69.85981345,1.0,1.0,,,,,
hybrid,hybrid_case_8,8,case1_N64_Re100_central_steps1000_p200,python_hybrid_mpi_threaded_vectorized,python,hybrid_mpi_threaded,vectorized,64,100,central,RBSOR,1000.0,200.0,1.0,1,1.0,3.0,42.77968788,43.08701841,43.22503734,1.0,43.22503734,1.0,1.0,,,,,
hybrid,hybrid_case_8,8,case1_N64_Re100_central_steps1000_p200,python_hybrid_mpi_threaded_vectorized,python,hybrid_mpi_threaded,vectorized,64,100,central,RBGS,1000.0,200.0,2.0,1,2.0,3.0,68.87682843,69.41100677,69.41841054,1.0,69.85981345,1.0063600000000001,0.503179,,,,,
hybrid,hybrid_case_8,8,case1_N64_Re100_central_steps1000_p200,python_hybrid_mpi_threaded_vectorized,python,hybrid_mpi_threaded,vectorized,64,100,central,RBSOR,1000.0,200.0,2.0,1,2.0,3.0,43.03392553,43.23462248,43.14383388,1.0,43.22503734,1.0018799999999999,0.500941,,,,,
hybrid,hybrid_case_8,8,case1_N64_Re100_central_steps1000_p200,python_hybrid_mpi_threaded_vectorized,python,hybrid_mpi_threaded,vectorized,64,100,central,RBGS,1000.0,200.0,4.0,2,2.0,3.0,46.57970262,46.80850585,46.85634661,1.0,69.85981345,1.49094,0.372734,,,,,
hybrid,hybrid_case_8,8,case1_N64_Re100_central_steps1000_p200,python_hybrid_mpi_threaded_vectorized,python,hybrid_mpi_threaded,vectorized,64,100,central,RBSOR,1000.0,200.0,4.0,2,2.0,3.0,28.90285563,28.92687273,28.9294374,1.0,43.22503734,1.49415,0.373539,,,,,
hybrid,hybrid_case_8,8,case1_N64_Re100_central_steps1000_p200,python_hybrid_mpi_threaded_vectorized,python,hybrid_mpi_threaded,vectorized,64,100,central,RBGS,1000.0,200.0,8.0,4,2.0,3.0,35.71624017,35.794703399999996,35.81396818,1.0,69.85981345,1.9506299999999999,0.243829,,,,,
hybrid,hybrid_case_8,8,case1_N64_Re100_central_steps1000_p200,python_hybrid_mpi_threaded_vectorized,python,hybrid_mpi_threaded,vectorized,64,100,central,RBSOR,1000.0,200.0,8.0,4,2.0,3.0,22.01595855,22.09753704,22.12387753,1.0,43.22503734,1.95377,0.24422199999999997,,,,,
hybrid,hybrid_case_8,8,case1_N64_Re100_central_steps1000_p200,python_hybrid_mpi_threaded_vectorized,python,hybrid_mpi_threaded,vectorized,64,100,central,RBGS,1000.0,200.0,16.0,4,4.0,3.0,35.47878551,35.55096332,35.56745982,1.0,69.85981345,1.96415,0.122759,,,,,
hybrid,hybrid_case_8,8,case1_N64_Re100_central_steps1000_p200,python_hybrid_mpi_threaded_vectorized,python,hybrid_mpi_threaded,vectorized,64,100,central,RBSOR,1000.0,200.0,16.0,4,4.0,3.0,21.95819426,22.04609982,22.03407478,1.0,43.22503734,1.96174,0.122608,,,,,
hybrid,hybrid_case_9,9,case1_N64_Re400_upwind_steps1000_p200,python_hybrid_mpi_threaded_looped,python,hybrid_mpi_threaded,looped,64,400,upwind,RBGS,1000.0,200.0,1.0,1,1.0,3.0,1143.199694,1152.026582,1147.660052,1.0,1147.660052,1.0,1.0,,,,,
hybrid,hybrid_case_9,9,case1_N64_Re400_upwind_steps1000_p200,python_hybrid_mpi_threaded_looped,python,hybrid_mpi_threaded,looped,64,400,upwind,RBSOR,1000.0,200.0,1.0,1,1.0,3.0,678.7452804999999,692.8594391,696.7257402,1.0,696.7257402,1.0,1.0,,,,,
hybrid,hybrid_case_9,9,case1_N64_Re400_upwind_steps1000_p200,python_hybrid_mpi_threaded_looped,python,hybrid_mpi_threaded,looped,64,400,upwind,RBGS,1000.0,200.0,2.0,1,2.0,3.0,1154.739542,1167.374145,1155.562717,1.0,1147.660052,0.9931610000000001,0.49658100000000005,,,,,
hybrid,hybrid_case_9,9,case1_N64_Re400_upwind_steps1000_p200,python_hybrid_mpi_threaded_looped,python,hybrid_mpi_threaded,looped,64,400,upwind,RBSOR,1000.0,200.0,2.0,1,2.0,3.0,673.5525994,684.815586,680.0414503,1.0,696.7257402,1.02453,0.512267,,,,,
hybrid,hybrid_case_9,9,case1_N64_Re400_upwind_steps1000_p200,python_hybrid_mpi_threaded_looped,python,hybrid_mpi_threaded,looped,64,400,upwind,RBGS,1000.0,200.0,4.0,2,2.0,3.0,576.5965309,598.3414277,597.9869516,1.0,1147.660052,1.9192099999999999,0.47980100000000003,,,,,
hybrid,hybrid_case_9,9,case1_N64_Re400_upwind_steps1000_p200,python_hybrid_mpi_threaded_looped,python,hybrid_mpi_threaded,looped,64,400,upwind,RBSOR,1000.0,200.0,4.0,2,2.0,3.0,355.7295175,365.6515698,368.01172280000003,1.0,696.7257402,1.8932200000000001,0.473304,,,,,
hybrid,hybrid_case_9,9,case1_N64_Re400_upwind_steps1000_p200,python_hybrid_mpi_threaded_looped,python,hybrid_mpi_threaded,looped,64,400,upwind,RBGS,1000.0,200.0,8.0,4,2.0,3.0,315.7486501,317.3445158,316.199028,1.0,1147.660052,3.62955,0.453694,,,,,
hybrid,hybrid_case_9,9,case1_N64_Re400_upwind_steps1000_p200,python_hybrid_mpi_threaded_looped,python,hybrid_mpi_threaded,looped,64,400,upwind,RBSOR,1000.0,200.0,8.0,4,2.0,3.0,192.8250527,196.94316750000002,198.18987040000002,1.0,696.7257402,3.51545,0.439431,,,,,
hybrid,hybrid_case_9,9,case1_N64_Re400_upwind_steps1000_p200,python_hybrid_mpi_threaded_looped,python,hybrid_mpi_threaded,looped,64,400,upwind,RBGS,1000.0,200.0,16.0,4,4.0,3.0,304.9698143,310.6532438,312.4598875,1.0,1147.660052,3.6729800000000004,0.22956100000000002,,,,,
hybrid,hybrid_case_9,9,case1_N64_Re400_upwind_steps1000_p200,python_hybrid_mpi_threaded_looped,python,hybrid_mpi_threaded,looped,64,400,upwind,RBSOR,1000.0,200.0,16.0,4,4.0,3.0,193.1795654,195.2969423,193.5741503,1.0,696.7257402,3.5992699999999997,0.224954,,,,,
hybrid,hybrid_case_9,9,case1_N64_Re400_upwind_steps1000_p200,python_hybrid_mpi_threaded_vectorized,python,hybrid_mpi_threaded,vectorized,64,400,upwind,RBGS,1000.0,200.0,1.0,1,1.0,3.0,59.25536489,59.90409223,60.19718719,1.0,60.19718719,1.0,1.0,,,,,
hybrid,hybrid_case_9,9,case1_N64_Re400_upwind_steps1000_p200,python_hybrid_mpi_threaded_vectorized,python,hybrid_mpi_threaded,vectorized,64,400,upwind,RBSOR,1000.0,200.0,1.0,1,1.0,3.0,36.11739326,36.27012626,36.32125688,1.0,36.32125688,1.0,1.0,,,,,
hybrid,hybrid_case_9,9,case1_N64_Re400_upwind_steps1000_p200,python_hybrid_mpi_threaded_vectorized,python,hybrid_mpi_threaded,vectorized,64,400,upwind,RBGS,1000.0,200.0,2.0,1,2.0,3.0,59.45827198,59.59898583,59.58816409,1.0,60.19718719,1.0102200000000001,0.5051100000000001,,,,,
hybrid,hybrid_case_9,9,case1_N64_Re400_upwind_steps1000_p200,python_hybrid_mpi_threaded_vectorized,python,hybrid_mpi_threaded,vectorized,64,400,upwind,RBSOR,1000.0,200.0,2.0,1,2.0,3.0,35.89890337,36.10864456,36.13201189,1.0,36.32125688,1.00524,0.5026189999999999,,,,,
hybrid,hybrid_case_9,9,case1_N64_Re400_upwind_steps1000_p200,python_hybrid_mpi_threaded_vectorized,python,hybrid_mpi_threaded,vectorized,64,400,upwind,RBGS,1000.0,200.0,4.0,2,2.0,3.0,39.86453819,40.04872513,40.09023356,1.0,60.19718719,1.5015399999999999,0.375386,,,,,
hybrid,hybrid_case_9,9,case1_N64_Re400_upwind_steps1000_p200,python_hybrid_mpi_threaded_vectorized,python,hybrid_mpi_threaded,vectorized,64,400,upwind,RBSOR,1000.0,200.0,4.0,2,2.0,3.0,24.35016155,24.45779641,24.38097239,1.0,36.32125688,1.48974,0.372434,,,,,
hybrid,hybrid_case_9,9,case1_N64_Re400_upwind_steps1000_p200,python_hybrid_mpi_threaded_vectorized,python,hybrid_mpi_threaded,vectorized,64,400,upwind,RBGS,1000.0,200.0,8.0,4,2.0,3.0,30.62600327,30.78752685,30.82945371,1.0,60.19718719,1.95259,0.244073,,,,,
hybrid,hybrid_case_9,9,case1_N64_Re400_upwind_steps1000_p200,python_hybrid_mpi_threaded_vectorized,python,hybrid_mpi_threaded,vectorized,64,400,upwind,RBSOR,1000.0,200.0,8.0,4,2.0,3.0,18.39967203,18.51398698,18.54822421,1.0,36.32125688,1.9582099999999998,0.24477600000000002,,,,,
hybrid,hybrid_case_9,9,case1_N64_Re400_upwind_steps1000_p200,python_hybrid_mpi_threaded_vectorized,python,hybrid_mpi_threaded,vectorized,64,400,upwind,RBGS,1000.0,200.0,16.0,4,4.0,3.0,30.30586934,30.519879100000004,30.40704226,1.0,60.19718719,1.9797099999999999,0.123732,,,,,
hybrid,hybrid_case_9,9,case1_N64_Re400_upwind_steps1000_p200,python_hybrid_mpi_threaded_vectorized,python,hybrid_mpi_threaded,vectorized,64,400,upwind,RBSOR,1000.0,200.0,16.0,4,4.0,3.0,18.33294368,18.52779531,18.58442378,1.0,36.32125688,1.95439,0.12215,,,,,
hybrid,hybrid_case_10,10,case1_N64_Re400_central_steps1000_p200,python_hybrid_mpi_threaded_looped,python,hybrid_mpi_threaded,looped,64,400,central,RBGS,1000.0,200.0,1.0,1,1.0,3.0,1100.305195,1156.019515,1174.435102,1.0,1174.435102,1.0,1.0,,,,,
hybrid,hybrid_case_10,10,case1_N64_Re400_central_steps1000_p200,python_hybrid_mpi_threaded_looped,python,hybrid_mpi_threaded,looped,64,400,central,RBSOR,1000.0,200.0,1.0,1,1.0,3.0,663.0277185,668.3406129,670.6388023,1.0,670.6388023,1.0,1.0,,,,,
hybrid,hybrid_case_10,10,case1_N64_Re400_central_steps1000_p200,python_hybrid_mpi_threaded_looped,python,hybrid_mpi_threaded,looped,64,400,central,RBGS,1000.0,200.0,2.0,1,2.0,3.0,1112.2823449999999,1151.095729,1114.839192,1.0,1174.435102,1.05346,0.526728,,,,,
hybrid,hybrid_case_10,10,case1_N64_Re400_central_steps1000_p200,python_hybrid_mpi_threaded_looped,python,hybrid_mpi_threaded,looped,64,400,central,RBSOR,1000.0,200.0,2.0,1,2.0,3.0,672.0363464,687.3148951000001,687.5407164,1.0,670.6388023,0.975417,0.487708,,,,,
hybrid,hybrid_case_10,10,case1_N64_Re400_central_steps1000_p200,python_hybrid_mpi_threaded_looped,python,hybrid_mpi_threaded,looped,64,400,central,RBGS,1000.0,200.0,4.0,2,2.0,3.0,582.6953146000001,595.485999,597.9789599999999,1.0,1174.435102,1.9640099999999998,0.49100200000000005,,,,,
hybrid,hybrid_case_10,10,case1_N64_Re400_central_steps1000_p200,python_hybrid_mpi_threaded_looped,python,hybrid_mpi_threaded,looped,64,400,central,RBSOR,1000.0,200.0,4.0,2,2.0,3.0,370.3160136,376.2207567,378.3688104,1.0,670.6388023,1.77245,0.443112,,,,,
hybrid,hybrid_case_10,10,case1_N64_Re400_central_steps1000_p200,python_hybrid_mpi_threaded_looped,python,hybrid_mpi_threaded,looped,64,400,central,RBGS,1000.0,200.0,8.0,4,2.0,3.0,304.2702715,312.32730330000004,314.5362728,1.0,1174.435102,3.73386,0.466733,,,,,
hybrid,hybrid_case_10,10,case1_N64_Re400_central_steps1000_p200,python_hybrid_mpi_threaded_looped,python,hybrid_mpi_threaded,looped,64,400,central,RBSOR,1000.0,200.0,8.0,4,2.0,3.0,189.9199479,192.7749033,191.6949072,1.0,670.6388023,3.4984699999999997,0.437309,,,,,
hybrid,hybrid_case_10,10,case1_N64_Re400_central_steps1000_p200,python_hybrid_mpi_threaded_looped,python,hybrid_mpi_threaded,looped,64,400,central,RBGS,1000.0,200.0,16.0,4,4.0,3.0,314.8208067,318.7758609,317.86433789999995,1.0,1174.435102,3.6947699999999997,0.230923,,,,,
hybrid,hybrid_case_10,10,case1_N64_Re400_central_steps1000_p200,python_hybrid_mpi_threaded_looped,python,hybrid_mpi_threaded,looped,64,400,central,RBSOR,1000.0,200.0,16.0,4,4.0,3.0,188.7707138,189.8105054,188.9863868,1.0,670.6388023,3.54861,0.221788,,,,,
hybrid,hybrid_case_10,10,case1_N64_Re400_central_steps1000_p200,python_hybrid_mpi_threaded_vectorized,python,hybrid_mpi_threaded,vectorized,64,400,central,RBGS,1000.0,200.0,1.0,1,1.0,3.0,60.22593379,60.29186964,60.26863861,1.0,60.26863861,1.0,1.0,,,,,
hybrid,hybrid_case_10,10,case1_N64_Re400_central_steps1000_p200,python_hybrid_mpi_threaded_vectorized,python,hybrid_mpi_threaded,vectorized,64,400,central,RBSOR,1000.0,200.0,1.0,1,1.0,3.0,35.42922211,35.55169749,35.59191632,1.0,35.59191632,1.0,1.0,,,,,
hybrid,hybrid_case_10,10,case1_N64_Re400_central_steps1000_p200,python_hybrid_mpi_threaded_vectorized,python,hybrid_mpi_threaded,vectorized,64,400,central,RBGS,1000.0,200.0,2.0,1,2.0,3.0,59.89509988,60.36748854,60.34893918,1.0,60.26863861,0.998669,0.49933500000000003,,,,,
hybrid,hybrid_case_10,10,case1_N64_Re400_central_steps1000_p200,python_hybrid_mpi_threaded_vectorized,python,hybrid_mpi_threaded,vectorized,64,400,central,RBSOR,1000.0,200.0,2.0,1,2.0,3.0,35.26216006,35.52714205,35.64374805,1.0,35.59191632,0.9985459999999999,0.49927299999999997,,,,,
hybrid,hybrid_case_10,10,case1_N64_Re400_central_steps1000_p200,python_hybrid_mpi_threaded_vectorized,python,hybrid_mpi_threaded,vectorized,64,400,central,RBGS,1000.0,200.0,4.0,2,2.0,3.0,40.39527249,40.88899255,41.09112883,1.0,60.26863861,1.46671,0.366677,,,,,
hybrid,hybrid_case_10,10,case1_N64_Re400_central_steps1000_p200,python_hybrid_mpi_threaded_vectorized,python,hybrid_mpi_threaded,vectorized,64,400,central,RBSOR,1000.0,200.0,4.0,2,2.0,3.0,23.66239333,23.8825043,23.93686295,1.0,35.59191632,1.48691,0.371727,,,,,
hybrid,hybrid_case_10,10,case1_N64_Re400_central_steps1000_p200,python_hybrid_mpi_threaded_vectorized,python,hybrid_mpi_threaded,vectorized,64,400,central,RBGS,1000.0,200.0,8.0,4,2.0,3.0,30.89850211,31.05388904,31.12367868,1.0,60.26863861,1.93642,0.24205300000000002,,,,,
hybrid,hybrid_case_10,10,case1_N64_Re400_central_steps1000_p200,python_hybrid_mpi_threaded_vectorized,python,hybrid_mpi_threaded,vectorized,64,400,central,RBSOR,1000.0,200.0,8.0,4,2.0,3.0,18.1434648,18.25391618,18.27128959,1.0,35.59191632,1.94797,0.243496,,,,,
hybrid,hybrid_case_10,10,case1_N64_Re400_central_steps1000_p200,python_hybrid_mpi_threaded_vectorized,python,hybrid_mpi_threaded,vectorized,64,400,central,RBGS,1000.0,200.0,16.0,4,4.0,3.0,30.85632372,31.02676741,31.0756495,1.0,60.26863861,1.9394200000000001,0.12121400000000002,,,,,
hybrid,hybrid_case_10,10,case1_N64_Re400_central_steps1000_p200,python_hybrid_mpi_threaded_vectorized,python,hybrid_mpi_threaded,vectorized,64,400,central,RBSOR,1000.0,200.0,16.0,4,4.0,3.0,18.15167379,18.228401100000003,18.15351605,1.0,35.59191632,1.96061,0.12253800000000001,,,,,
hybrid,hybrid_case_11,11,case1_N64_Re1000_upwind_steps2000_p250,python_hybrid_mpi_threaded_looped,python,hybrid_mpi_threaded,looped,64,1000,upwind,RBGS,2000.0,250.0,1.0,1,1.0,3.0,1384.4701009999999,1426.652346,1424.873083,1.0,1424.873083,1.0,1.0,,,,,
hybrid,hybrid_case_11,11,case1_N64_Re1000_upwind_steps2000_p250,python_hybrid_mpi_threaded_looped,python,hybrid_mpi_threaded,looped,64,1000,upwind,RBSOR,2000.0,250.0,1.0,1,1.0,3.0,897.764111,922.6377123999999,914.9647123999999,1.0,914.9647123999999,1.0,1.0,,,,,
hybrid,hybrid_case_11,11,case1_N64_Re1000_upwind_steps2000_p250,python_hybrid_mpi_threaded_looped,python,hybrid_mpi_threaded,looped,64,1000,upwind,RBGS,2000.0,250.0,2.0,1,2.0,3.0,1419.6580310000002,1426.374806,1424.988895,1.0,1424.873083,0.999919,0.49995900000000004,,,,,
hybrid,hybrid_case_11,11,case1_N64_Re1000_upwind_steps2000_p250,python_hybrid_mpi_threaded_looped,python,hybrid_mpi_threaded,looped,64,1000,upwind,RBSOR,2000.0,250.0,2.0,1,2.0,3.0,906.429564,931.2006132000001,932.6290652999999,1.0,914.9647123999999,0.98106,0.49053,,,,,
hybrid,hybrid_case_11,11,case1_N64_Re1000_upwind_steps2000_p250,python_hybrid_mpi_threaded_looped,python,hybrid_mpi_threaded,looped,64,1000,upwind,RBGS,2000.0,250.0,4.0,2,2.0,3.0,717.9631307,721.1644048999999,721.730541,1.0,1424.873083,1.97425,0.49356099999999997,,,,,
hybrid,hybrid_case_11,11,case1_N64_Re1000_upwind_steps2000_p250,python_hybrid_mpi_threaded_looped,python,hybrid_mpi_threaded,looped,64,1000,upwind,RBSOR,2000.0,250.0,4.0,2,2.0,3.0,469.64007469999996,485.4733506,480.83708099999996,1.0,914.9647123999999,1.9028599999999998,0.47571499999999994,,,,,
hybrid,hybrid_case_11,11,case1_N64_Re1000_upwind_steps2000_p250,python_hybrid_mpi_threaded_looped,python,hybrid_mpi_threaded,looped,64,1000,upwind,RBGS,2000.0,250.0,8.0,4,2.0,3.0,391.5298536,398.6489403,397.5273588,1.0,1424.873083,3.58434,0.448042,,,,,
hybrid,hybrid_case_11,11,case1_N64_Re1000_upwind_steps2000_p250,python_hybrid_mpi_threaded_looped,python,hybrid_mpi_threaded,looped,64,1000,upwind,RBSOR,2000.0,250.0,8.0,4,2.0,3.0,250.1609704,255.64543219999996,255.13354680000003,1.0,914.9647123999999,3.5862199999999995,0.44827700000000004,,,,,
hybrid,hybrid_case_11,11,case1_N64_Re1000_upwind_steps2000_p250,python_hybrid_mpi_threaded_looped,python,hybrid_mpi_threaded,looped,64,1000,upwind,RBGS,2000.0,250.0,16.0,4,4.0,3.0,394.3694451,402.02074080000006,402.8207171,1.0,1424.873083,3.53724,0.221077,,,,,
hybrid,hybrid_case_11,11,case1_N64_Re1000_upwind_steps2000_p250,python_hybrid_mpi_threaded_looped,python,hybrid_mpi_threaded,looped,64,1000,upwind,RBSOR,2000.0,250.0,16.0,4,4.0,3.0,256.9019814,258.8041544,257.8114483,1.0,914.9647123999999,3.5489699999999997,0.221811,,,,,
hybrid,hybrid_case_11,11,case1_N64_Re1000_upwind_steps2000_p250,python_hybrid_mpi_threaded_vectorized,python,hybrid_mpi_threaded,vectorized,64,1000,upwind,RBGS,2000.0,250.0,1.0,1,1.0,3.0,73.31887841,73.82701492,73.96053815,1.0,73.96053815,1.0,1.0,,,,,
hybrid,hybrid_case_11,11,case1_N64_Re1000_upwind_steps2000_p250,python_hybrid_mpi_threaded_vectorized,python,hybrid_mpi_threaded,vectorized,64,1000,upwind,RBSOR,2000.0,250.0,1.0,1,1.0,3.0,47.03551364,47.13970097,47.04622245,1.0,47.04622245,1.0,1.0,,,,,
hybrid,hybrid_case_11,11,case1_N64_Re1000_upwind_steps2000_p250,python_hybrid_mpi_threaded_vectorized,python,hybrid_mpi_threaded,vectorized,64,1000,upwind,RBGS,2000.0,250.0,2.0,1,2.0,3.0,73.21870041,73.74991322,73.72889066,1.0,73.96053815,1.00314,0.501571,,,,,
hybrid,hybrid_case_11,11,case1_N64_Re1000_upwind_steps2000_p250,python_hybrid_mpi_threaded_vectorized,python,hybrid_mpi_threaded,vectorized,64,1000,upwind,RBSOR,2000.0,250.0,2.0,1,2.0,3.0,46.60910296,46.9573946,47.01824689,1.0,47.04622245,1.0005899999999999,0.500297,,,,,
hybrid,hybrid_case_11,11,case1_N64_Re1000_upwind_steps2000_p250,python_hybrid_mpi_threaded_vectorized,python,hybrid_mpi_threaded,vectorized,64,1000,upwind,RBGS,2000.0,250.0,4.0,2,2.0,3.0,49.66105509,49.93378186,49.67462945,1.0,73.96053815,1.4889,0.372225,,,,,
hybrid,hybrid_case_11,11,case1_N64_Re1000_upwind_steps2000_p250,python_hybrid_mpi_threaded_vectorized,python,hybrid_mpi_threaded,vectorized,64,1000,upwind,RBSOR,2000.0,250.0,4.0,2,2.0,3.0,31.77699113,31.86707735,31.84239793,1.0,47.04622245,1.47747,0.369368,,,,,
hybrid,hybrid_case_11,11,case1_N64_Re1000_upwind_steps2000_p250,python_hybrid_mpi_threaded_vectorized,python,hybrid_mpi_threaded,vectorized,64,1000,upwind,RBGS,2000.0,250.0,8.0,4,2.0,3.0,37.72738338,37.90228224,37.82090616,1.0,73.96053815,1.95555,0.244443,,,,,
hybrid,hybrid_case_11,11,case1_N64_Re1000_upwind_steps2000_p250,python_hybrid_mpi_threaded_vectorized,python,hybrid_mpi_threaded,vectorized,64,1000,upwind,RBSOR,2000.0,250.0,8.0,4,2.0,3.0,24.37092996,24.43750119,24.45902705,1.0,47.04622245,1.92347,0.240434,,,,,
hybrid,hybrid_case_11,11,case1_N64_Re1000_upwind_steps2000_p250,python_hybrid_mpi_threaded_vectorized,python,hybrid_mpi_threaded,vectorized,64,1000,upwind,RBGS,2000.0,250.0,16.0,4,4.0,3.0,37.738200899999995,37.93456308,38.01426172,1.0,73.96053815,1.9456,0.1216,,,,,
hybrid,hybrid_case_11,11,case1_N64_Re1000_upwind_steps2000_p250,python_hybrid_mpi_threaded_vectorized,python,hybrid_mpi_threaded,vectorized,64,1000,upwind,RBSOR,2000.0,250.0,16.0,4,4.0,3.0,24.17773938,24.23474924,24.23628497,1.0,47.04622245,1.94115,0.121322,,,,,
hybrid,hybrid_case_12,12,case1_N64_Re1000_central_steps2000_p250,python_hybrid_mpi_threaded_looped,python,hybrid_mpi_threaded,looped,64,1000,central,RBGS,2000.0,250.0,1.0,1,1.0,3.0,1536.304725,1580.58266,1558.894249,1.0,1558.894249,1.0,1.0,,,,,
hybrid,hybrid_case_12,12,case1_N64_Re1000_central_steps2000_p250,python_hybrid_mpi_threaded_looped,python,hybrid_mpi_threaded,looped,64,1000,central,RBSOR,2000.0,250.0,1.0,1,1.0,3.0,927.8731821,953.7096051000001,936.7362403999999,1.0,936.7362403999999,1.0,1.0,,,,,
hybrid,hybrid_case_12,12,case1_N64_Re1000_central_steps2000_p250,python_hybrid_mpi_threaded_looped,python,hybrid_mpi_threaded,looped,64,1000,central,RBGS,2000.0,250.0,2.0,1,2.0,3.0,1531.179025,1573.646009,1586.731286,1.0,1558.894249,0.982456,0.491228,,,,,
hybrid,hybrid_case_12,12,case1_N64_Re1000_central_steps2000_p250,python_hybrid_mpi_threaded_looped,python,hybrid_mpi_threaded,looped,64,1000,central,RBSOR,2000.0,250.0,2.0,1,2.0,3.0,950.1822047,979.7920333999999,953.6879857000001,1.0,936.7362403999999,0.982225,0.491113,,,,,
hybrid,hybrid_case_12,12,case1_N64_Re1000_central_steps2000_p250,python_hybrid_mpi_threaded_looped,python,hybrid_mpi_threaded,looped,64,1000,central,RBGS,2000.0,250.0,4.0,2,2.0,3.0,836.3656414,852.4180062999999,846.0921607,1.0,1558.894249,1.8424599999999998,0.46061599999999997,,,,,
hybrid,hybrid_case_12,12,case1_N64_Re1000_central_steps2000_p250,python_hybrid_mpi_threaded_looped,python,hybrid_mpi_threaded,looped,64,1000,central,RBSOR,2000.0,250.0,4.0,2,2.0,3.0,499.435071,511.11150610000004,506.5506499,1.0,936.7362403999999,1.8492400000000002,0.46231099999999997,,,,,
hybrid,hybrid_case_12,12,case1_N64_Re1000_central_steps2000_p250,python_hybrid_mpi_threaded_looped,python,hybrid_mpi_threaded,looped,64,1000,central,RBGS,2000.0,250.0,8.0,4,2.0,3.0,428.2512586,438.0516977,434.75905159999996,1.0,1558.894249,3.58565,0.44820600000000005,,,,,
hybrid,hybrid_case_12,12,case1_N64_Re1000_central_steps2000_p250,python_hybrid_mpi_threaded_looped,python,hybrid_mpi_threaded,looped,64,1000,central,RBSOR,2000.0,250.0,8.0,4,2.0,3.0,269.6709378,273.9937905,271.8593035,1.0,936.7362403999999,3.44567,0.430708,,,,,
hybrid,hybrid_case_12,12,case1_N64_Re1000_central_steps2000_p250,python_hybrid_mpi_threaded_looped,python,hybrid_mpi_threaded,looped,64,1000,central,RBGS,2000.0,250.0,16.0,4,4.0,3.0,435.5734653,442.80744230000005,441.9963784,1.0,1558.894249,3.52694,0.22043400000000002,,,,,
hybrid,hybrid_case_12,12,case1_N64_Re1000_central_steps2000_p250,python_hybrid_mpi_threaded_looped,python,hybrid_mpi_threaded,looped,64,1000,central,RBSOR,2000.0,250.0,16.0,4,4.0,3.0,259.8715792,261.84645809999995,262.1604064,1.0,936.7362403999999,3.57314,0.223321,,,,,
hybrid,hybrid_case_12,12,case1_N64_Re1000_central_steps2000_p250,python_hybrid_mpi_threaded_vectorized,python,hybrid_mpi_threaded,vectorized,64,1000,central,RBGS,2000.0,250.0,1.0,1,1.0,3.0,82.50884891,82.85110291,82.76882267,1.0,82.76882267,1.0,1.0,,,,,
hybrid,hybrid_case_12,12,case1_N64_Re1000_central_steps2000_p250,python_hybrid_mpi_threaded_vectorized,python,hybrid_mpi_threaded,vectorized,64,1000,central,RBSOR,2000.0,250.0,1.0,1,1.0,3.0,49.4048543,49.48086762,49.41608882,1.0,49.41608882,1.0,1.0,,,,,
hybrid,hybrid_case_12,12,case1_N64_Re1000_central_steps2000_p250,python_hybrid_mpi_threaded_vectorized,python,hybrid_mpi_threaded,vectorized,64,1000,central,RBGS,2000.0,250.0,2.0,1,2.0,3.0,82.90511584,82.98846491,82.95506239,1.0,82.76882267,0.997755,0.49887700000000007,,,,,
hybrid,hybrid_case_12,12,case1_N64_Re1000_central_steps2000_p250,python_hybrid_mpi_threaded_vectorized,python,hybrid_mpi_threaded,vectorized,64,1000,central,RBSOR,2000.0,250.0,2.0,1,2.0,3.0,49.49354148,49.66014949,49.62477279,1.0,49.41608882,0.9957950000000001,0.49789700000000003,,,,,
hybrid,hybrid_case_12,12,case1_N64_Re1000_central_steps2000_p250,python_hybrid_mpi_threaded_vectorized,python,hybrid_mpi_threaded,vectorized,64,1000,central,RBGS,2000.0,250.0,4.0,2,2.0,3.0,55.64724517,55.96338749,56.0546391,1.0,82.76882267,1.4765700000000002,0.369143,,,,,
hybrid,hybrid_case_12,12,case1_N64_Re1000_central_steps2000_p250,python_hybrid_mpi_threaded_vectorized,python,hybrid_mpi_threaded,vectorized,64,1000,central,RBSOR,2000.0,250.0,4.0,2,2.0,3.0,33.49133754,33.62771948,33.58307648,1.0,49.41608882,1.47146,0.367865,,,,,
hybrid,hybrid_case_12,12,case1_N64_Re1000_central_steps2000_p250,python_hybrid_mpi_threaded_vectorized,python,hybrid_mpi_threaded,vectorized,64,1000,central,RBGS,2000.0,250.0,8.0,4,2.0,3.0,42.23833609,42.47528378,42.57871485,1.0,82.76882267,1.9439,0.242988,,,,,
hybrid,hybrid_case_12,12,case1_N64_Re1000_central_steps2000_p250,python_hybrid_mpi_threaded_vectorized,python,hybrid_mpi_threaded,vectorized,64,1000,central,RBSOR,2000.0,250.0,8.0,4,2.0,3.0,25.37661314,25.52698064,25.59839606,1.0,49.41608882,1.9304400000000002,0.24130500000000002,,,,,
hybrid,hybrid_case_12,12,case1_N64_Re1000_central_steps2000_p250,python_hybrid_mpi_threaded_vectorized,python,hybrid_mpi_threaded,vectorized,64,1000,central,RBGS,2000.0,250.0,16.0,4,4.0,3.0,42.59526968,42.69118611,42.68812013,1.0,82.76882267,1.93892,0.121182,,,,,
hybrid,hybrid_case_12,12,case1_N64_Re1000_central_steps2000_p250,python_hybrid_mpi_threaded_vectorized,python,hybrid_mpi_threaded,vectorized,64,1000,central,RBSOR,2000.0,250.0,16.0,4,4.0,3.0,25.32708955,25.43697611,25.46468759,1.0,49.41608882,1.9405700000000001,0.12128599999999999,,,,,
hybrid,hybrid_case_13,13,case1_N128_Re100_upwind_steps2500_p250,,python,,,128,100,upwind,,,,,1,,,,,,,,,,10.0,23240.16277458666,19106.47913296623,1312.9392952919,42344.1348173618
hybrid,hybrid_case_13,13,case1_N128_Re100_upwind_steps2500_p250,,python,,,128,100,upwind,,,,,2,,,,,,,,,,5.0,11815.270420789719,10286.353542833716,728.4259204865,21417.983974456798
hybrid,hybrid_case_13,13,case1_N128_Re100_upwind_steps2500_p250,,python,,,128,100,upwind,,,,,4,,,,,,,,,,9.0,5659.7333591514125,5027.322775574276,431.5638420582,11128.3214485645
hybrid,hybrid_case_14,14,case1_N128_Re100_central_steps2500_p250,python_hybrid_mpi_threaded_looped,python,hybrid_mpi_threaded,looped,128,100,central,RBGS,2500.0,250.0,1.0,1,1.0,3.0,8221.771490000001,8553.086056999999,8670.601736,1.0,8670.601736,1.0,1.0,,,,,
hybrid,hybrid_case_14,14,case1_N128_Re100_central_steps2500_p250,python_hybrid_mpi_threaded_looped,python,hybrid_mpi_threaded,looped,128,100,central,RBSOR,2500.0,250.0,1.0,1,1.0,3.0,6464.952068,6710.904444,6832.853719,1.0,6832.853719,1.0,1.0,,,,,
hybrid,hybrid_case_14,14,case1_N128_Re100_central_steps2500_p250,python_hybrid_mpi_threaded_looped,python,hybrid_mpi_threaded,looped,128,100,central,RBGS,2500.0,250.0,2.0,1,2.0,3.0,8022.003408,8126.109535,8107.842906999999,1.0,8670.601736,1.06941,0.534705,,,,,
hybrid,hybrid_case_14,14,case1_N128_Re100_central_steps2500_p250,python_hybrid_mpi_threaded_looped,python,hybrid_mpi_threaded,looped,128,100,central,RBSOR,2500.0,250.0,2.0,1,2.0,3.0,6519.870302,6914.448406999999,6950.176151000001,1.0,6832.853719,0.9831200000000001,0.49156000000000005,,,,,
hybrid,hybrid_case_14,14,case1_N128_Re100_central_steps2500_p250,python_hybrid_mpi_threaded_looped,python,hybrid_mpi_threaded,looped,128,100,central,RBGS,2500.0,250.0,4.0,2,2.0,3.0,4150.98524,4248.852881,4173.44315,1.0,8670.601736,2.07757,0.5193909999999999,,,,,
hybrid,hybrid_case_14,14,case1_N128_Re100_central_steps2500_p250,python_hybrid_mpi_threaded_looped,python,hybrid_mpi_threaded,looped,128,100,central,RBSOR,2500.0,250.0,4.0,2,2.0,3.0,3534.477788,3597.5956229999997,3537.7648990000002,1.0,6832.853719,1.9314,0.48285100000000003,,,,,
hybrid,hybrid_case_14,14,case1_N128_Re100_central_steps2500_p250,python_hybrid_mpi_threaded_looped,python,hybrid_mpi_threaded,looped,128,100,central,RBGS,2500.0,250.0,8.0,4,2.0,3.0,2234.820445,2246.372386,2250.008477,1.0,8670.601736,3.85359,0.48169799999999996,,,,,
hybrid,hybrid_case_14,14,case1_N128_Re100_central_steps2500_p250,python_hybrid_mpi_threaded_looped,python,hybrid_mpi_threaded,looped,128,100,central,RBSOR,2500.0,250.0,8.0,4,2.0,3.0,1770.190573,1842.8581510000001,1852.735987,1.0,6832.853719,3.6879800000000005,0.46099799999999996,,,,,
hybrid,hybrid_case_14,14,case1_N128_Re100_central_steps2500_p250,python_hybrid_mpi_threaded_looped,python,hybrid_mpi_threaded,looped,128,100,central,RBGS,2500.0,250.0,16.0,4,4.0,3.0,2166.006523,2179.90327,2178.989088,1.0,8670.601736,3.97919,0.24869899999999998,,,,,
hybrid,hybrid_case_14,14,case1_N128_Re100_central_steps2500_p250,python_hybrid_mpi_threaded_looped,python,hybrid_mpi_threaded,looped,128,100,central,RBSOR,2500.0,250.0,16.0,4,4.0,3.0,1793.540348,1830.2790969999999,1846.551086,1.0,6832.853719,3.70033,0.231271,,,,,
hybrid,hybrid_case_14,14,case1_N128_Re100_central_steps2500_p250,python_hybrid_mpi_threaded_vectorized,python,hybrid_mpi_threaded,vectorized,128,100,central,RBGS,2500.0,250.0,1.0,1,1.0,3.0,343.2062414,346.0950472,344.3307445,1.0,344.3307445,1.0,1.0,,,,,
hybrid,hybrid_case_14,14,case1_N128_Re100_central_steps2500_p250,python_hybrid_mpi_threaded_vectorized,python,hybrid_mpi_threaded,vectorized,128,100,central,RBSOR,2500.0,250.0,1.0,1,1.0,3.0,286.33737560000003,287.7295545,287.2985296,1.0,287.2985296,1.0,1.0,,,,,
hybrid,hybrid_case_14,14,case1_N128_Re100_central_steps2500_p250,python_hybrid_mpi_threaded_vectorized,python,hybrid_mpi_threaded,vectorized,128,100,central,RBGS,2500.0,250.0,2.0,1,2.0,3.0,348.7405272,350.2576113,349.9928045,1.0,344.3307445,0.983822,0.491911,,,,,
hybrid,hybrid_case_14,14,case1_N128_Re100_central_steps2500_p250,python_hybrid_mpi_threaded_vectorized,python,hybrid_mpi_threaded,vectorized,128,100,central,RBSOR,2500.0,250.0,2.0,1,2.0,3.0,286.9664173,289.3128709,290.0704467,1.0,287.2985296,0.9904440000000001,0.49522200000000005,,,,,
hybrid,hybrid_case_14,14,case1_N128_Re100_central_steps2500_p250,python_hybrid_mpi_threaded_vectorized,python,hybrid_mpi_threaded,vectorized,128,100,central,RBGS,2500.0,250.0,4.0,2,2.0,3.0,193.8895419,193.9996272,193.9006386,1.0,344.3307445,1.7758099999999999,0.443953,,,,,
hybrid,hybrid_case_14,14,case1_N128_Re100_central_steps2500_p250,python_hybrid_mpi_threaded_vectorized,python,hybrid_mpi_threaded,vectorized,128,100,central,RBSOR,2500.0,250.0,4.0,2,2.0,3.0,159.8995991,160.2426781,160.32988999999998,1.0,287.2985296,1.7919200000000002,0.44798000000000004,,,,,
hybrid,hybrid_case_14,14,case1_N128_Re100_central_steps2500_p250,python_hybrid_mpi_threaded_vectorized,python,hybrid_mpi_threaded,vectorized,128,100,central,RBGS,2500.0,250.0,8.0,4,2.0,3.0,114.9977467,115.4296453,115.608623,1.0,344.3307445,2.9784200000000003,0.372302,,,,,
hybrid,hybrid_case_14,14,case1_N128_Re100_central_steps2500_p250,python_hybrid_mpi_threaded_vectorized,python,hybrid_mpi_threaded,vectorized,128,100,central,RBSOR,2500.0,250.0,8.0,4,2.0,3.0,94.86792994,95.06414278,94.99154139,1.0,287.2985296,3.02446,0.378058,,,,,
hybrid,hybrid_case_14,14,case1_N128_Re100_central_steps2500_p250,python_hybrid_mpi_threaded_vectorized,python,hybrid_mpi_threaded,vectorized,128,100,central,RBGS,2500.0,250.0,16.0,4,4.0,3.0,115.8422642,115.9823612,115.99770520000001,1.0,344.3307445,2.96843,0.185527,,,,,
hybrid,hybrid_case_14,14,case1_N128_Re100_central_steps2500_p250,python_hybrid_mpi_threaded_vectorized,python,hybrid_mpi_threaded,vectorized,128,100,central,RBSOR,2500.0,250.0,16.0,4,4.0,3.0,95.10130191,95.26784174,95.21099472,1.0,287.2985296,3.01749,0.188593,,,,,
hybrid,hybrid_case_15,15,case1_N128_Re400_upwind_steps2500_p250,python_hybrid_mpi_threaded_looped,python,hybrid_mpi_threaded,looped,128,400,upwind,RBGS,2500.0,250.0,1.0,1,1.0,3.0,9612.081779,9823.88883,9838.8548,1.0,9838.8548,1.0,1.0,,,,,
hybrid,hybrid_case_15,15,case1_N128_Re400_upwind_steps2500_p250,python_hybrid_mpi_threaded_looped,python,hybrid_mpi_threaded,looped,128,400,upwind,RBSOR,2500.0,250.0,1.0,1,1.0,3.0,7201.672381,7279.653025,7237.482024,1.0,7237.482024,1.0,1.0,,,,,
hybrid,hybrid_case_15,15,case1_N128_Re400_upwind_steps2500_p250,python_hybrid_mpi_threaded_looped,python,hybrid_mpi_threaded,looped,128,400,upwind,RBGS,2500.0,250.0,2.0,1,2.0,3.0,9598.975652,9622.112623,9630.192211,1.0,9838.8548,1.02167,0.510834,,,,,
hybrid,hybrid_case_15,15,case1_N128_Re400_upwind_steps2500_p250,python_hybrid_mpi_threaded_looped,python,hybrid_mpi_threaded,looped,128,400,upwind,RBSOR,2500.0,250.0,2.0,1,2.0,3.0,7576.173382999999,7713.378008,7771.985667,1.0,7237.482024,0.931227,0.465613,,,,,
hybrid,hybrid_case_15,15,case1_N128_Re400_upwind_steps2500_p250,python_hybrid_mpi_threaded_looped,python,hybrid_mpi_threaded,looped,128,400,upwind,RBGS,2500.0,250.0,4.0,2,2.0,3.0,4976.572372,5101.956129,5040.264626,1.0,9838.8548,1.95205,0.48801300000000003,,,,,
hybrid,hybrid_case_15,15,case1_N128_Re400_upwind_steps2500_p250,python_hybrid_mpi_threaded_looped,python,hybrid_mpi_threaded,looped,128,400,upwind,RBSOR,2500.0,250.0,4.0,2,2.0,3.0,3949.6513609999997,3961.371108,3966.1363880000004,1.0,7237.482024,1.82482,0.456205,,,,,
hybrid,hybrid_case_15,15,case1_N128_Re400_upwind_steps2500_p250,python_hybrid_mpi_threaded_looped,python,hybrid_mpi_threaded,looped,128,400,upwind,RBGS,2500.0,250.0,8.0,4,2.0,3.0,2510.759802,2566.937891,2567.504327,1.0,9838.8548,3.83207,0.479009,,,,,
hybrid,hybrid_case_15,15,case1_N128_Re400_upwind_steps2500_p250,python_hybrid_mpi_threaded_looped,python,hybrid_mpi_threaded,looped,128,400,upwind,RBSOR,2500.0,250.0,8.0,4,2.0,3.0,1991.529821,2019.553806,2028.7918690000001,1.0,7237.482024,3.56739,0.44592299999999996,,,,,
hybrid,hybrid_case_15,15,case1_N128_Re400_upwind_steps2500_p250,python_hybrid_mpi_threaded_looped,python,hybrid_mpi_threaded,looped,128,400,upwind,RBGS,2500.0,250.0,16.0,4,4.0,3.0,2590.9779550000003,2618.800459,2621.8750059999998,1.0,9838.8548,3.7526,0.23453800000000002,,,,,
hybrid,hybrid_case_15,15,case1_N128_Re400_upwind_steps2500_p250,python_hybrid_mpi_threaded_looped,python,hybrid_mpi_threaded,looped,128,400,upwind,RBSOR,2500.0,250.0,16.0,4,4.0,3.0,2021.7155469999998,2025.908643,2026.846372,1.0,7237.482024,3.57081,0.223176,,,,,
hybrid,hybrid_case_15,15,case1_N128_Re400_upwind_steps2500_p250,python_hybrid_mpi_threaded_vectorized,python,hybrid_mpi_threaded,vectorized,128,400,upwind,RBGS,2500.0,250.0,1.0,1,1.0,3.0,407.86535810000004,410.5390407,411.15716360000005,1.0,411.15716360000005,1.0,1.0,,,,,
hybrid,hybrid_case_15,15,case1_N128_Re400_upwind_steps2500_p250,python_hybrid_mpi_threaded_vectorized,python,hybrid_mpi_threaded,vectorized,128,400,upwind,RBSOR,2500.0,250.0,1.0,1,1.0,3.0,319.43356919999997,320.9752503,321.189409,1.0,321.189409,1.0,1.0,,,,,
hybrid,hybrid_case_15,15,case1_N128_Re400_upwind_steps2500_p250,python_hybrid_mpi_threaded_vectorized,python,hybrid_mpi_threaded,vectorized,128,400,upwind,RBGS,2500.0,250.0,2.0,1,2.0,3.0,408.2022588,410.340419,409.8507311,1.0,411.15716360000005,1.00319,0.501594,,,,,
hybrid,hybrid_case_15,15,case1_N128_Re400_upwind_steps2500_p250,python_hybrid_mpi_threaded_vectorized,python,hybrid_mpi_threaded,vectorized,128,400,upwind,RBSOR,2500.0,250.0,2.0,1,2.0,3.0,317.4964731,318.9446175,318.59880039999996,1.0,321.189409,1.00813,0.504066,,,,,
hybrid,hybrid_case_15,15,case1_N128_Re400_upwind_steps2500_p250,python_hybrid_mpi_threaded_vectorized,python,hybrid_mpi_threaded,vectorized,128,400,upwind,RBGS,2500.0,250.0,4.0,2,2.0,3.0,226.80808829999998,227.28662740000001,227.03691580000003,1.0,411.15716360000005,1.81097,0.452743,,,,,
hybrid,hybrid_case_15,15,case1_N128_Re400_upwind_steps2500_p250,python_hybrid_mpi_threaded_vectorized,python,hybrid_mpi_threaded,vectorized,128,400,upwind,RBSOR,2500.0,250.0,4.0,2,2.0,3.0,176.6279128,176.83183280000003,176.8069944,1.0,321.189409,1.8166099999999998,0.454153,,,,,
hybrid,hybrid_case_15,15,case1_N128_Re400_upwind_steps2500_p250,python_hybrid_mpi_threaded_vectorized,python,hybrid_mpi_threaded,vectorized,128,400,upwind,RBGS,2500.0,250.0,8.0,4,2.0,3.0,134.7924175,134.9174506,134.89752819999998,1.0,411.15716360000005,3.04792,0.38099,,,,,
hybrid,hybrid_case_15,15,case1_N128_Re400_upwind_steps2500_p250,python_hybrid_mpi_threaded_vectorized,python,hybrid_mpi_threaded,vectorized,128,400,upwind,RBSOR,2500.0,250.0,8.0,4,2.0,3.0,104.7177875,105.57441850000001,105.93812109999999,1.0,321.189409,3.03186,0.37898200000000004,,,,,
hybrid,hybrid_case_15,15,case1_N128_Re400_upwind_steps2500_p250,python_hybrid_mpi_threaded_vectorized,python,hybrid_mpi_threaded,vectorized,128,400,upwind,RBGS,2500.0,250.0,16.0,4,4.0,3.0,135.1543949,135.373314,135.3483856,1.0,411.15716360000005,3.03777,0.189861,,,,,
hybrid,hybrid_case_15,15,case1_N128_Re400_upwind_steps2500_p250,python_hybrid_mpi_threaded_vectorized,python,hybrid_mpi_threaded,vectorized,128,400,upwind,RBSOR,2500.0,250.0,16.0,4,4.0,3.0,104.54619170000001,104.845454,104.9888394,1.0,321.189409,3.05927,0.19120399999999999,,,,,
hybrid,hybrid_case_16,16,case1_N128_Re400_central_steps2500_p250,python_hybrid_mpi_threaded_looped,python,hybrid_mpi_threaded,looped,128,400,central,RBGS,2500.0,250.0,1.0,1,1.0,3.0,9804.510057,10031.52968,9931.066284,1.0,9931.066284,1.0,1.0,,,,,
hybrid,hybrid_case_16,16,case1_N128_Re400_central_steps2500_p250,python_hybrid_mpi_threaded_looped,python,hybrid_mpi_threaded,looped,128,400,central,RBSOR,2500.0,250.0,1.0,1,1.0,3.0,7606.299864,7788.600364,7613.105654999999,1.0,7613.105654999999,1.0,1.0,,,,,
hybrid,hybrid_case_16,16,case1_N128_Re400_central_steps2500_p250,python_hybrid_mpi_threaded_looped,python,hybrid_mpi_threaded,looped,128,400,central,RBGS,2500.0,250.0,2.0,1,2.0,3.0,9933.920431999999,10103.69317,10061.35881,1.0,9931.066284,0.98705,0.493525,,,,,
hybrid,hybrid_case_16,16,case1_N128_Re400_central_steps2500_p250,python_hybrid_mpi_threaded_looped,python,hybrid_mpi_threaded,looped,128,400,central,RBSOR,2500.0,250.0,2.0,1,2.0,3.0,7566.475694,7787.014286,7875.927662,1.0,7613.105654999999,0.9666299999999999,0.48331499999999994,,,,,
hybrid,hybrid_case_16,16,case1_N128_Re400_central_steps2500_p250,python_hybrid_mpi_threaded_looped,python,hybrid_mpi_threaded,looped,128,400,central,RBGS,2500.0,250.0,4.0,2,2.0,3.0,5257.45387,5455.178497,5422.040853,1.0,9931.066284,1.83161,0.45790299999999995,,,,,
hybrid,hybrid_case_16,16,case1_N128_Re400_central_steps2500_p250,python_hybrid_mpi_threaded_looped,python,hybrid_mpi_threaded,looped,128,400,central,RBSOR,2500.0,250.0,4.0,2,2.0,3.0,4068.051735,4074.93574,4077.990789,1.0,7613.105654999999,1.8668799999999999,0.46671899999999994,,,,,
hybrid,hybrid_case_16,16,case1_N128_Re400_central_steps2500_p250,python_hybrid_mpi_threaded_looped,python,hybrid_mpi_threaded,looped,128,400,central,RBGS,2500.0,250.0,8.0,4,2.0,3.0,2675.434303,2745.278671,2738.523707,1.0,9931.066284,3.6264300000000005,0.453304,,,,,
hybrid,hybrid_case_16,16,case1_N128_Re400_central_steps2500_p250,python_hybrid_mpi_threaded_looped,python,hybrid_mpi_threaded,looped,128,400,central,RBSOR,2500.0,250.0,8.0,4,2.0,3.0,2095.063249,2118.815506,2111.847609,1.0,7613.105654999999,3.60495,0.45061899999999994,,,,,
hybrid,hybrid_case_16,16,case1_N128_Re400_central_steps2500_p250,python_hybrid_mpi_threaded_looped,python,hybrid_mpi_threaded,looped,128,400,central,RBGS,2500.0,250.0,16.0,4,4.0,3.0,2716.046266,2793.789543,2825.200662,1.0,9931.066284,3.51517,0.219698,,,,,
hybrid,hybrid_case_16,16,case1_N128_Re400_central_steps2500_p250,python_hybrid_mpi_threaded_looped,python,hybrid_mpi_threaded,looped,128,400,central,RBSOR,2500.0,250.0,16.0,4,4.0,3.0,2034.263709,2064.698518,2060.259956,1.0,7613.105654999999,3.6952199999999995,0.23095100000000002,,,,,
hybrid,hybrid_case_16,16,case1_N128_Re400_central_steps2500_p250,python_hybrid_mpi_threaded_vectorized,python,hybrid_mpi_threaded,vectorized,128,400,central,RBGS,2500.0,250.0,1.0,1,1.0,3.0,426.6911285,430.6078585,430.13718650000004,1.0,430.13718650000004,1.0,1.0,,,,,
hybrid,hybrid_case_16,16,case1_N128_Re400_central_steps2500_p250,python_hybrid_mpi_threaded_vectorized,python,hybrid_mpi_threaded,vectorized,128,400,central,RBSOR,2500.0,250.0,1.0,1,1.0,3.0,326.8058889,328.5999885,328.4230862,1.0,328.4230862,1.0,1.0,,,,,
hybrid,hybrid_case_16,16,case1_N128_Re400_central_steps2500_p250,python_hybrid_mpi_threaded_vectorized,python,hybrid_mpi_threaded,vectorized,128,400,central,RBGS,2500.0,250.0,2.0,1,2.0,3.0,437.64748719999994,438.0788888999999,438.0802701,1.0,430.13718650000004,0.9818680000000001,0.49093400000000004,,,,,
hybrid,hybrid_case_16,16,case1_N128_Re400_central_steps2500_p250,python_hybrid_mpi_threaded_vectorized,python,hybrid_mpi_threaded,vectorized,128,400,central,RBSOR,2500.0,250.0,2.0,1,2.0,3.0,333.56595560000005,334.01359610000003,333.84187099999997,1.0,328.4230862,0.983768,0.491884,,,,,
hybrid,hybrid_case_16,16,case1_N128_Re400_central_steps2500_p250,python_hybrid_mpi_threaded_vectorized,python,hybrid_mpi_threaded,vectorized,128,400,central,RBGS,2500.0,250.0,4.0,2,2.0,3.0,241.1801937,242.591754,242.95622630000003,1.0,430.13718650000004,1.77043,0.442608,,,,,
hybrid,hybrid_case_16,16,case1_N128_Re400_central_steps2500_p250,python_hybrid_mpi_threaded_vectorized,python,hybrid_mpi_threaded,vectorized,128,400,central,RBSOR,2500.0,250.0,4.0,2,2.0,3.0,184.36460659999997,184.934024,184.9720488,1.0,328.4230862,1.7755299999999998,0.44388199999999994,,,,,
hybrid,hybrid_case_16,16,case1_N128_Re400_central_steps2500_p250,python_hybrid_mpi_threaded_vectorized,python,hybrid_mpi_threaded,vectorized,128,400,central,RBGS,2500.0,250.0,8.0,4,2.0,3.0,143.70895890000003,144.1857909,144.15936259999998,1.0,430.13718650000004,2.9837599999999997,0.37296999999999997,,,,,
hybrid,hybrid_case_16,16,case1_N128_Re400_central_steps2500_p250,python_hybrid_mpi_threaded_vectorized,python,hybrid_mpi_threaded,vectorized,128,400,central,RBSOR,2500.0,250.0,8.0,4,2.0,3.0,109.353981,109.59448130000001,109.3638096,1.0,328.4230862,3.00303,0.375379,,,,,
hybrid,hybrid_case_16,16,case1_N128_Re400_central_steps2500_p250,python_hybrid_mpi_threaded_vectorized,python,hybrid_mpi_threaded,vectorized,128,400,central,RBGS,2500.0,250.0,16.0,4,4.0,3.0,143.420296,143.6714083,143.6338146,1.0,430.13718650000004,2.99468,0.187167,,,,,
hybrid,hybrid_case_16,16,case1_N128_Re400_central_steps2500_p250,python_hybrid_mpi_threaded_vectorized,python,hybrid_mpi_threaded,vectorized,128,400,central,RBSOR,2500.0,250.0,16.0,4,4.0,3.0,109.4568446,110.06191159999999,110.188024,1.0,328.4230862,2.98057,0.18628599999999998,,,,,
hybrid,hybrid_case_17,17,case1_N128_Re1000_upwind_steps4000_p300,python_hybrid_mpi_threaded_looped,python,hybrid_mpi_threaded,looped,128,1000,upwind,RBGS,4000.0,300.0,1.0,1,1.0,3.0,11326.27939,11452.89436,11497.80174,1.0,11497.80174,1.0,1.0,,,,,
hybrid,hybrid_case_17,17,case1_N128_Re1000_upwind_steps4000_p300,python_hybrid_mpi_threaded_looped,python,hybrid_mpi_threaded,looped,128,1000,upwind,RBSOR,4000.0,300.0,1.0,1,1.0,3.0,8927.120937,8985.53778,8959.618448000001,1.0,8959.618448000001,1.0,1.0,,,,,
hybrid,hybrid_case_17,17,case1_N128_Re1000_upwind_steps4000_p300,python_hybrid_mpi_threaded_looped,python,hybrid_mpi_threaded,looped,128,1000,upwind,RBGS,4000.0,300.0,2.0,1,2.0,3.0,10862.22532,11377.408609999999,11469.89049,1.0,11497.80174,1.00243,0.501217,,,,,
hybrid,hybrid_case_17,17,case1_N128_Re1000_upwind_steps4000_p300,python_hybrid_mpi_threaded_looped,python,hybrid_mpi_threaded,looped,128,1000,upwind,RBSOR,4000.0,300.0,2.0,1,2.0,3.0,8887.903099,8993.328483,9037.150793,1.0,8959.618448000001,0.9914209999999999,0.49571000000000004,,,,,
hybrid,hybrid_case_17,17,case1_N128_Re1000_upwind_steps4000_p300,python_hybrid_mpi_threaded_looped,python,hybrid_mpi_threaded,looped,128,1000,upwind,RBGS,4000.0,300.0,4.0,2,2.0,3.0,5913.4322329999995,6004.029177,6047.879327000001,1.0,11497.80174,1.90113,0.475282,,,,,
hybrid,hybrid_case_17,17,case1_N128_Re1000_upwind_steps4000_p300,python_hybrid_mpi_threaded_looped,python,hybrid_mpi_threaded,looped,128,1000,upwind,RBSOR,4000.0,300.0,4.0,2,2.0,3.0,4628.251901,4661.6442369999995,4669.997259000001,1.0,8959.618448000001,1.91855,0.479637,,,,,
hybrid,hybrid_case_17,17,case1_N128_Re1000_upwind_steps4000_p300,python_hybrid_mpi_threaded_looped,python,hybrid_mpi_threaded,looped,128,1000,upwind,RBGS,4000.0,300.0,8.0,4,2.0,3.0,3027.6533719999998,3060.115214,3068.00868,1.0,11497.80174,3.74764,0.468455,,,,,
hybrid,hybrid_case_17,17,case1_N128_Re1000_upwind_steps4000_p300,python_hybrid_mpi_threaded_looped,python,hybrid_mpi_threaded,looped,128,1000,upwind,RBSOR,4000.0,300.0,8.0,4,2.0,3.0,2405.616704,2431.660266,2434.390605,1.0,8959.618448000001,3.68044,0.460054,,,,,
hybrid,hybrid_case_17,17,case1_N128_Re1000_upwind_steps4000_p300,python_hybrid_mpi_threaded_looped,python,hybrid_mpi_threaded,looped,128,1000,upwind,RBGS,4000.0,300.0,16.0,4,4.0,3.0,2951.902357,3049.5559399999997,3093.131248,1.0,11497.80174,3.7172,0.232325,,,,,
hybrid,hybrid_case_17,17,case1_N128_Re1000_upwind_steps4000_p300,python_hybrid_mpi_threaded_looped,python,hybrid_mpi_threaded,looped,128,1000,upwind,RBSOR,4000.0,300.0,16.0,4,4.0,3.0,2380.2494890000003,2412.063348,2394.981118,1.0,8959.618448000001,3.741,0.233812,,,,,
hybrid,hybrid_case_17,17,case1_N128_Re1000_upwind_steps4000_p300,python_hybrid_mpi_threaded_vectorized,python,hybrid_mpi_threaded,vectorized,128,1000,upwind,RBGS,4000.0,300.0,1.0,1,1.0,3.0,469.8300676,473.76039410000004,473.52360219999997,1.0,473.52360219999997,1.0,1.0,,,,,
hybrid,hybrid_case_17,17,case1_N128_Re1000_upwind_steps4000_p300,python_hybrid_mpi_threaded_vectorized,python,hybrid_mpi_threaded,vectorized,128,1000,upwind,RBSOR,4000.0,300.0,1.0,1,1.0,3.0,374.21930380000003,378.0986365,375.79101349999996,1.0,375.79101349999996,1.0,1.0,,,,,
hybrid,hybrid_case_17,17,case1_N128_Re1000_upwind_steps4000_p300,python_hybrid_mpi_threaded_vectorized,python,hybrid_mpi_threaded,vectorized,128,1000,upwind,RBGS,4000.0,300.0,2.0,1,2.0,3.0,477.3408573,481.4808716,481.7216258,1.0,473.52360219999997,0.982982,0.491491,,,,,
hybrid,hybrid_case_17,17,case1_N128_Re1000_upwind_steps4000_p300,python_hybrid_mpi_threaded_vectorized,python,hybrid_mpi_threaded,vectorized,128,1000,upwind,RBSOR,4000.0,300.0,2.0,1,2.0,3.0,364.4181588,372.0047448,375.2900369,1.0,375.79101349999996,1.0013299999999998,0.500667,,,,,
hybrid,hybrid_case_17,17,case1_N128_Re1000_upwind_steps4000_p300,python_hybrid_mpi_threaded_vectorized,python,hybrid_mpi_threaded,vectorized,128,1000,upwind,RBGS,4000.0,300.0,4.0,2,2.0,3.0,265.9511793,266.0667054,266.0778034,1.0,473.52360219999997,1.77964,0.44491099999999995,,,,,
hybrid,hybrid_case_17,17,case1_N128_Re1000_upwind_steps4000_p300,python_hybrid_mpi_threaded_vectorized,python,hybrid_mpi_threaded,vectorized,128,1000,upwind,RBSOR,4000.0,300.0,4.0,2,2.0,3.0,207.21370080000003,207.6602675,207.3388271,1.0,375.79101349999996,1.81245,0.453112,,,,,
hybrid,hybrid_case_17,17,case1_N128_Re1000_upwind_steps4000_p300,python_hybrid_mpi_threaded_vectorized,python,hybrid_mpi_threaded,vectorized,128,1000,upwind,RBGS,4000.0,300.0,8.0,4,2.0,3.0,157.7488022,158.2683576,157.8944051,1.0,473.52360219999997,2.99899,0.374874,,,,,
hybrid,hybrid_case_17,17,case1_N128_Re1000_upwind_steps4000_p300,python_hybrid_mpi_threaded_vectorized,python,hybrid_mpi_threaded,vectorized,128,1000,upwind,RBSOR,4000.0,300.0,8.0,4,2.0,3.0,123.2240167,123.47989380000001,123.2260361,1.0,375.79101349999996,3.04961,0.381201,,,,,
hybrid,hybrid_case_17,17,case1_N128_Re1000_upwind_steps4000_p300,python_hybrid_mpi_threaded_vectorized,python,hybrid_mpi_threaded,vectorized,128,1000,upwind,RBGS,4000.0,300.0,16.0,4,4.0,3.0,158.03509519999997,158.2366561,158.2935619,1.0,473.52360219999997,2.99143,0.18696400000000002,,,,,
hybrid,hybrid_case_17,17,case1_N128_Re1000_upwind_steps4000_p300,python_hybrid_mpi_threaded_vectorized,python,hybrid_mpi_threaded,vectorized,128,1000,upwind,RBSOR,4000.0,300.0,16.0,4,4.0,3.0,122.87438799999998,123.3283203,123.4885628,1.0,375.79101349999996,3.04312,0.190195,,,,,
hybrid,hybrid_case_18,18,case1_N128_Re1000_central_steps4000_p300,python_hybrid_mpi_threaded_looped,python,hybrid_mpi_threaded,looped,128,1000,central,RBGS,4000.0,300.0,1.0,1,1.0,3.0,12602.16884,12989.540009999999,12682.968420000001,1.0,12682.968420000001,1.0,1.0,,,,,
hybrid,hybrid_case_18,18,case1_N128_Re1000_central_steps4000_p300,python_hybrid_mpi_threaded_looped,python,hybrid_mpi_threaded,looped,128,1000,central,RBSOR,4000.0,300.0,1.0,1,1.0,3.0,9488.543937999999,9930.406554000001,10131.54748,1.0,10131.54748,1.0,1.0,,,,,
hybrid,hybrid_case_18,18,case1_N128_Re1000_central_steps4000_p300,python_hybrid_mpi_threaded_looped,python,hybrid_mpi_threaded,looped,128,1000,central,RBGS,4000.0,300.0,2.0,1,2.0,3.0,12961.79823,13402.35836,13368.05952,1.0,12682.968420000001,0.948752,0.474376,,,,,
hybrid,hybrid_case_18,18,case1_N128_Re1000_central_steps4000_p300,python_hybrid_mpi_threaded_looped,python,hybrid_mpi_threaded,looped,128,1000,central,RBSOR,4000.0,300.0,2.0,1,2.0,3.0,9658.483040000001,10123.583690000001,10224.07544,1.0,10131.54748,0.99095,0.495475,,,,,
hybrid,hybrid_case_18,18,case1_N128_Re1000_central_steps4000_p300,python_hybrid_mpi_threaded_looped,python,hybrid_mpi_threaded,looped,128,1000,central,RBGS,4000.0,300.0,4.0,2,2.0,3.0,6760.582670999999,6989.538259,7052.717361,1.0,12682.968420000001,1.7983099999999999,0.44957700000000006,,,,,
hybrid,hybrid_case_18,18,case1_N128_Re1000_central_steps4000_p300,python_hybrid_mpi_threaded_looped,python,hybrid_mpi_threaded,looped,128,1000,central,RBSOR,4000.0,300.0,4.0,2,2.0,3.0,5255.3569,5372.845504999999,5256.365373,1.0,10131.54748,1.9274799999999999,0.48186999999999997,,,,,
hybrid,hybrid_case_18,18,case1_N128_Re1000_central_steps4000_p300,python_hybrid_mpi_threaded_looped,python,hybrid_mpi_threaded,looped,128,1000,central,RBGS,4000.0,300.0,8.0,4,2.0,3.0,3479.186507,3566.5616700000005,3552.9909780000003,1.0,12682.968420000001,3.56966,0.44620699999999996,,,,,
hybrid,hybrid_case_18,18,case1_N128_Re1000_central_steps4000_p300,python_hybrid_mpi_threaded_looped,python,hybrid_mpi_threaded,looped,128,1000,central,RBSOR,4000.0,300.0,8.0,4,2.0,3.0,2645.495609,2668.369091,2677.002523,1.0,10131.54748,3.7846599999999997,0.473083,,,,,
hybrid,hybrid_case_18,18,case1_N128_Re1000_central_steps4000_p300,python_hybrid_mpi_threaded_looped,python,hybrid_mpi_threaded,looped,128,1000,central,RBGS,4000.0,300.0,16.0,4,4.0,3.0,3510.305506,3528.4007950000005,3536.119757,1.0,12682.968420000001,3.58669,0.22416799999999998,,,,,
hybrid,hybrid_case_18,18,case1_N128_Re1000_central_steps4000_p300,python_hybrid_mpi_threaded_looped,python,hybrid_mpi_threaded,looped,128,1000,central,RBSOR,4000.0,300.0,16.0,4,4.0,3.0,2646.585407,2682.487609,2660.0424359999997,1.0,10131.54748,3.80879,0.23804899999999998,,,,,
hybrid,hybrid_case_18,18,case1_N128_Re1000_central_steps4000_p300,python_hybrid_mpi_threaded_vectorized,python,hybrid_mpi_threaded,vectorized,128,1000,central,RBGS,4000.0,300.0,1.0,1,1.0,3.0,569.0092731000001,571.0243723,571.9721119,1.0,571.9721119,1.0,1.0,,,,,
hybrid,hybrid_case_18,18,case1_N128_Re1000_central_steps4000_p300,python_hybrid_mpi_threaded_vectorized,python,hybrid_mpi_threaded,vectorized,128,1000,central,RBSOR,4000.0,300.0,1.0,1,1.0,3.0,426.405968,427.03076789999994,427.16971950000004,1.0,427.16971950000004,1.0,1.0,,,,,
hybrid,hybrid_case_18,18,case1_N128_Re1000_central_steps4000_p300,python_hybrid_mpi_threaded_vectorized,python,hybrid_mpi_threaded,vectorized,128,1000,central,RBGS,4000.0,300.0,2.0,1,2.0,3.0,560.8664908,566.6402545,566.6858718,1.0,571.9721119,1.0093299999999998,0.504664,,,,,
hybrid,hybrid_case_18,18,case1_N128_Re1000_central_steps4000_p300,python_hybrid_mpi_threaded_vectorized,python,hybrid_mpi_threaded,vectorized,128,1000,central,RBSOR,4000.0,300.0,2.0,1,2.0,3.0,421.0268989,424.68162520000004,426.07189680000005,1.0,427.16971950000004,1.00258,0.501288,,,,,
hybrid,hybrid_case_18,18,case1_N128_Re1000_central_steps4000_p300,python_hybrid_mpi_threaded_vectorized,python,hybrid_mpi_threaded,vectorized,128,1000,central,RBGS,4000.0,300.0,4.0,2,2.0,3.0,314.7419102,316.3434651,316.968595,1.0,571.9721119,1.8045099999999998,0.45112700000000006,,,,,
hybrid,hybrid_case_18,18,case1_N128_Re1000_central_steps4000_p300,python_hybrid_mpi_threaded_vectorized,python,hybrid_mpi_threaded,vectorized,128,1000,central,RBSOR,4000.0,300.0,4.0,2,2.0,3.0,236.32515840000002,236.79649869999997,236.3284605,1.0,427.16971950000004,1.8075299999999999,0.45188100000000003,,,,,
hybrid,hybrid_case_18,18,case1_N128_Re1000_central_steps4000_p300,python_hybrid_mpi_threaded_vectorized,python,hybrid_mpi_threaded,vectorized,128,1000,central,RBGS,4000.0,300.0,8.0,4,2.0,3.0,186.64820480000003,186.8740803,186.6645236,1.0,571.9721119,3.0641700000000003,0.383021,,,,,
hybrid,hybrid_case_18,18,case1_N128_Re1000_central_steps4000_p300,python_hybrid_mpi_threaded_vectorized,python,hybrid_mpi_threaded,vectorized,128,1000,central,RBSOR,4000.0,300.0,8.0,4,2.0,3.0,139.96824569999998,140.2268253,140.23768,1.0,427.16971950000004,3.04604,0.380755,,,,,
hybrid,hybrid_case_18,18,case1_N128_Re1000_central_steps4000_p300,python_hybrid_mpi_threaded_vectorized,python,hybrid_mpi_threaded,vectorized,128,1000,central,RBGS,4000.0,300.0,16.0,4,4.0,3.0,187.8421285,188.1564057,188.12570359999998,1.0,571.9721119,3.0403700000000002,0.190023,,,,,
hybrid,hybrid_case_18,18,case1_N128_Re1000_central_steps4000_p300,python_hybrid_mpi_threaded_vectorized,python,hybrid_mpi_threaded,vectorized,128,1000,central,RBSOR,4000.0,300.0,16.0,4,4.0,3.0,139.86218169999998,140.05675359999998,140.0891569,1.0,427.16971950000004,3.04927,0.190579,,,,,
